-0.794,-1.103,-0.528,-0.268,-1.7,-0.928,-1.33,-0.388,-0.475,-1.516,0.1,-0.272,-1.939,-1.432,-1.023,-1.646,-1.557,-0.593,-0.059,-0.379,-0.715,-0.188,-0.022,-0.494,-0.114,-0.206,-0.232,0.434,-0.267,-0.407,-1.015,-0.229,-0.163,-0.278,-0.181,-0.89,1
-0.964,-0.891,-0.749,-0.762,-1.364,-0.67,-1.189,-0.22,-0.274,-1.324,0.128,0.039,-1.949,-1.283,-0.556,-1.418,-1.424,-0.225,0.127,-0.303,-0.439,-0.032,-0.039,-0.381,0.002,-0.142,-0.22,0.431,-0.28,-1.098,-0.929,-0.393,-0.161,-0.123,-0.025,-0.636,1
-1.112,-0.853,-0.685,-0.219,-1.736,-0.861,-1.245,-0.457,-0.504,-1.655,0.117,-0.113,-1.991,-1.385,-0.565,-1.561,-1.484,-0.392,-0.07,-0.487,-0.727,-0.154,-0.034,-0.504,-0.037,-0.465,-0.273,0.229,-0.404,-0.385,-0.969,-0.487,-0.407,-0.258,0.06,-0.913,1
-1.138,-0.76,-0.556,-0.723,-1.631,-0.715,-1.168,-0.453,-0.357,-1.17,0.062,0.057,-1.862,-1.309,-0.58,-1.312,-1.363,-0.323,0.244,-0.345,-0.613,-0.09,0.011,-0.388,0.044,-0.114,-0.359,0.299,-0.456,-0.29,-1.024,-0.587,-0.332,-0.301,0.292,-0.927,1
-0.927,-0.902,-0.782,-1.088,-1.746,-0.786,-1.323,-0.466,-0.538,-1.593,0.011,-0.137,-2.116,-1.57,-0.603,-1.389,-1.519,-0.334,0.112,-0.544,-0.699,-0.411,-0.087,-0.528,0.11,-0.559,-0.29,0.287,-0.559,-0.401,-0.967,-0.532,-0.386,-0.361,0.126,-0.976,1
-0.637,-0.773,-0.533,-0.898,-1.532,-0.527,-1.197,-0.298,-0.3,-1.371,0.119,0.115,-1.913,-1.49,-0.555,-1.253,-1.317,-0.258,0.131,-0.427,-0.516,-0.188,0.029,-0.419,0.364,-0.044,-0.314,0.299,-0.458,-0.377,-0.973,-0.431,-0.428,-0.237,0.256,-1.162,1
-0.765,-1.023,-0.67,-1.018,-1.774,-0.751,-1.368,-0.465,-0.615,-1.757,0.03,-0.158,-2.018,-1.551,-0.602,-1.433,-1.441,-0.437,0.021,-0.852,-0.833,-0.579,-0.088,-0.66,-0.01,-0.588,-0.363,0.277,-0.438,-0.519,-1.046,-0.575,-0.303,-0.464,0.063,-1.086,1
-0.705,-0.753,-0.635,-0.935,-1.568,-0.464,-1.199,-0.19,-0.345,-1.32,0.082,0.056,-1.881,-1.384,-0.431,-1.206,-1.287,-0.312,0.114,-0.49,-0.665,-0.333,-0.024,-0.565,0.534,-0.093,-0.385,0.196,-0.542,-0.466,-1.046,-0.518,-0.417,-0.318,0.27,-1.282,1
-1.914,-1.887,-2.083,-1.233,-2.771,-2.446,-1.678,-0.883,-1.089,-2.162,-1.251,-1.304,-3.252,-1.678,-2.34,-1.598,-2.706,-1.316,0.887,-0.015,-0.136,-0.028,-0.003,-0.01,0.024,-0.005,0.003,0.002,-0.002,-0.006,-0.178,0.001,0.573,-0.008,0.002,-0.149,1
-1.645,-1.217,-1.245,-0.953,-2.317,-2.154,-1.748,-0.889,-0.82,-1.765,-0.941,-0.975,-2.049,-1.331,-1.929,-1.429,-2.038,-0.685,0.792,-0.004,-0.006,-0.025,-0.002,-0.01,0.052,0,0.251,0,-0.002,-0.002,-0.072,0.001,0.487,-0.008,0.001,-0.093,1
-0.942,-0.946,-1.01,-1.252,-1.838,-0.901,-1.699,-0.432,-0.525,-1.973,-0.023,-0.372,-2.347,-1.754,-0.723,-1.658,-1.464,-0.481,-0.065,-0.94,-0.724,-2.531,-0.339,-1.072,0.194,-0.446,-0.57,0.205,-0.665,-1.069,-1.06,-0.709,-0.507,-0.598,0.053,-1.308,1
-0.814,-0.857,-0.542,-1.031,-1.589,-0.482,-1.335,-0.29,-0.357,-1.558,0.032,-0.121,-2.034,-1.704,-0.526,-1.348,-1.238,-0.391,-0.226,-0.422,-0.948,-0.624,-0.247,-0.855,0.163,-0.341,-0.522,0.164,-0.64,-0.563,-1.018,-0.608,-0.525,-0.42,0.326,-1.51,1
-1,-0.97,-0.911,-1.084,-1.76,-0.759,-1.489,-0.581,-0.521,-1.974,-0.239,-0.44,-2.331,-1.662,-0.594,-1.659,-1.522,-0.53,-0.245,-1.305,-0.71,-2.912,-0.215,-1.004,0.446,-0.651,-0.431,0.101,-0.653,-0.923,-1.09,-0.752,-0.429,-0.731,0.044,-1.3,1
-0.842,-0.804,-0.612,-1.01,-1.586,-0.519,-1.236,-0.28,-0.416,-1.422,0.002,-0.134,-2.132,-1.654,-0.499,-1.247,-1.306,-0.428,-0.331,-0.343,-0.753,-1.014,-0.212,-0.835,0.231,-0.267,-0.509,0.126,-0.609,-0.583,-1.086,-0.624,-0.362,-0.461,0.239,-1.626,1
-1.102,-0.968,-0.831,-1.119,-1.703,-0.853,-1.478,-0.26,-0.541,-1.94,-0.105,-0.549,-2.397,-1.625,-0.591,-1.615,-1.441,-0.622,-0.305,-1.098,-0.642,-3.166,-0.282,-1.436,0.28,-0.508,-0.506,0.095,-0.713,-1.014,-1.225,-0.604,-0.34,-0.657,0.075,-1.281,1
-0.785,-0.803,-0.759,-0.981,-1.565,-0.582,-1.401,-0.236,-0.432,-1.384,0.036,-0.109,-2.05,-1.69,-0.334,-1.273,-1.272,-0.415,-0.463,-0.61,-0.763,-0.961,-0.204,-0.812,0.725,-0.2,-0.513,0.148,-0.57,-0.542,-0.93,-0.575,-0.365,-0.553,0.137,-1.545,1
-0.86,-0.795,-0.787,-1.079,-1.614,-0.601,-1.444,-0.179,-0.39,-1.361,-0.029,-0.099,-2.045,-1.756,-0.422,-1.368,-1.335,-0.392,0.099,-0.606,-0.795,-0.976,-0.224,-0.946,0.631,-0.236,-0.623,0.052,-0.707,-0.654,-0.988,-0.686,-0.392,-0.495,0.164,-1.118,1
-0.914,-0.938,-1.089,-1.164,-1.821,-0.811,-1.591,-0.408,-0.507,-1.774,0.003,-0.592,-2.457,-1.696,-0.496,-1.562,-1.524,-0.908,-0.104,-0.97,-0.877,-1.281,-0.407,-1.231,0.009,-0.573,-0.667,0.027,-0.748,-0.888,-0.777,-0.789,-0.392,-0.731,-0.129,-0.938,1
-0.817,-0.858,-0.746,-0.979,-1.536,-0.565,-1.472,-0.302,-0.406,-1.252,0.036,-0.164,-2.025,-1.669,-0.493,-1.322,-1.414,-0.38,0.163,-0.556,-0.668,-0.804,-0.34,-0.85,0.279,-0.228,-0.663,-0.105,-0.691,-0.51,-1.085,-0.71,-0.247,-0.337,0.171,-0.964,1
-1.095,-0.992,-0.83,-1.137,-1.66,-0.768,-1.67,-0.405,-0.473,-1.509,-0.092,-0.562,-2.353,-1.51,-0.613,-1.305,-1.621,-0.518,0.022,-0.935,-0.668,-1.109,-0.39,-1.036,0.012,-0.473,-0.642,-0.065,-0.674,-0.809,-1.024,-0.94,-0.513,-0.779,-0.076,-0.94,1
-0.835,-0.849,-0.666,-0.959,-1.577,-0.456,-1.43,-0.057,-0.293,-1.223,-0.202,-0.172,-2.031,-1.478,-0.413,-1.192,-1.591,-0.38,0.288,-0.519,-0.765,-0.628,-0.34,-0.886,0.124,-0.274,-0.653,0.086,-0.612,-0.551,-0.946,-0.694,-0.308,-0.461,0.154,-0.964,1
-0.958,-1.008,-0.784,-0.901,-1.819,-0.724,-1.72,-0.355,-0.462,-1.281,-0.132,-0.407,-2.351,-1.468,-0.424,-1.262,-1.603,-0.724,-1.104,-0.905,-0.776,-0.673,-0.446,-0.843,0.16,-0.509,-0.603,-0.085,-0.749,-0.678,-1.085,-1.017,-0.468,-0.696,-0.075,-0.904,1
-0.883,-0.899,-0.62,-0.889,-1.573,-0.597,-1.327,-0.183,-0.234,-1.257,-0.064,-0.334,-2.088,-1.466,-0.387,-1.067,-1.357,-0.299,0.296,-0.452,-0.572,-0.613,-0.442,-0.86,-0.033,-0.216,-0.575,-0.064,-0.594,-0.456,-0.964,-0.716,-0.283,-0.378,0.134,-0.888,1
-1.528,-1.841,-1.44,-2.954,-2.898,-2.516,-2.245,-1.28,-1.851,-1.491,-0.677,-1.88,-3.338,-1.063,-3.829,-1.729,-2.53,-1.192,-3.166,-3.216,-2.255,-1.367,-1.058,-2.072,-0.141,-2.949,-1.322,-1.863,-1.792,-2.088,-1.902,-1.412,-2.581,-2.033,-1.272,-1.992,2
-1.463,-1.946,-0.958,-1.232,-2.327,-1.287,-1.795,-0.748,-0.474,-2.041,-0.994,-1.342,-2.962,-1.23,-2.108,-2.204,-2.04,-1.224,-3.155,-1.946,-1.818,-1.8,-1.135,-1.973,-0.64,-1.455,-0.89,-1.003,-1.239,-1.724,-2.426,-1.706,-3.126,-1.512,-0.876,-2.465,2
-1.66,-1.732,-1.623,-1.687,-3.179,-2.655,-1.851,-1.543,-1.767,-2.618,-1.023,-1.985,-3.138,-1.773,-3.087,-2.453,-3.001,-1.709,-2.092,-0.345,-2,-0.21,1.745,-1.46,0.85,-0.575,-0.774,-0.263,-0.9,-1.303,-0.584,-0.997,-0.702,-0.656,-0.186,-1.329,7
-1.682,-1.646,-1.723,-1.522,-2.926,-2.306,-1.864,-1.225,-1.434,-2.718,-1.553,-1.562,-2.842,-1.717,-2.471,-2.516,-2.78,-1.385,-1.016,-1.013,-2.187,-0.4,-0.349,-1.361,0.439,-0.691,-0.726,0.022,-0.673,-1.074,-1.023,-0.971,-0.802,-0.626,-0.488,-1.649,7
-1.599,-1.673,-1.691,-1.605,-3.403,-2.45,-1.829,-1.035,-2.19,-2.579,-1.581,-1.866,-3.101,-2.078,-2.834,-2.534,-3.097,-1.199,-1.083,-0.338,-4.651,-0.392,-0.274,-1.144,1.438,-0.466,-0.49,-0.116,-0.873,-1.152,-0.517,-0.989,-1.223,-0.808,-0.002,-1.638,7
-1.618,-1.515,-1.629,-1.382,-2.948,-1.936,-1.841,-1.199,-1.578,-2.27,-1.405,-1.547,-2.9,-1.964,-2.257,-2.605,-2.583,-1.227,-0.899,-1.08,-4.08,-0.378,-0.26,-0.821,1.236,-0.181,-0.741,-0.008,-0.545,-0.716,-0.472,-0.921,-0.696,-0.433,0.015,-1.818,7
-1.552,-1.588,-2.207,-1.902,-3.399,-2.503,-2.271,-1.454,-3.233,-2.662,-1.882,-2.324,-3.244,-2.003,-2.894,-3.129,-2.993,-1.48,-1.382,-0.467,-2.743,-1.332,-0.08,-1.149,4.604,-0.545,-0.105,0.055,-1.438,-1.427,-0.77,-1.183,-1.643,-0.564,0.133,-2.774,7
-1.86,-1.581,-2.068,-1.581,-3.123,-1.856,-2.053,-1.141,-1.751,-2.578,-1.497,-2.125,-3.158,-2.098,-2.32,-2.145,-2.687,-1.41,0.053,-0.482,-1.293,-7.203,-0.826,-3.715,0.954,-0.495,-0.453,-0.618,-0.438,-1.065,-0.349,-1.343,-2.076,-0.685,0.026,-1.465,7
0,-0.114,-0.097,-0.003,-0.987,-0.428,-0.147,0.194,-0.004,0,0.201,-0.001,-1.129,-0.002,-0.334,-0.008,-0.515,0.241,1.555,0,-0.003,0,0.689,0,0.003,0.172,0.35,0,-0.001,0,-0.001,0.111,0.933,0.001,0.002,0.001,14
-0.151,-0.575,-0.004,-0.004,-0.785,-0.207,-0.319,0.123,-0.003,-0.001,0.453,-0.001,-0.989,-0.002,-0.148,0,-0.006,0,1.182,0.035,-0.002,-0.001,-0.001,-0.001,0.001,0.194,0,0,-0.002,-0.001,-0.001,0.132,0.917,0,0.001,-0.001,14
0,-0.216,-0.333,-0.528,-0.992,-0.557,-0.495,0.782,-0.004,-0.447,0.539,-0.001,-1.198,-0.002,-0.036,0.001,-0.058,0.595,1.683,-0.001,-0.003,-0.002,0.226,0,0.01,-0.001,0.031,0.265,-0.002,0,0.43,0.001,1.5,0.001,0.002,-0.003,14
0.001,-0.01,-0.307,-0.456,-0.896,-0.401,-0.416,-0.001,0.054,-0.018,0.66,0.622,-1.21,-0.002,-0.212,-0.227,-1.229,0.603,1.217,0,-0.002,-0.002,0,-0.001,0.007,0.132,0,0,-0.003,-0.001,-0.004,0.001,0.995,0.096,0.172,-0.007,14
0,-0.343,-0.044,-0.003,-1.09,-0.216,-0.576,0.142,-0.005,0,-0.001,0.153,-1.163,-0.001,-0.149,0.001,-0.278,0.035,1.623,-0.002,-0.003,-0.008,0,-0.002,0.023,-0.002,0.002,0.001,-0.002,-0.002,-0.003,0.001,0.802,-0.002,0.002,-0.009,14
0.001,-0.104,-0.239,-0.558,-0.739,-0.253,-0.774,0.996,-0.006,-0.001,0.18,0.264,-1.074,-0.302,-0.002,0,-0.007,-0.001,1.236,-0.001,-0.004,-0.006,-0.001,-0.004,0.023,0,0.001,0,-0.004,-0.002,-0.006,0,0.813,-0.002,0.001,-0.012,14
0,0,-0.004,-0.002,-0.91,-0.239,-0.306,-0.001,-0.006,0,-0.001,-0.002,-1.23,-0.739,-0.127,0.001,-0.09,-0.001,1.31,-0.004,-0.004,-0.018,-0.002,-0.007,0.031,-0.002,0.002,0.001,-0.003,-0.003,-0.003,0,0.79,-0.005,0.002,-0.013,14
0.001,0,-0.006,-0.002,-0.688,-0.005,-0.496,-0.001,-0.007,-0.001,0.153,0.231,-0.415,-0.41,0.001,0,0.001,-0.003,1.284,-0.004,-0.006,-0.019,-0.002,-0.008,0.041,0,0.001,-0.001,-0.003,-0.003,-0.006,0.001,0.793,-0.006,0.001,-0.015,14
0,0,-0.004,-0.002,-0.568,-0.333,-0.26,-0.001,-0.007,0,-0.001,-0.003,-1.243,0.003,-0.154,0.001,-0.001,-0.002,0.933,-0.006,-0.004,-0.027,-0.003,-0.01,0.037,0.949,0.002,0.001,-0.002,-0.003,-0.003,0,0.739,-0.007,0.001,-0.013,14
-0.76,0,-0.005,-0.002,-0.966,0.008,-0.477,0,-0.079,-0.001,-0.001,-0.002,-0.221,0.001,-0.131,0.001,0.001,-0.004,1.258,-0.005,-0.005,-0.037,-0.003,-0.012,0.054,0.006,0.002,-0.001,-0.003,-0.004,-0.004,0.001,0.799,-0.008,0.001,-0.018,14
-0.025,0,-0.004,-0.001,-1.857,-0.475,-0.359,0.082,-0.008,0,-0.001,-0.005,-1.281,0.006,-0.238,-0.152,-1.485,-0.003,0.793,-0.009,-0.004,-0.036,-0.002,-0.014,0.04,-0.003,0.003,0.001,-0.002,-0.164,-0.002,0,0.849,-0.009,0.002,-0.016,14
0.001,0,-0.004,-0.001,-0.928,-0.019,-0.521,0.048,-0.008,-0.001,0.463,-0.003,-0.403,0.002,-0.121,0.001,0.001,-0.005,0.828,-0.008,-0.005,1.854,-0.003,-0.015,0.059,0,0.002,0,-0.002,-0.005,0.001,0.001,0.989,-0.008,0.002,-0.022,14
-0.134,0,-0.122,-0.001,-1.024,-0.248,-0.517,0.071,-0.008,-0.334,0,-0.007,-1.313,0.002,-0.25,0.001,-0.145,-0.002,0.728,-0.01,-0.004,-0.032,-0.003,-0.015,0.044,-0.003,0.004,0.001,-0.001,-0.008,-0.004,0.001,0.673,-0.007,0.002,-0.022,14
-0.571,0,-0.005,-0.002,-1.056,0.005,-0.698,0.266,-0.008,-0.001,0.225,-0.005,-0.102,0.002,-0.025,0.002,-0.069,0.952,0.822,-0.011,-0.006,-0.03,-0.004,-0.023,0.066,0.456,0.002,0,-0.001,-0.007,-0.006,0.001,0.703,-0.01,0.001,-0.029,14
-0.173,0.001,-0.085,-0.002,-0.952,-0.308,-0.508,0.168,-0.008,0,-0.001,-0.005,-1.397,0.004,-0.019,0.001,-0.467,-0.002,0.68,-0.009,-0.003,-0.014,-0.003,-0.017,0.042,-0.002,0.003,0.002,0,-0.011,-0.002,0.003,0.59,-0.006,0.002,-0.019,14
0.001,0,-0.004,-0.001,-1.023,-0.03,-0.614,0.185,-0.007,-0.001,0,-0.004,-0.07,0.003,-0.073,-0.266,-0.624,-0.006,0.587,-0.008,-0.006,-0.037,-0.003,-0.024,0.058,-0.002,0.003,0,-0.001,-0.009,-0.007,0.001,0.666,-0.012,0.001,-0.022,14
0.001,0.002,-0.156,-0.001,-0.811,-0.307,-0.454,0.981,-0.006,-0.117,0,-0.004,-1.176,0.003,-0.001,0.002,-0.32,-0.003,0.965,-0.008,-0.003,-0.041,-0.002,-0.018,0.041,-0.002,0.003,0.003,-0.001,-0.012,-0.002,0.001,0.615,-0.007,0,-0.015,14
0.001,0.001,-0.004,-0.002,-1.093,-0.114,-0.665,0.029,-0.006,-0.001,0,-0.002,-0.097,0.002,0.002,0.001,-0.381,-0.005,0.396,-0.006,-0.006,-0.031,-0.001,-0.023,0.053,-0.003,0.003,0.002,0,-0.009,-0.005,0.001,0.718,-0.008,0.067,-0.016,14
0.001,0.002,-0.275,-0.001,-1.253,-0.32,-0.581,0.701,-0.005,0,0,-0.002,-1.218,0.001,-0.549,0.001,-0.454,0.124,0.691,-0.007,-0.004,0.075,0.001,-0.017,0.075,-0.003,0,0.005,-0.001,-0.012,-0.001,0.004,1.113,-0.005,0.002,-0.008,14
0,0.001,-0.005,-0.002,-0.935,-0.094,-0.646,0.277,-0.006,0,0.12,0.114,-0.435,-0.008,0.002,0.001,-0.441,-0.003,0.453,-0.005,-0.004,-0.026,0.001,-0.023,0.042,-0.001,0.002,0.002,-0.002,-0.007,-0.003,0.003,0.745,-0.004,0.001,-0.009,14
0.001,0.002,-0.143,-0.001,-1.02,-0.207,-0.074,0.517,-0.004,0,0,-0.001,-1.214,0,-0.003,0.001,-0.399,-0.001,0.595,-0.005,-0.002,-0.026,0.001,-0.015,0.024,-0.004,0.001,0.004,0,-0.007,0.001,0.002,0.668,-0.004,0.002,-0.001,14
0,0.001,-0.004,-0.002,-0.855,-0.088,-0.384,0.222,-0.004,0.001,0,0.336,-0.352,-0.001,0.002,0.001,-0.642,-0.002,0.483,-0.001,-0.004,-0.019,0.001,-0.018,0.025,-0.002,0.002,0.003,-0.001,-0.004,0.001,0.001,0.685,-0.002,0.002,-0.001,14
0.001,0.002,-0.111,-0.002,-1.046,-0.173,-0.395,0.513,-0.004,0,0,-0.002,-0.603,-0.002,0,0.001,-0.58,0,0.409,-0.001,-0.001,-0.02,0.002,-0.01,0.012,0,0.001,0.003,0,-0.002,0.002,0.002,0.718,-0.002,0.002,-0.02,14
0,0.001,-0.075,-0.002,-0.618,-0.091,-0.526,0.325,-0.004,0.001,0,0.185,-0.004,-0.002,0.001,0.001,-0.244,0,0.556,0.002,-0.003,-0.016,-0.023,-0.014,0.009,0,0.001,0.003,0.001,-0.001,0.001,0.002,0.859,0.001,0.002,0.002,14
-0.752,-0.867,-0.925,-0.226,-1.775,-2.486,-0.46,-0.008,-0.427,-0.909,-0.078,-0.001,-2.603,-0.692,-1.676,-1.094,-1.91,-0.036,1.026,0,-0.002,0,0.222,0,0.003,0,0.001,0.001,-0.001,0,-0.001,0.001,0,0.001,0.002,0.001,15
-0.447,-0.522,-0.601,-0.589,-1.507,-2.242,-0.842,-0.005,-0.186,-0.387,-0.022,-0.001,-1.455,-0.461,-1.586,-1.505,-1.873,0,0.262,0.001,-0.002,-0.001,-0.001,-0.002,0.001,0.001,0,0,-0.002,-0.001,-0.001,0.001,0,0,0.001,-0.001,15
-0.015,-0.059,-0.066,-0.003,-0.707,-1.536,-0.054,-0.002,-0.005,0,-0.001,-0.001,-1.252,-0.002,-0.17,0.001,-0.149,0,0.525,-0.001,-0.002,-0.002,0,0,0.01,0,0.001,0.001,-0.002,-0.001,-0.001,0.001,-0.001,0.001,0.002,-0.004,15
0,-0.001,-0.004,-0.003,-0.711,-0.941,-0.087,-0.001,-0.004,-0.002,-0.001,-0.001,-0.722,-0.002,-0.515,0,0,0,0,0,-0.002,-0.002,-0.001,-0.001,0.006,0.001,0,0,-0.003,-0.001,-0.004,0.001,-0.001,-0.001,0.001,-0.007,15
-0.422,-0.82,-0.711,-0.402,-1.642,-2.292,-0.964,-0.002,-0.049,-0.577,-0.001,-0.002,-1.875,-0.662,-1.35,-0.548,-1.209,0,0.659,-0.002,-0.003,-0.009,0,-0.002,0.023,-0.002,0.001,0.001,-0.002,-0.002,-0.002,0.001,-0.003,-0.001,0.002,-0.01,15
-0.449,-0.653,-0.561,-0.362,-1.206,-1.343,-0.875,-0.001,-0.107,-0.002,-0.001,-0.001,-1.301,-0.897,-1.189,-0.897,-0.747,-0.001,0.171,-0.001,-0.003,-0.006,-0.001,-0.004,0.022,0,0.001,0,-0.004,-0.002,-0.006,0,-0.002,-0.003,0.001,-0.012,15
-0.049,-0.875,-0.849,-0.181,-1.424,-2.089,-0.851,-0.001,-0.006,-0.66,-0.001,-0.002,-2.066,-1.436,-1.391,-0.223,-1.117,-0.002,0.085,-0.003,-0.004,-0.018,-0.002,-0.006,0.032,-0.002,0.002,0.001,-0.003,-0.003,-0.003,0,0.022,-0.005,0.002,-0.013,15
-0.261,-0.659,-0.512,-0.107,-1.207,-1.694,-0.934,-0.001,-0.007,-0.001,-0.001,-0.001,-0.942,-2.714,-1.046,-0.354,-0.81,-0.003,-0.004,-0.004,-0.005,-0.019,-0.002,-0.008,0.04,0,0.001,0,-0.002,-0.003,-0.006,0.001,-0.004,-0.006,0.001,-0.016,15
-0.411,-0.328,-0.558,-0.002,-1.2,-2.268,-0.971,-0.001,-0.007,-0.884,-0.001,-0.003,-1.949,-0.433,-1.26,-0.151,-1.125,-0.002,-0.004,-0.005,-0.004,-0.027,-0.002,-0.01,0.037,0.549,0.003,0.001,-0.002,-0.003,-0.003,0,0.073,-0.007,0.002,-0.013,15
-1.245,-0.289,-0.297,-0.002,-1.409,-1.628,-1.252,-0.001,-1.59,-0.001,0,-0.002,-0.741,-0.3,-1.375,-0.143,-0.87,-0.003,0.04,-0.005,-0.005,-0.035,-0.003,-0.012,0.054,0,0.002,-0.001,-0.003,-0.004,-0.004,0.001,-0.006,-0.008,0.001,-0.018,15
-0.293,-0.754,-0.686,-0.025,-1.638,-2.29,-4.01,-0.134,-0.586,-0.909,-0.001,-0.309,-2.473,-0.617,-1.804,-2.067,-1.415,-0.002,-0.006,-0.009,-0.005,-0.037,-0.003,-0.014,0.042,-0.003,0.004,0,-0.002,-0.005,-0.003,0.001,0.144,-0.009,0.002,-0.018,15
0.001,-0.906,-0.589,-0.001,-1.5,-1.598,-1.227,0,-0.386,-0.001,-0.231,-0.003,-1.416,-0.463,-2.359,-0.221,-1.014,-0.005,-0.01,-0.008,-0.005,-0.041,-0.003,-0.016,0.059,0,0.002,0.001,-0.002,-0.005,-0.005,0.001,-0.007,-0.008,0.001,-0.022,15
-0.583,-0.784,-0.8,-0.001,-1.445,-2.265,-0.725,-0.329,-0.008,-1.032,-0.001,-0.006,-2.675,-0.438,-1.298,-0.015,-1.026,-0.002,-0.008,-0.009,-0.004,-0.031,-0.003,-0.015,0.045,-0.003,0.003,0.001,-0.001,-0.008,-0.003,0.001,-0.006,-0.008,0.002,-0.026,15
0,-0.251,-0.712,-0.001,-1.416,-1.702,-1.045,0,-0.043,-0.003,0,-0.005,-0.532,-0.399,-2.412,-0.163,-0.881,-1.126,-0.011,-0.009,-0.006,-0.03,-0.004,-0.023,0.06,-0.002,0.003,0.001,-0.001,-0.006,-0.006,0.001,-0.008,-0.01,0.001,-0.025,15
-0.676,-0.355,-0.694,-0.102,-1.854,-2.253,-0.925,-0.279,-0.008,-1.014,0,-0.004,-2.028,-0.362,-1.445,-0.184,-1.341,-0.002,-0.009,-0.009,-0.003,-0.018,-0.003,-0.019,0.045,-0.003,0.003,0.002,-0.001,-0.012,-0.001,0.003,-0.004,-0.008,0.002,-0.02,15
-0.725,-1.444,-0.572,-0.31,-1.49,-1.932,-1.044,0,-0.006,0,-0.057,-0.004,-0.599,-0.461,-1.774,-2.641,-1.243,-0.005,-0.015,-0.008,-0.005,-0.031,-0.003,-0.026,0.058,-0.003,0.003,0.001,-0.001,-0.008,-0.006,0.001,-0.007,-0.009,0.001,-0.021,15
-1.105,-0.06,-0.833,-0.001,-1.486,-2.304,-1.827,-0.521,-0.006,-1.691,0,-0.003,-2.015,-0.232,-1.064,-0.161,-1.488,-0.003,0.504,-0.008,-0.003,-0.04,-0.002,-0.019,0.042,-0.002,0.003,0.003,-0.001,-0.013,-0.002,0.001,-0.004,-0.006,-0.001,-0.015,15
-0.364,-0.251,-0.645,-0.009,-1.162,-1.821,-0.776,-0.001,-0.446,-0.105,0,-0.002,-0.526,-1.126,-0.88,-0.095,-3.226,-0.005,-0.01,-0.005,-0.006,-0.03,-0.001,-0.023,0.052,-0.003,-0.1,0.003,-0.001,-0.008,-0.001,0.001,-0.006,-0.007,0.001,-0.015,15
-0.372,-0.101,-1.285,-1.001,-1.733,-2.36,-1.472,-0.358,-0.033,-0.867,0,-0.002,-1.857,-0.509,-1.314,-0.229,-1.606,-3.22,-0.007,-0.006,-0.004,-0.032,0,-0.017,0.041,-0.003,0.207,0.005,-0.001,-0.012,0,0.002,-0.004,-0.006,0.002,-0.008,15
-0.159,-0.378,-0.707,-0.259,-1.547,-1.345,-1.117,0,-0.005,-0.141,0,-0.112,-0.855,-1.009,-1.246,-0.171,-4.379,-0.003,-0.006,-0.004,-0.004,-0.024,0,-0.023,0.042,-0.002,0.002,0.002,-0.002,-0.006,-0.003,0.003,-0.004,-0.004,0.002,-0.009,15
0.001,-0.012,-1.262,-0.03,-1.382,-2.222,-0.357,-0.072,-0.144,-0.084,0,-0.001,-1.656,-0.283,-0.983,-0.015,-1.336,0,-0.004,-0.005,-0.003,-0.027,0.001,-0.016,0.024,-0.003,0.001,0.004,-0.001,-0.007,0.001,0.002,-0.001,-0.004,0.002,-0.002,15
0,0.001,-0.418,-0.045,-1.253,-0.901,-0.628,-0.001,-0.004,-0.271,0,-0.023,-0.668,-0.22,-1.151,-0.208,-3.169,-0.001,-0.002,-0.002,-0.003,-0.02,0.001,-0.018,0.026,-0.001,0.002,0.003,-0.001,-0.004,0.001,0.001,-0.002,-0.002,0.002,0,15
-0.007,-0.324,-1.836,-0.349,-1.949,-2.033,-0.932,-0.436,-0.137,-0.485,-0.258,-0.298,-1.571,-0.542,-1.378,-0.333,-1.767,0,-0.002,-0.001,-0.001,-0.021,0.002,-0.011,0.012,0,0.001,0.002,0,-0.003,0.002,0.002,-0.001,-0.002,0.002,0.002,15
0.001,-0.412,-1.179,-0.363,-1.582,-1.291,-1.124,-0.184,-0.025,-0.215,-0.138,-0.438,-0.847,-0.42,-1.432,-0.326,-1.478,0,-0.001,0.001,-0.003,-0.017,0.001,-0.012,0.01,0,0.001,0.003,-0.001,-0.001,0.001,0.002,-0.001,0.001,0.002,0.002,15
-0.594,-0.786,-0.804,-0.547,-1.819,-0.776,-1.499,-0.194,-1.378,-2.35,-1.144,-1.021,-1.682,-1.066,-1.728,-2.512,-2.886,-0.911,-0.204,-0.743,-1.114,-0.439,-0.11,-0.478,-0.588,-0.135,-0.497,0.136,-0.293,-0.529,-1.187,-0.201,-0.343,-0.395,0.066,-0.887,16
-0.687,-1.059,-0.648,-0.387,-1.575,-0.69,-1.417,0.316,-1.146,-2.179,-1.018,-0.828,-1.573,-0.802,-1.547,-2.144,-2.617,-0.601,-0.077,-0.658,-1.062,-0.219,0.096,-0.326,-0.451,-0.09,-0.474,0.186,-0.193,-0.335,-0.843,-0.262,-0.314,-0.288,0.186,-0.698,16
0,-1.874,-1.703,-1.469,-2.595,-1.81,-1.987,-0.506,-1.821,-2.615,-1.283,-1.176,-2.63,-1.713,-2.585,-2.762,-2.894,-1.059,0.805,-0.227,-0.466,-0.053,0.357,-0.157,0.257,0.412,0.186,0.407,-0.03,-0.222,-0.604,0.198,0.297,0.136,0.333,-0.544,16
0,-1.587,-1.5,-1.459,-2.351,-1.625,-2.057,-0.39,-1.592,-2.051,-1.076,-1.04,-2.394,-1.66,-2.439,-2.67,-2.825,-0.754,0.914,0.005,-0.303,0.033,0.349,0.019,0.389,0.414,-0.063,0.051,-0.129,-0.058,-0.249,0.243,0.489,0.117,0.401,-0.444,16
-0.833,-1.276,-1.042,-0.816,-2.118,-1.055,-1.819,-0.16,-1.52,-2.498,-1.299,-1.105,-2.054,-1.225,-1.989,-2.669,-2.817,-1.118,0.384,-0.669,-1,-0.382,0.068,-0.416,-0.366,-0.018,-0.326,0.007,-0.388,-0.709,-0.984,-0.229,-0.263,-0.309,0.17,-0.858,16
-0.774,-1.056,-0.966,-0.776,-1.906,-0.903,-1.823,0.063,-1.488,-1.939,-1.252,-1.025,-1.938,-1.266,-1.924,-2.383,-2.656,-0.674,0.235,-0.44,-0.808,-0.192,0.082,-0.26,-0.21,0.084,-0.383,0.049,-0.282,-0.268,-0.733,-0.18,-0.155,-0.167,0.267,-0.804,16
-0.756,-0.787,-0.628,-0.695,-1.922,-0.61,-1.709,0.162,-1.311,-2.372,-1.32,-1.045,-1.82,-0.802,-1.686,-2.066,-2.796,-0.966,-0.353,-0.853,-1.202,-0.6,-0.191,-0.543,-0.714,-0.246,-0.662,-0.106,-0.557,-0.614,-1.165,-0.456,-0.473,-0.553,-0.34,-1.045,16
-0.626,-0.726,-0.506,-0.564,-1.759,-0.412,-1.542,0.247,-1.263,-1.891,-1.257,-0.808,-1.675,-0.931,-1.614,-1.902,-2.483,-0.615,-0.066,-0.729,-1.144,-0.366,-0.127,-0.466,-0.532,-0.187,-0.66,-0.042,-0.413,-0.396,-0.86,-0.411,-0.383,-0.323,0.035,-0.947,16
-0.717,-0.805,-0.755,-0.486,-1.888,-0.68,-1.702,0.202,-1.336,-2.382,-1.353,-1.101,-1.947,-1.046,-1.622,-2.038,-2.714,-1.001,-0.356,-1.008,-1.292,-0.723,-0.569,-0.6,-0.709,-0.353,-0.751,-0.183,-0.641,-0.722,-1.223,-0.611,-0.592,-0.658,-0.159,-1.075,16
-0.757,-0.739,-0.699,-0.629,-1.733,-0.386,-1.569,0.295,-1.268,-2.011,-1.252,-0.968,-1.729,-1.143,-1.733,-1.929,-2.527,-0.693,-0.333,-0.814,-1.243,-0.549,-0.241,-0.45,-0.554,-0.235,-0.775,-0.12,-0.578,-0.446,-0.902,-0.575,-0.47,-0.48,0.078,-1.051,16
-0.848,-0.975,-0.766,-0.829,-1.888,-0.615,-1.881,-0.038,-1.662,-2.643,-1.586,-1.179,-1.963,-1.292,-1.845,-2.431,-2.834,-1.025,-0.354,-0.909,-1.307,-0.605,-0.317,-0.622,-0.746,-0.277,-0.823,-0.206,-0.546,-0.74,-1.199,-0.713,-0.505,-0.587,-0.191,-1.04,16
-0.746,-0.906,-0.739,-0.898,-1.723,-0.343,-1.753,0.166,-1.405,-2.248,-1.375,-1.056,-1.729,-1.144,-1.688,-2.189,-2.613,-0.716,-0.208,-0.802,-1.186,-0.392,-0.272,-0.465,-0.798,-0.214,-0.843,-0.092,-0.504,-0.505,-0.844,-0.571,-0.316,-0.422,0.135,-0.934,16
-0.74,-0.953,-0.735,-0.744,-1.91,-0.624,-1.781,0.137,-1.411,-2.625,-1.509,-1.177,-1.934,-1.179,-1.729,-2.06,-2.78,-0.976,-0.293,-0.893,-1.275,-0.698,-0.451,-0.624,-0.78,-0.268,-0.781,-0.15,-0.504,-0.667,-1.133,-0.881,-0.579,-0.62,-0.026,-1.151,16
-0.645,-0.834,-0.592,-0.661,-1.653,-0.421,-1.655,0.128,-1.377,-2.109,-1.382,-1.031,-1.668,-1.129,-1.506,-1.854,-2.409,-0.874,-0.315,-0.853,-1.095,-0.474,-0.243,-0.533,-0.639,-0.191,-0.675,-0.079,-0.455,-0.495,-0.924,-0.665,-0.403,-0.373,-0.098,-1.031,16
-0.687,-0.917,-0.706,-0.826,-1.811,-0.675,-1.785,0.128,-1.348,-2.62,-1.483,-1.437,-2.009,-1.128,-1.762,-2.179,-2.769,-1.181,-0.28,-1.045,-1.332,-0.746,-0.666,-0.708,-0.742,-0.342,-0.815,-0.124,-0.613,-0.791,-1.204,-0.799,-0.545,-0.67,0.001,-1.044,16
-0.688,-0.82,-0.666,-0.627,-1.575,-0.411,-1.608,0.176,-1.285,-2.144,-1.36,-1.095,-1.676,-1.084,-1.635,-1.875,-2.497,-0.714,-0.33,-0.824,-1.164,-0.41,-0.448,-0.482,-0.586,-0.207,-0.816,-0.111,-0.531,-0.554,-0.911,-0.749,-0.427,-0.517,0.19,-1.112,16
-0.94,-1.022,-0.845,-0.787,-1.824,-0.836,-1.883,0.088,-1.408,-2.522,-1.509,-1.295,-1.968,-1.123,-1.666,-2.485,-2.775,-0.998,-0.143,-0.971,-1.376,-0.67,-0.507,-0.686,-0.795,-0.339,-1.085,-0.116,-0.582,-0.708,-1.163,-0.773,-0.526,-0.651,-0.085,-1.031,16
-0.713,-0.829,-0.651,-0.616,-1.618,-0.478,-1.717,0.225,-1.38,-2.272,-1.328,-1.113,-1.761,-1.024,-1.639,-2.024,-2.712,-0.665,-0.122,-0.802,-1.31,-0.445,-0.43,-0.558,-0.696,-0.199,-0.722,-0.091,-0.688,-0.612,-0.94,-0.711,-0.418,-0.435,0.1,-0.925,16
-0.837,-1.149,-0.626,-1.248,-1.959,-0.797,-1.866,0.129,-1.335,-2.239,-1.387,-1.13,-2.077,-1.17,-1.703,-2.337,-2.753,-1.132,-0.288,-0.946,-1.293,-0.691,-0.561,-0.63,-0.747,-0.624,-1.253,-0.331,-0.585,-1.028,-1.215,-0.805,-0.692,-0.757,-0.441,-1.01,16
-0.699,-0.889,-0.68,-0.645,-1.648,-0.435,-1.735,0.125,-1.352,-2.266,-1.291,-1.121,-1.847,-1.084,-1.567,-2.159,-2.51,-0.76,-0.046,-0.908,-1.329,-0.526,-0.293,-0.47,-0.634,-0.31,-0.795,-0.131,-0.616,-0.478,-0.971,-0.958,-0.555,-0.44,-0.163,-0.884,16
-0.772,-1.027,-0.726,-0.762,-1.808,-0.621,-1.797,0.194,-1.196,-2.044,-1.3,-1.161,-2.035,-1.004,-1.723,-2.021,-2.733,-0.973,-0.233,-0.939,-1.225,-1.175,-0.447,-0.586,-0.621,-0.254,-1.024,-0.31,-0.664,-0.659,-1.271,-0.729,-0.619,-0.64,-0.394,-1.025,16
-0.667,-0.898,-0.591,-0.556,-1.639,-0.415,-1.731,0.294,-1.06,-2.089,-1.279,-1.109,-1.835,-0.828,-1.579,-1.836,-2.575,-0.645,0.036,-0.854,-1.215,-0.454,-0.244,-0.587,-0.607,-0.247,-0.906,-0.158,-0.583,-0.387,-1.044,-0.696,-0.474,-0.394,0.007,-0.922,16
-0.79,-1.027,-0.677,-0.718,-1.728,-0.566,-1.878,0.127,-1.254,-2.105,-1.341,-1.119,-1.975,-1.161,-1.654,-1.93,-2.834,-1.014,-0.162,-0.973,-1.263,-0.441,-0.377,-0.552,-0.679,-0.252,-0.933,-0.183,-0.701,-0.578,-1.154,-0.77,-0.669,-0.506,-0.127,-1.104,16
-0.623,-0.842,-0.645,-0.542,-1.636,-0.419,-1.732,0.197,-1.231,-2.123,-1.277,-1.035,-1.802,-0.996,-1.528,-1.803,-2.467,-0.715,0.041,-0.834,-1.155,-0.363,-0.182,-0.435,-0.628,-0.289,-0.847,-0.087,-0.556,-0.359,-0.925,-0.589,-0.459,-0.361,0.057,-0.99,16
0.317,0.651,0.648,0.497,-0.731,0.19,-0.044,1.518,-0.043,-1.229,0.193,-0.101,-0.587,0.331,-0.981,-0.82,-1.534,0.16,0.657,0.077,0.165,0.335,0.29,0.09,1.026,0.607,0.497,0.825,0.291,0.036,-0.428,-0.021,0.817,0.393,0.85,-0.346,17
0.281,0.519,0.865,0.7,-0.45,0.233,0.023,1.707,0.082,-0.754,0.295,0.074,-0.49,0.615,-0.721,-0.739,-1.337,0.48,1.106,0.227,0.159,0.528,0.626,0.239,1.241,0.664,0.507,0.782,0.309,0.199,-0.089,0.009,0.831,0.372,0.934,-0.199,17
0.202,0.612,0.691,0.41,-0.741,0.214,-0.123,1.476,-0.111,-1.35,0.151,-0.081,-0.632,0.382,-0.97,-0.932,-1.553,0.152,0.07,0.045,-0.008,0.26,0.458,0.054,1,0.59,0.337,0.643,0.187,-0.124,-0.395,-0.106,0.709,0.303,0.871,-0.395,17
0.351,0.683,0.67,0.622,-0.492,0.375,0.009,1.664,-0.029,-0.883,0.305,0.067,-0.524,0.446,-0.749,-0.771,-1.31,0.376,1.079,0.101,0.144,0.388,0.506,0.224,1.126,0.654,0.461,0.657,0.223,0.167,-0.086,-0.094,0.79,0.412,0.911,-0.322,17
0.168,0.52,0.658,0.418,-0.78,0.344,-0.186,1.512,-0.131,-1.099,0.012,-0.109,-0.614,0.254,-0.925,-1.085,-1.527,0.177,0.935,0.014,0.023,0.24,0.452,0.002,0.861,0.56,0.332,0.609,0.071,-0.086,-0.356,-0.202,0.619,0.328,0.739,-0.386,17
0.358,0.601,0.67,0.521,-0.509,0.446,-0.064,1.656,-0.131,-0.766,0.091,0.083,-0.486,0.405,-0.78,-0.712,-1.322,0.421,1,0.162,0.219,0.448,0.462,0.254,1.113,0.612,0.342,0.565,0.114,0.173,-0.074,-0.138,0.677,0.495,0.954,-0.28,17
0.279,0.569,0.695,0.352,-0.763,0.329,-0.186,1.484,-0.095,-1.254,0.016,-0.148,-0.717,0.275,-0.854,-0.6,-1.46,0.174,0.789,0.025,0.002,0.254,0.354,0.043,0.938,0.465,0.138,0.515,0.038,-0.148,-0.351,-0.309,0.748,0.252,0.799,-0.446,17
0.34,0.696,0.785,0.482,-0.588,0.466,-0.066,1.634,0.024,-0.786,0.069,0.084,-0.55,0.326,-0.847,-0.446,-1.269,0.387,0.938,0.114,0.078,0.297,0.447,0.124,1.093,0.608,0.261,0.555,0.099,0.109,-0.094,-0.172,0.854,0.416,0.955,-0.36,17
0.143,0.666,0.618,0.378,-0.714,0.244,-0.198,1.481,-0.136,-1.162,-0.017,-0.142,-0.728,0.284,-0.904,-0.647,-1.418,0.102,0.778,-0.091,-0.087,0.253,0.234,0.031,0.875,0.47,0.247,0.435,0.108,-0.178,-0.381,-0.281,0.652,0.217,0.802,-0.494,17
0.173,0.701,0.862,0.491,-0.532,0.451,-0.006,1.62,-0.02,-0.846,0.136,-0.011,-0.542,0.368,-0.863,-0.632,-1.264,0.396,0.901,0.053,0.114,0.343,0.332,0.141,1.06,0.613,0.291,0.577,0.038,0.042,-0.118,-0.225,0.871,0.416,0.943,-0.497,17
0.115,0.522,0.542,0.406,-0.735,0.293,-0.315,1.444,-0.175,-1.4,-0.17,-0.212,-0.716,0.133,-1.132,-1.283,-1.537,0.115,0.808,-0.06,-0.093,0.152,0.252,-0.023,0.874,0.47,0.222,0.381,0.033,-0.184,-0.452,-0.449,0.63,0.241,0.742,-0.42,17
0.24,0.65,0.695,-0.222,-0.582,0.483,-0.181,1.543,-0.065,-1.061,0.006,-0.094,-0.623,0.175,-0.92,-0.725,-1.375,0.341,0.947,-0.025,0.08,0.382,0.31,0.099,0.932,0.566,0.259,0.425,0.049,0.061,-0.05,-0.377,0.796,0.324,0.927,-0.394,17
0.129,0.555,0.709,0.374,-0.657,0.308,-0.292,1.454,-0.101,-1.449,-0.134,-0.461,-0.775,0.226,-0.897,-0.584,-1.409,0.11,0.811,-0.117,-0.082,0.222,0.268,0.067,0.82,0.479,0.244,0.48,-0.01,-0.112,-0.414,-0.65,0.583,0.283,0.872,-0.482,17
0.244,0.634,0.759,0.473,-0.541,0.479,-0.239,1.512,-0.045,-1.053,0.009,-0.065,-0.579,0.188,-0.768,-0.603,-1.232,0.352,0.931,0.058,0.123,0.267,0.298,0.168,1.074,0.406,0.252,0.556,0.081,0.054,-0.064,-0.435,0.759,0.422,0.942,-0.438,17
0.105,0.624,0.737,0.243,-0.71,0.38,-0.282,1.463,-0.052,-1.445,-0.102,-0.226,-0.798,0.148,-0.861,-0.584,-1.36,0.103,0.841,-0.092,-0.044,0.113,0.198,0.009,0.868,0.424,0.158,0.479,-0.042,-0.214,-0.39,-0.45,0.563,0.23,0.822,-0.405,17
-0.023,0.677,0.735,0.49,-0.582,0.521,-0.175,1.585,-0.001,-1.182,0.052,-0.076,-0.588,0.21,-0.75,-0.506,-1.285,0.392,0.835,-0.021,0.07,0.243,0.271,0.184,1.072,0.592,0.301,0.536,-0.011,0.075,-0.091,-0.472,0.671,0.386,0.867,-0.424,17
0.051,0.6,0.731,0.195,-0.683,0.284,-0.381,1.477,-0.057,-1.589,-0.082,-0.286,-0.807,0.219,-0.872,-0.683,-1.499,0.188,0.88,-0.101,-0.073,0.206,0.185,-0.015,0.817,0.469,0.396,0.435,-0.089,-0.211,-0.45,-0.48,0.595,0.141,0.671,-0.32,17
0.178,0.708,0.701,0.457,-0.592,0.546,-0.209,1.539,0.001,-1.257,-0.056,-0.201,-0.621,0.23,-0.761,-0.641,-1.179,0.442,0.971,-0.004,0.054,0.368,0.251,0.122,1.021,0.533,0.232,0.534,-0.029,0.074,-0.122,-0.456,0.629,0.417,0.796,-0.355,17
0.108,0.536,0.652,0.017,-0.746,0.195,-0.376,1.469,-0.098,-1.077,-0.057,-0.328,-0.861,0.129,-1.052,-0.763,-1.434,0.055,0.887,-0.104,-0.078,0.175,0.144,-0.006,0.933,0.426,0.123,0.38,-0.085,-0.106,-0.459,-0.56,0.514,0.23,0.728,-0.392,17
0.176,0.648,0.786,0.518,-0.596,0.495,-0.28,1.535,-0.018,-1.086,0.006,-0.192,-0.685,0.301,-0.783,-0.665,-1.286,0.382,0.993,0.009,-0.027,0.287,0.243,0.14,1.037,0.536,0.342,0.459,-0.003,0.072,-0.159,-0.501,0.592,0.351,0.786,-0.312,17
0.015,0.559,0.663,0.324,-0.672,0.358,-0.372,1.568,0.004,-0.938,0.028,-0.402,-0.901,0.297,-0.907,-0.501,-1.441,0.161,0.858,-0.146,-0.045,0.304,0.188,0.115,0.888,0.421,0.162,0.363,-0.056,-0.097,-0.486,-0.438,0.479,0.241,0.757,-0.524,17
0.219,0.666,0.858,0.575,-0.474,0.519,-0.234,1.63,0.154,-1.205,0.082,-0.225,-0.684,0.437,-0.694,-0.427,-1.253,0.456,0.975,-0.068,0.039,0.353,0.254,0.197,1.047,0.555,0.254,0.509,0.044,0.093,-0.222,-0.342,0.529,0.407,0.867,-0.391,17
0.108,0.531,0.72,0.5,-0.611,0.367,-0.438,1.543,0.018,-0.942,-0.036,-0.315,-0.824,0.376,-0.994,-0.482,-1.535,0.152,0.89,-0.109,-0.063,0.252,0.156,0.097,0.65,0.494,0.131,0.381,-0.058,-0.02,-0.521,-0.462,0.399,0.278,0.622,-0.541,17
0.211,0.627,0.816,0.614,-0.56,0.548,-0.158,1.621,0.091,-0.911,0.049,-0.145,-0.654,0.489,-0.693,-0.523,-1.43,0.504,1.031,-0.025,0.108,0.346,0.076,0.168,0.758,0.437,0.231,0.536,-0.001,0.106,-0.216,-0.392,0.566,0.321,0.805,-0.443,17
-1.806,-2.17,-0.797,0.382,-1.387,-2.236,-1.902,-1.713,-0.768,-1.872,-2.119,-1.833,-3.655,-0.424,-1.844,-2.393,-3.405,-0.869,-0.531,-0.378,-0.71,-4.23,2.352,-2.8,-1.664,-0.244,-1.639,-0.962,-2.661,-2.506,-0.05,-1.052,-3.121,-0.136,-2.981,-1.571,18
-2.112,-2.507,-1.044,-1.378,-3.547,-3.332,-1.918,-2.158,-2.184,-2.673,-1.919,-2.621,-3.31,-0.728,-2.831,-2.608,-2.883,-1.599,-3.641,-2.798,-1.801,-0.557,-2.033,-3.368,-1.623,-1.94,-1.98,0.063,-1.781,-2.229,-3.991,-2.974,-3.403,-0.613,-3.637,-3.073,18
-0.932,0.238,0.431,-0.242,-1.017,-0.119,-0.722,0.833,-0.266,-1.395,-0.593,-0.41,-0.955,0.039,-1.063,-1.11,-2.276,-0.079,0.923,-0.229,-0.105,-0.256,-0.129,-0.365,0.372,0.049,-0.52,0.061,-0.507,-0.351,-0.267,-0.741,0.337,0.031,-0.167,-0.359,18
-0.961,0.224,0.615,0.175,-0.855,0.354,-0.413,1.066,-0.126,-1.126,-0.663,-0.222,-0.733,0.266,-0.884,-0.885,-2.069,0.434,0.877,0.124,-0.008,-0.031,-0.131,-0.352,0.748,0.107,-0.266,0.261,-0.335,-0.112,0.001,-0.766,0.498,0.074,-0.194,-0.251,18
-2.151,-0.688,-1.089,-2.027,-2.065,-1,-1.788,-0.829,-1.167,-2.644,-1.684,-1.411,-1.431,-0.287,-2.321,-1.847,-2.919,-0.305,-0.206,-1.385,-0.606,-2.5,-1.483,-4.043,0.475,-1.14,-0.798,-0.132,-1.128,-1.545,-1.027,-1.825,-1.252,-0.705,-1.375,-1.479,18
-1.43,-0.264,-0.511,-0.476,-1.085,-0.517,-1.288,-0.126,-0.755,-1.343,-1.058,-0.843,-1.114,-0.023,-1.377,-1.143,-3.108,-0.265,0.728,-0.345,-0.281,-0.825,-0.977,-0.814,0.046,-0.466,-1.126,-1.015,-0.797,-0.84,-0.586,-1.273,-0.709,-0.887,-0.907,-0.864,18
-1.392,-0.415,0.135,-0.221,-0.95,-0.415,-1.141,-0.562,-0.387,-1.354,-1.712,-0.959,-0.813,-0.245,-1.365,-1.14,-2.526,-0.133,0.604,-0.243,-0.426,-1.028,-0.669,-0.695,0.709,-0.461,-0.794,-0.572,-0.66,-0.521,-0.252,-1.308,-0.285,-0.881,-0.729,-1.054,18
-1.973,-2.618,-1.845,-0.746,-3.029,-2.941,-1.979,-1.721,-2.014,-1.781,-1.956,-1.682,-3.665,-0.445,-3.581,-2.688,-3.272,-1.462,-3.671,-2.481,-1.89,-0.513,-2.111,-5.574,-2.131,-1.786,-2.325,0.03,-2.53,-2.933,-3.874,-2.762,-4.392,-1.647,-3.747,-4.151,19
-1.022,-1.258,-1.016,-1.031,-1.79,-1.493,-1.338,-0.971,-1.463,-1.935,-0.453,-1.007,-2.209,-1.816,-1.725,-1.895,-2.302,-1.194,-0.488,-0.514,-0.328,0.114,-0.301,-0.645,0.88,0.234,0.106,0.503,-0.558,-0.787,-0.486,-0.029,0.249,-0.177,0.114,-1.191,22
-1.145,-1.63,-1.223,-0.928,-1.661,-1.875,-1.135,-0.794,-1.474,-2.167,-0.94,-0.798,-2.276,-1.939,-1.925,-1.947,-2.225,-1.044,0.353,-0.315,-0.305,0.167,-0.261,-0.51,0.876,0.176,0.334,0.486,-0.894,-0.699,-0.363,-0.223,0.096,-0.101,-0.006,-1.259,22
-0.991,-1.252,-0.674,-1.562,-1.753,-1.564,-1.435,-0.663,-1.586,-2.12,-0.518,-0.86,-2.155,-1.936,-1.918,-1.894,-1.982,-1.08,-0.366,-0.345,-0.477,-0.003,-0.171,-0.728,1.235,0.291,0.175,0.32,-0.743,-0.76,-0.529,-0.062,0.13,-0.057,0.125,-1.533,22
-2.061,-1.108,-1.106,-0.946,-1.755,-1.588,-1.368,-1.206,-1.454,-2.436,-0.539,-0.63,-2.197,-2.062,-1.718,-2.278,-2.26,-0.841,0.475,-0.208,-0.276,0.095,-0.248,-0.567,1.054,0.376,0.38,0.519,-0.629,-0.673,-0.287,-0.203,0.226,-0.088,0.221,-1.737,22
-1.027,-1.217,-0.964,-0.916,-1.523,-1.585,-1.293,-1.329,-1.868,-2.544,-0.809,-0.705,-2.074,-1.828,-1.901,-1.846,-2.208,-0.956,-0.071,-0.201,-0.288,0.095,-0.365,-0.597,1.493,0.237,0.312,0.453,-0.768,-0.784,-0.141,-0.072,0.008,0.048,0.165,-2.066,22
-1.13,-1.135,-0.835,-1.184,-1.963,-1.601,-1.351,-0.761,-1.588,-2.117,-0.607,-0.974,-2.199,-2.482,-2.04,-1.654,-1.903,-1.388,-0.305,-0.804,-0.499,-0.404,-0.443,-1.012,2.142,0.281,0.276,0.393,-1.215,-0.96,-0.564,-0.246,0.083,-0.274,0.184,-2.418,22
-1.114,-1.029,-1.063,-1.036,-1.592,-1.256,-1.093,-0.699,-1.48,-2.125,-0.801,-0.711,-2.441,-1.901,-1.999,-1.999,-1.93,-0.838,0.113,-0.659,-0.48,-0.073,-0.501,-0.856,2.314,0.136,0.308,0.477,6.08,-0.866,-0.435,-0.19,-0.041,-0.102,0.114,-5.46,22
-1.442,-0.902,-0.977,-1.236,-1.801,-1.613,-1.408,-0.863,-1.592,-2.441,-0.467,-1,-2.656,-2.209,-1.989,-2.022,-1.912,-1.777,-0.356,-0.873,-0.642,-0.592,-0.521,-1.029,2.163,0.085,0.116,0.383,-1.058,-1.141,-0.546,-0.367,-0.21,-0.52,0.051,-2.774,22
-1.211,-0.882,-0.869,-0.886,-1.563,-1.406,-1.48,-0.886,-1.742,-2.514,-0.664,-0.959,-2.26,-2.062,-2.066,-2.228,-1.994,-0.945,-0.183,-0.659,-0.519,-0.229,-0.771,-1.253,2.831,0.11,0.225,0.395,-0.898,-1.031,-0.435,-0.418,-0.162,-0.326,0.06,-4.396,22
-1.282,-0.907,-1.04,-1.095,-1.866,-1.509,-1.453,-0.839,-1.807,-2.409,-0.861,-0.873,-2.742,-2.201,-1.979,-1.93,-2.128,-1.26,-0.081,-0.717,-0.638,-0.584,-0.469,-1.262,1.68,-0.151,-0.053,0.323,-1.234,-1.256,-0.766,-0.403,-0.239,-0.43,0.076,-3.174,22
-2.042,-0.796,-0.794,-1.171,-1.782,-1.582,-1.26,-0.779,-1.978,-2.194,-0.483,-0.963,-2.154,-1.915,-1.78,-2.282,-2.11,-0.995,-0.555,-0.46,-0.366,1.186,-0.456,-1.324,2.317,0.18,0.298,0.436,-1.069,-1.085,-0.406,-0.279,-0.143,-0.218,-0.079,-3.27,22
-1.245,-0.763,-1.097,-0.909,-1.794,-1.838,-1.553,-0.789,-1.368,-2.584,-0.451,-1.107,-2.167,-2.461,-1.995,-2.076,-2.348,-1.69,-0.748,-0.798,-0.414,-0.641,-1.019,-2.098,3.396,-0.094,0.157,0.43,-1.076,-0.959,-0.522,-0.492,-0.075,-0.18,-0.123,-3.94,22
-1.32,-0.939,-1.01,-1.346,-1.981,-2.387,-1.668,-1.312,-1.727,-2.914,-0.583,-0.867,-2.396,-2.151,-1.943,-1.935,-2.164,-1.127,0.329,-0.736,-0.516,-2.366,-0.543,-3.287,2.069,-0.026,-0.018,0.201,-1.295,-1.335,-0.619,-0.354,-0.211,-0.5,-0.07,-2.645,22
-1.426,-0.963,-1.118,-1.155,-1.929,-2.34,-1.461,-0.817,-1.836,-1.818,-0.503,-1.119,-2.185,-2.341,-1.724,-2.121,-1.832,-1.225,0.128,-0.616,-0.891,-0.586,-0.537,-1.018,3.458,0.047,0.157,0.277,-0.877,-1.028,-0.264,-0.434,-0.297,-0.158,-0.204,-2.569,22
-1.217,-0.873,-0.414,-1.392,-2.042,-2.308,-1.397,-1.032,-1.691,-2.484,-0.513,-0.922,-2.386,-2.243,-2.1,-1.993,-2.147,-1.649,0.435,-0.87,-0.535,-1.002,-0.798,-1.622,1.712,-0.023,0.017,-0.043,-0.854,-1.248,-0.587,-0.424,-0.335,-0.474,-0.052,-1.724,22
-1.11,-0.876,-0.53,-1.137,-1.682,-1.379,-1.567,-0.91,-1.787,-1.964,-0.522,-1.002,-2.086,-1.487,-1.745,-1.803,-1.557,-1.148,0.517,-0.489,-0.44,-0.961,-0.627,-1.11,2.088,-0.014,0.132,0.344,-0.937,-1.034,-0.438,-0.692,-0.374,-0.263,-0.191,-1.82,22
-1.216,-0.875,-1.212,-1.014,-1.786,-1.813,-1.528,-1.042,-1.173,-2.129,-0.367,-1.103,-2.7,-1.533,-2.253,-1.564,-1.914,-1.031,0.497,-0.962,-0.542,-0.805,-0.62,-1.598,1.357,-0.263,0.174,-0.016,-0.919,-1.097,-0.691,-0.401,-0.199,-0.423,-0.099,-1.556,22
-1.039,-0.826,-0.684,-1.237,-1.793,-1.366,-1.517,-0.759,-1.218,-2.166,-0.354,-1.198,-2.158,-1.796,-2.204,-1.86,-1.861,-1.128,0.489,-0.548,-0.456,-1.075,-0.855,-1.077,1.762,-0.112,0.124,0.214,-0.813,-0.975,-0.407,-0.34,-0.29,-0.309,-0.049,-1.466,22
-1.167,-0.839,-1.071,-1.009,-1.776,-1.462,-1.55,-0.848,-0.938,-2.174,-0.583,-1.683,-2.292,-1.711,-2.571,-1.706,-2.279,-0.954,0.442,-0.953,-0.453,-0.638,-0.944,-1.701,0.992,-0.063,0.127,-0.259,-0.867,-0.929,-0.579,-0.345,-0.273,-0.387,-0.027,-1.482,22
-1.071,-0.912,-0.978,-0.989,-1.648,-1.425,-1.6,-0.493,-0.865,-2.303,-0.48,-1.159,-2.218,-2.031,-3.372,-1.545,-2.32,-0.873,0.59,-0.656,-0.34,-0.697,-0.801,-1.114,1.259,-0.082,0.236,0.16,-0.798,-0.959,-0.407,-0.412,-0.307,-0.447,-0.034,-1.297,22
-0.17,-0.451,-0.092,0.054,-1.026,-0.154,-1.004,0.531,-0.923,-1.025,0.44,0.418,-1.594,-0.415,-1.468,-1.162,-1.433,0.593,-0.375,-1.135,-1.967,-0.966,0.002,-0.964,-0.573,-0.438,-0.611,-0.147,-0.641,-0.683,-1.62,-1.017,-1.022,-0.441,-0.058,-0.931,24
-0.246,-1.78,-0.08,0.164,-0.836,-0.286,-1.011,0.781,-0.858,-0.644,0.066,0.554,-1.284,-0.5,-1.37,-0.913,-1.284,0.749,-0.697,-1.197,-1.794,-0.751,-0.238,-0.706,-0.449,-0.782,-0.907,-0.371,-0.645,-0.529,-1.463,-0.84,-1.098,-0.555,0.045,-0.883,24
-0.164,-0.482,-0.108,-0.135,-1.148,-0.254,-1.233,0.525,-0.784,-1.02,0.19,0.476,-1.619,-0.576,-1.601,-1.057,-1.492,0.454,-0.121,-1.007,-2.079,-1.046,-0.003,-1.018,-0.23,-0.435,-0.558,-0.301,-0.623,-0.784,-1.279,-0.755,-1.386,-0.328,0.048,-1.108,24
-0.04,-0.48,-0.039,-0.018,-1.077,-0.098,-1.015,0.646,-0.849,-0.704,0.203,0.545,-1.432,-0.56,-1.293,-1.053,-1.286,0.646,-0.618,-1.064,-1.669,-0.709,-0.324,-0.743,-0.154,-0.469,-0.872,-0.46,-0.965,-0.566,-1.211,-0.777,-1.248,-0.514,-0.041,-1.132,24
-0.161,-0.486,-0.317,-0.07,-0.973,-0.194,-1.251,0.532,-0.931,-0.675,0.029,0.566,-1.509,-0.665,-1.267,-1.144,-1.176,0.585,-1.149,-0.863,-1.584,-0.61,-0.346,-0.817,0.16,-0.318,-0.825,-0.422,-1.323,-0.514,-0.994,-1.046,-1.143,-0.61,0.007,-1.366,24
-0.281,-0.425,-0.06,-0.233,-1.232,-0.039,-1.198,0.527,-0.942,-0.868,0.05,0.151,-1.673,-0.598,-1.389,-0.774,-1.305,0.435,-1.066,-0.989,-1.682,-1.31,-0.259,-1.078,0.34,-0.15,-0.277,-0.276,-0.883,-0.932,-1.195,-0.674,-1.745,-0.673,-0.002,-1.611,24
-0.205,-0.626,-0.091,-0.017,-1.046,-0.067,-1.074,0.734,-0.831,-0.739,0.15,0.38,-1.529,-0.518,-1.374,-0.779,-1.24,0.639,-0.771,-0.813,-1.472,-0.821,-0.168,-0.91,0.394,-0.346,-0.8,-0.39,-1.077,-0.723,-1.049,-0.909,-1.332,-0.687,0.121,-1.644,24
-0.325,-0.439,-0.241,-0.278,-1.326,-0.377,-1.319,0.587,-0.716,-1.12,0.127,0.136,-1.774,-0.568,-1.401,-1.182,-1.309,0.26,-0.914,-1.082,-1.923,-1.605,-0.389,-1.225,0.18,-0.115,-0.575,-0.426,-0.851,-0.928,-1.162,-0.954,-1.45,-0.73,-0.074,-1.802,24
-0.305,-0.522,-0.095,-0.076,-1.179,0.229,-1.206,0.69,-1.04,-0.687,0.198,0.36,-1.464,-0.736,-1.505,-0.867,-1.335,0.567,-1.26,-1.114,-1.421,-1.021,-0.363,-1.211,0.606,-0.453,-0.877,-0.48,-0.847,-0.758,-1.121,-0.746,-1.141,-0.57,0.02,-1.936,24
-0.332,-0.498,-0.028,-0.152,-1.191,-0.129,-1.364,0.542,-1.232,-1.813,-0.014,0.449,-1.891,-0.661,-1.608,-1.073,-1.37,0.524,-1.933,-1.823,-2.218,-1.924,-0.867,-1.306,-0.142,-0.339,-0.936,-0.646,-1.109,-0.951,-1.452,-1.138,-1.72,-0.964,-0.055,-1.866,24
-1.092,-0.331,0.015,0,-0.948,0.261,-1.21,0.578,-1.309,-0.954,0.046,0.426,-1.274,-0.777,-1.534,-0.811,-1.14,0.579,-2.4,-1.119,-1.929,0.849,-0.627,-2.316,-0.023,-0.676,-1.49,-0.713,-1.044,-0.731,-1.503,-1.231,-1.611,-0.751,-0.065,-1.588,24
-0.36,-0.507,-0.085,-0.29,-1.275,-0.244,-1.442,0.459,-0.998,-1.531,0.055,0.109,-2.09,-0.622,-1.421,-0.802,-1.301,0.378,-1.397,-1.142,-2.379,-1.713,-0.391,-1.462,0.427,-0.15,-0.62,-0.361,-0.815,-1.019,-1.252,-0.921,-1.512,-0.76,0.239,-1.878,24
-0.391,-0.372,-0.13,-0.42,-1.234,-0.408,-1.307,0.724,-0.883,-1.315,0.006,0.253,-2.024,-0.676,-1.393,-0.885,-1.29,0.443,-1.952,-1.44,-2.044,-3.197,-0.623,-1.727,0.303,-0.41,-0.877,-0.356,-0.889,-1.212,-1.314,-0.968,-1.44,-1.213,0.004,-1.744,24
-0.333,-0.466,-0.365,-0.399,-1.328,-0.462,-1.386,0.45,-0.989,-0.919,-0.102,0.317,-1.932,-0.751,-1.426,-0.969,-1.457,0.356,-1.804,-1.043,-2.38,-2.574,-0.557,-1.668,-0.075,-0.377,-0.916,-0.467,-0.799,-1.312,-1.096,-1.003,-1.289,-1.045,-0.08,-1.386,24
-0.446,-0.416,-0.31,-0.201,-1.179,-0.234,-1.344,0.497,-1.272,-0.853,0.19,0.287,-1.529,-0.61,-1.51,-0.897,-1.214,0.588,-2.081,-1.016,-2.34,-2.182,-0.657,-1.289,0.119,-0.939,-0.99,-0.601,-0.874,-0.78,-1.137,-1.263,-1.5,-0.583,-0.034,-1.299,24
-0.39,-0.615,-0.173,-0.415,-1.456,-0.527,-1.626,0.446,-0.705,-1.009,-0.074,0.24,-1.918,-0.721,-1.445,-0.93,-1.415,0.46,-0.738,-0.95,-1.596,-2.508,-0.479,-1.71,0.083,-0.361,-1.182,-0.208,-0.791,-1.088,-1.075,-0.892,-1.549,-0.802,-0.474,-1.31,24
-0.373,-0.455,-0.167,-0.5,-1.158,0.011,-1.645,0.532,-1.041,-0.749,0.081,0.251,-1.629,-0.726,-1.388,-0.792,-1.373,0.697,-0.756,-0.919,-1.725,-2.042,-0.407,-1.079,0.192,-0.71,-1.161,-0.503,-0.749,-0.679,-1.186,-1.079,-1.085,-0.611,0.05,-1.014,24
-0.412,-0.682,-0.438,-0.529,-1.47,-0.191,-1.572,0.38,-0.874,-1.306,-0.407,-0.353,-1.906,-0.73,-1.624,-1.341,-1.869,-0.053,-0.287,-1.072,-1.366,-0.908,-0.417,-0.949,-0.299,-0.339,-0.92,-0.256,-0.768,-0.812,-1.082,-0.776,-0.845,-0.694,0.015,-1.018,24
-0.432,-0.608,-0.35,-0.479,-1.317,-0.027,-1.575,0.461,-1.29,-1.485,-0.437,-0.24,-1.662,-0.981,-1.443,-1.215,-1.702,0.185,-0.101,-0.778,-1.491,-1.013,-0.457,-0.775,-0.276,-0.559,-1.148,-0.347,-0.76,-0.557,-0.947,-0.941,-0.834,-0.508,-0.146,-0.87,24
-0.214,-0.512,-0.357,-0.238,-1.33,-0.033,-1.455,0.578,-0.699,-0.869,-0.172,-0.253,-1.883,-0.645,-1.52,-0.88,-1.609,0.454,-0.413,-1.251,-1.598,-1.076,-0.586,-1.509,-0.343,-0.271,-1.413,-0.465,-0.778,-0.801,-1.026,-0.937,-1.313,-0.663,-0.141,-1.166,24
-0.241,-0.411,-0.236,-0.141,-1.08,0.012,-1.435,0.474,-1.004,-0.994,-0.035,0.111,-1.52,-0.692,-1.532,-0.609,-1.534,0.576,-0.199,-1.092,-1.584,-1.432,-0.316,-0.98,-0.146,-0.995,-1.298,-0.594,-0.778,-0.668,-1.309,-1.228,-1.334,-0.644,-0.163,-0.886,24
-1.219,-1.222,-0.918,-1.035,-2.666,-1.431,-1.76,-1.481,0.262,-1.412,-0.021,0.057,-2.512,-1.683,-0.426,-1.526,-1.503,-0.476,0.534,0.189,0.148,0.524,0.269,0.223,0.745,0.812,0.267,0.669,0.326,0.256,-0.183,0.614,0.818,0.283,0.732,-0.219,25
-1.298,-1.354,-1.07,-0.785,-2.403,-1.582,-1.738,-1.234,0.395,-1.191,-0.145,0.014,-2.594,-1.579,-0.594,-1.423,-1.358,-0.341,1.266,0.401,0.135,0.53,0.657,0.367,0.846,0.721,0.339,0.805,0.147,0.346,0.031,0.509,0.666,0.449,0.765,-0.092,25
-1.344,-1.234,-0.924,-1.1,-2.791,-1.384,-1.86,-1.058,0.245,-1.385,-0.086,0.06,-2.613,-1.827,-0.354,-1.374,-1.654,-0.509,0.623,0.223,-0.027,0.388,0.386,0.242,0.783,0.76,0.145,0.65,0.359,0.234,-0.179,0.506,0.757,0.302,0.979,-0.24,25
-1.181,-1.182,-1.012,-0.855,-2.445,-1.273,-1.768,-0.881,0.383,-1.165,-0.093,0.148,-2.635,-1.725,-0.407,-1.329,-1.417,-0.278,1.273,0.342,0.08,0.494,0.641,0.444,0.876,0.687,0.278,0.654,0.251,0.321,-0.013,0.555,0.711,0.471,1.093,-0.148,25
-1.261,-1.246,-1.074,-1.02,-2.791,-1.28,-1.893,-1.135,0.256,-1.371,-0.211,-0.048,-2.593,-1.93,-0.293,-1.371,-1.467,-0.569,0.937,0.189,-0.123,0.398,0.474,0.19,0.816,0.78,0.14,0.621,0.287,0.177,-0.171,0.444,-2.147,0.373,0.959,-0.343,25
-1.317,-1.342,-1.06,-1.065,-2.405,-1.18,-1.655,-1.119,0.39,-1.298,-0.105,0.035,-2.79,-1.88,-0.258,-1.535,-1.456,-0.28,1.208,0.137,0.005,0.482,0.642,0.399,0.855,0.708,0.248,0.646,0.305,0.321,-0.084,0.424,0.701,0.44,1.104,-0.262,25
-1.383,-1.201,-1.104,-1.116,-2.481,-1.123,-2.03,-0.636,0.427,-1.291,-0.309,0.004,-2.707,-2.025,-0.359,-1.341,-1.305,-0.366,1.213,0.234,0.068,0.407,0.553,0.345,1.005,0.692,0.143,0.646,0.287,0.253,0.095,0.415,0.799,0.464,1.119,-0.669,25
-1.507,-1.148,-1.104,-1.135,-2.708,-1.3,-2.025,-1.033,0.234,-1.461,-0.179,-0.081,-2.864,-1.864,-0.363,-1.536,-1.334,-0.592,0.853,0.023,-0.249,0.267,0.348,0.161,0.894,0.601,0.035,0.487,0.061,0.048,-0.293,0.182,0.743,0.264,1.015,-0.508,25
-1.516,-1.382,-1.362,-1.072,-2.486,-1.129,-1.75,-1.02,0.253,-1.231,-0.086,0.1,-2.648,-1.944,-0.449,-1.519,-1.253,-0.344,1.07,0.237,-0.016,0.441,0.416,0.308,1.105,0.474,0.125,0.644,0.188,0.12,-0.034,0.381,0.763,0.391,0.987,-0.524,25
-1.475,-1.249,-1.234,-1.335,-2.796,-1.254,-2.09,-1.169,0.155,-1.571,-0.294,-0.008,-2.977,-2.048,-0.6,-1.371,-1.376,-0.53,1.131,0.11,-0.199,0.193,0.269,0.228,0.722,0.503,0.046,0.479,0.001,0.054,-0.214,0.277,0.581,0.231,1.006,-0.437,25
-1.572,-1.37,-1.184,-1.079,-2.579,-1.307,-1.935,-1.142,0.289,-1.409,-0.09,0.103,-2.802,-2.037,-0.439,-1.387,-1.263,-0.444,1.167,0.329,0.066,1.877,0.401,0.305,0.921,0.68,0.023,0.57,0.161,0.244,-0.053,0.365,0.612,0.364,1.058,-0.469,25
-1.472,-1.168,-1.23,-1.063,-2.681,-1.465,-1.947,-1.097,0.08,-1.807,-0.268,-0.2,-3.259,-1.898,-0.768,-1.58,-1.389,-0.484,1.074,0.038,-0.271,0.101,0.347,0.129,0.953,0.405,0.067,0.491,0.018,0.109,-0.195,0.25,0.572,0.229,0.889,-0.655,25
-1.902,-1.431,-1.422,-1.053,-2.73,-1.221,-2.071,-1.065,0.125,-1.384,-0.104,-0.04,-2.796,-2.192,-0.416,-1.534,-1.515,-0.557,1.049,0.147,0.062,0.239,0.307,0.148,1.029,0.664,0.03,0.615,0.139,0.245,-0.123,0.343,0.465,0.386,0.871,-0.677,25
-1.433,-1.226,-1.086,-1.257,-2.758,-1.384,-2.058,-1.201,0.259,-1.497,-0.265,-0.16,-3.122,-1.912,-0.607,-1.333,-1.437,-0.522,1.118,-0.033,-0.08,0.019,0.299,0.177,1.059,0.578,0.033,0.471,-0.069,0.15,-0.251,0.161,0.67,0.209,0.935,-0.501,25
-1.477,-1.32,-1.103,-1.041,-2.643,-1.279,-2.021,-1.218,0.36,-1.513,-0.193,0.025,-2.901,-1.875,-0.41,-1.336,-1.286,-0.403,1.072,0.282,0.069,0.303,0.397,0.303,1.042,0.699,0.016,0.598,0.096,0.181,-0.063,0.105,0.456,0.093,0.937,-0.55,25
-1.268,-1.276,-1.005,-1.81,-2.403,-1.312,-2.213,-0.508,-0.477,-1.436,-0.78,-0.712,-2.385,-1.534,-0.942,-1.25,-2.177,-0.626,1.125,0.296,-0.078,-0.106,0.116,-0.169,0.583,0.633,-0.022,0.243,-0.299,-0.279,-0.023,0.37,0.702,0.078,0.535,-0.295,25
-1.428,-1.265,-1.042,-1.137,-2.319,-1.015,-1.929,-0.296,-0.365,-1.272,-0.612,-0.511,-2.214,-1.464,-0.845,-1.234,-1.89,-0.415,1.199,0.323,-0.019,0.096,0.222,-0.03,0.675,0.722,0.091,0.463,-0.087,0.022,0.207,0.534,0.771,0.201,0.695,-0.179,25
-1.648,-1.309,-1.263,-1.28,-2.759,-1.718,-2.179,-1.282,0.279,-3.361,-0.235,-0.106,-2.751,-2.105,-0.375,-1.376,-1.504,-0.633,1.239,0.009,-0.165,0.231,0.369,0.219,0.868,0.599,-0.221,0.332,-0.118,0.068,-0.364,0.217,0.566,0.26,0.828,-0.364,25
-1.533,-1.243,-1.088,-1.265,-2.439,-1.05,-2.101,-1.193,0.205,-1.297,-0.126,-0.068,-2.753,-2.102,-1.338,-1.317,-1.247,-0.425,1.14,0.12,0.01,0.331,0.252,0.307,0.96,0.702,-0.051,0.557,0.113,0.174,-0.003,0.314,0.568,0.376,0.873,-0.385,25
-1.5,-1.292,-1.17,-0.974,-2.532,-1.422,-1.862,-1.103,0.295,-1.238,-0.174,-0.163,-2.837,-1.682,-0.386,-1.273,-1.408,-0.427,1.037,-0.072,-0.137,0.101,0.286,0.159,0.807,0.522,-0.115,0.364,-0.095,0.206,-0.387,0.057,0.521,0.258,0.863,-0.441,25
-1.357,-1.186,-1.219,-1.046,-2.681,-1.338,-1.942,-1.446,0.277,-1.365,-0.255,-0.073,-2.783,-1.906,-1.168,-1.183,-1.376,-0.342,1.071,0.131,-0.015,0.307,0.191,0.356,0.946,0.68,0.015,0.569,0.17,0.17,-0.211,0.165,0.125,0.266,0.86,-0.42,25
-1.446,-1.29,-1.035,-0.943,-2.591,-1.274,-2.009,-1.016,0.343,-1.238,-0.207,-0.338,-2.833,-1.751,-0.315,-1.124,-1.546,-0.467,0.99,-0.201,-0.134,0.273,-0.132,0.249,0.69,0.416,-0.109,0.266,0.03,0.156,-0.513,0.174,0.408,0.216,0.843,-0.464,25
-1.406,-1.289,-0.97,-1.037,-2.559,-1.274,-1.855,-1,0.407,-1.313,-0.102,-0.101,-2.766,-1.911,-0.417,-1.123,-1.483,-0.316,1.107,0.066,-0.092,0.265,0.087,0.294,0.8,0.621,0.052,0.552,0.146,0.081,-0.299,0.161,0.445,0.22,0.862,-0.532,25
-0.991,-1.043,-0.731,-0.945,-2.328,-1.168,-1.827,-0.33,-0.573,-1.078,-0.745,-0.814,-1.948,-1.141,-1.442,-1.471,-2.39,-0.464,1.309,0.427,0.201,0.014,0.577,0,0.113,0.928,0.499,0.185,0.034,-0.148,-0.001,0.867,0.941,0.375,0.751,-0.115,26
-0.871,-1.092,-0.754,-0.721,-2.003,-0.994,-1.712,0.261,-0.774,-0.858,-0.701,-0.638,-1.867,-0.967,-1.554,-0.977,-2.252,-0.277,1.465,0.574,0.088,0.03,0.111,0.013,0.206,0.838,0.082,0.001,0.305,0,-0.001,1.068,0.958,0.212,0.743,0.01,26
-1.019,-1.177,-0.935,-1.091,-2.353,-1.293,-1.937,-0.021,-0.661,-1.099,-0.895,-0.755,-1.976,-1.003,-1.527,-1.562,-2.778,-0.591,1.003,0.238,0.059,0.011,0.354,-0.002,0.045,0.57,0.258,0.356,0.042,-0.106,-0.001,0.577,0.879,0.12,0.39,-0.011,26
-0.906,-1.003,-0.809,-0.858,-2.054,-0.891,-1.817,0.134,-0.425,-0.46,-0.677,-0.626,-1.863,-1.191,-1.378,-0.93,-2.198,-0.272,1.404,0.429,0.003,0.168,-0.002,-0.001,0.169,0.621,0.064,0.121,-0.002,-0.061,-0.002,0.944,0.938,0.082,0.642,-0.023,26
-1.027,-1.245,-1.073,-1.166,-2.441,-0.986,-1.969,0.023,-1.164,-1.267,-1.01,-0.877,-1.992,-1.274,-1.468,-1.117,-2.461,-0.669,1.196,0.193,0.06,-0.011,0.425,-0.004,0.025,0.48,0.325,0.279,-0.041,-0.13,-0.011,0.84,0.436,0.057,0.316,-0.031,26
-0.965,-1.455,-0.77,-0.98,-2.087,-0.958,-1.955,0.134,-0.951,-1.371,-0.74,-0.628,-1.926,-1.263,-1.382,-0.903,-2.205,-0.411,1.242,0.26,-0.003,0.006,0.341,-0.003,0.132,0.481,0.002,0.206,-0.003,-0.002,0.382,0.849,0.854,-0.003,0.496,-0.03,26
-1.052,-1.103,-0.861,-1.075,-2.415,-0.931,-1.934,0.024,-0.485,-1.259,-1.013,-0.839,-2.002,-1.134,-1.542,-0.929,-2.029,-0.607,0.981,0.211,-0.005,-0.023,0.261,-0.197,0.04,0.709,0.206,0.156,-0.136,-0.125,-0.004,0.673,0.815,-0.005,0.005,-0.035,26
-0.967,-1.075,-0.677,-0.672,-2.182,-0.749,-1.825,0.175,-0.262,-0.67,-0.766,-0.68,-1.703,-1.203,-1.332,-0.813,-2.088,-0.35,1.359,0.104,-0.005,-0.006,-0.002,-0.007,0.046,0.416,0.212,0.067,-0.003,-0.06,-0.005,0.786,0.937,-0.005,0.638,-0.195,26
-1.125,-1.066,-0.872,-1.024,-2.39,-1.092,-2.045,-0.061,-0.71,-1.405,-1.263,-0.87,-2.095,-1.179,-1.577,-0.851,-2.063,-0.688,0.986,0.236,-0.006,-0.028,-0.002,-0.045,0.045,0.787,0.167,0.256,-0.093,-0.156,-0.005,0.542,0.798,-0.007,0.002,-0.147,26
-0.946,-1.287,-0.763,-0.762,-2.126,-0.719,-1.881,0.132,-0.466,-0.754,-0.745,-0.769,-1.589,-1.19,-1.425,-0.805,-2.163,-0.419,1.335,0.268,-0.005,-0.015,0.217,-0.012,0.037,0.518,0.002,-0.002,-0.003,-0.115,-0.005,0.715,0.889,-0.006,0.533,-0.199,26
-1.141,-1.204,-1.083,-1.531,-2.4,-1.033,-2.072,-0.076,-1.193,-1.917,-1.165,-1.07,-2.081,-0.886,-1.598,-1.344,-2.036,-0.887,1.132,-0.006,-0.006,-0.032,0.104,-0.014,0.05,0.621,0.035,0.804,-0.003,-0.062,-0.013,0.22,0.861,-0.009,0.25,-0.021,26
-1.182,-1.601,-1.037,-0.637,-2.339,-0.68,-2.053,0.072,-0.619,-1.197,-1.103,-0.672,-1.966,-1.298,-1.426,-1.081,-2.471,-0.388,1.093,-0.016,-0.005,0.279,-0.002,-0.015,0.04,0.614,0.1,-0.001,-0.002,-0.087,-0.005,0.655,0.889,-0.011,0.66,-0.013,26
-1.096,-1.272,-0.927,-1.494,-2.27,-1.008,-2.023,-0.027,-0.839,-1.619,-1.152,-1.022,-2.152,-1.145,-1.53,-1.026,-2.377,-0.701,1.066,0.04,-0.005,-0.029,-0.003,-0.019,0.058,0.733,0.03,0.001,-0.254,-0.008,0.002,0.591,0.663,-0.013,0.244,-0.026,26
-1.3,-1.232,-0.967,-0.724,-2.099,-0.659,-1.904,0.055,-0.777,-1.589,-1.184,-0.861,-1.963,-1.21,-1.359,-0.839,-2.629,-0.46,1.146,-0.004,-0.006,-0.023,-0.024,-0.019,0.037,0.777,0.002,0.006,-0.002,-0.009,-0.005,0.485,0.827,-0.008,0.754,-0.359,26
-1.216,-0.895,-0.872,-0.635,-2.236,-1.02,-2.155,-0.041,-0.625,-1.258,-1.306,-0.812,-2.147,-0.789,-1.478,-0.887,-2.201,-0.569,1.181,0.31,-0.005,-0.038,-0.003,-0.02,0.057,0.475,0.027,0.142,-0.002,-0.009,-0.006,0.343,0.677,-0.01,0.375,-0.026,26
-1.029,-0.896,-1.04,-1.152,-2.204,-0.856,-2.01,0.059,-0.302,-1.092,-1.139,-0.851,-1.448,-1.227,-1.445,-0.608,-2.092,-0.396,1.248,-0.004,-0.006,0.069,0.248,-0.017,0.038,0.605,0.002,-0.001,-0.002,-0.077,-0.004,0.316,0.936,-0.005,0.656,-0.195,26
-1.149,-0.891,-1.052,-1.545,-2.388,-1.137,-2.268,-0.074,-0.666,-1.689,-1.283,-1.03,-2.151,-1.331,-1.408,-1.402,-2.337,-0.852,1.118,0.022,-0.005,-0.029,0,-0.016,0.048,0.578,0.002,0.24,-0.001,-0.4,-0.004,0.321,0.73,-0.006,0.023,-0.073,26
-0.981,-1.288,-0.98,-1.199,-2.268,-0.924,-1.945,-0.038,-1.092,-1.608,-0.962,-1.01,-1.641,-1.315,-1.42,-0.657,-2.274,-0.456,1.148,0.275,0.16,0.015,0.254,-0.052,0.039,0.23,0.036,0.031,-0.002,-0.006,-0.004,0.635,0.933,-0.005,0.673,-0.064,26
-1.288,-0.942,-0.882,-1.185,-2.344,-1.082,-2.156,-0.067,-0.595,-1.757,-1.093,-1.038,-2.189,-1.29,-1.298,-0.583,-2.227,-0.532,1.198,-0.005,-0.005,-0.027,0.001,-0.018,0.04,0.357,0.003,0.154,-0.001,-0.009,-0.003,0.517,0.571,-0.004,-0.031,-0.122,26
-1.045,-1.084,-0.913,-1.225,-2.253,-0.793,-2.017,-0.129,-0.566,-1.424,-0.96,-0.964,-1.512,-1.164,-1.532,-0.76,-2.557,-0.252,1.285,-0.002,-0.004,-0.026,0.192,-0.014,0.031,0.271,0.002,0,-0.002,-0.005,-0.003,0.623,0.802,-0.004,0.661,-0.392,26
-1.05,-1.069,-0.877,-1.043,-2.197,-0.945,-2.126,0.051,-0.378,-0.886,-0.921,-0.893,-2.158,-0.947,-1.447,-0.776,-2.663,-0.543,1.213,0.327,-0.004,-0.025,0.348,-0.017,0.023,0.845,0.001,0.388,-0.001,-0.378,0.001,0.524,0.729,0.064,0.236,-0.226,26
-0.803,-1.11,-0.852,-1.023,-2.197,-0.814,-2.025,0.086,-0.559,-1.277,-0.858,-0.959,-1.842,-1.202,-1.237,-0.784,-2.273,-0.389,1.315,0.164,-0.003,-0.025,0.321,-0.01,0.024,0.55,0.002,0.002,-0.001,-0.067,-0.002,0.562,0.832,0.032,0.374,-0.244,26
-0.794,-0.93,-0.965,-0.82,-2.198,-0.889,-2.145,-0.037,-0.994,-1.088,-0.957,-1.055,-2.261,-1.095,-1.301,-0.745,-2.328,-0.366,1.09,0.349,-0.002,-0.017,0.262,-0.015,0.007,0.761,0.001,0.378,0,-0.243,0.001,0.365,0.686,0.187,0.17,-0.298,26
-0.543,-0.699,-0.58,-0.455,-1.725,-0.66,-1.505,0.138,-1.269,-2.112,-1.287,-0.96,-1.624,-0.94,-1.636,-2.368,-2.814,-0.961,0.017,-0.713,-1.037,-0.346,0.066,-0.418,-0.447,-0.104,-0.418,0.041,-0.247,-0.442,-1.031,-0.189,-0.264,-0.286,0.165,-0.767,27
-0.527,-0.725,-0.484,-0.247,-1.543,-0.6,-1.524,0.312,-1.178,-1.923,-1.125,-0.76,-1.518,-0.724,-1.917,-2.197,-2.514,-0.679,0.166,-0.813,-0.941,-0.209,0.098,-0.135,-0.266,-0.178,-0.472,0.191,-0.195,-0.298,-0.756,-0.217,-0.196,-0.263,0.299,-0.568,27
-0.576,-0.717,-0.814,-0.808,-1.886,-0.801,-1.537,0.177,-1.374,-2.095,-1.412,-0.927,-1.682,-0.977,-1.649,-2.326,-2.69,-0.848,-0.223,-0.838,-1.198,-0.596,-0.272,-0.441,-0.64,-0.256,-0.664,0.012,-0.367,-0.497,-1.05,-0.303,-0.417,-0.374,-0.007,-0.923,27
-0.52,-0.674,-0.753,-0.573,-1.611,-0.644,-1.599,0.26,-1.215,-2.241,-1.062,-0.778,-1.623,-1.011,-1.711,-2.091,-2.563,-0.649,-0.004,-0.657,-1.062,-0.403,-0.055,-0.25,-0.487,-0.208,-0.714,0.033,-0.266,-0.359,-0.822,-0.289,-0.32,-0.346,0.005,-0.745,27
-0.592,-0.893,-0.712,-0.649,-1.813,-0.606,-1.597,0.136,-1.352,-2.099,-1.41,-0.93,-1.716,-1.022,-1.675,-2.093,-2.736,-0.804,-0.012,-0.751,-1.214,-0.463,-0.069,-0.51,-0.65,-0.161,-0.618,-0.098,-0.407,-0.482,-1.114,-0.466,-2.174,-0.428,-0.048,-0.943,27
-0.615,-0.801,-0.503,-0.494,-1.49,-0.479,-1.492,0.379,-1.164,-1.992,-1.035,-0.797,-1.582,-1.083,-1.609,-2.063,-2.501,-0.566,-0.039,-0.622,-0.985,-0.237,-0.126,-0.274,-0.485,-0.337,-0.556,0.013,-0.337,-0.316,-0.777,-0.397,-0.333,-0.319,0.16,-0.832,27
-0.623,-0.781,-0.565,-0.695,-1.841,-0.494,-1.734,0.272,-1.229,-2.12,-1.358,-0.878,-1.73,-0.787,-1.683,-2.057,-2.625,-0.874,-0.356,-0.974,-1.267,-0.468,-0.166,-0.585,-0.666,-0.171,-0.689,-0.062,-0.562,-0.697,-1.196,-0.536,-0.456,-0.536,-0.047,-1.076,27
-0.488,-0.745,-0.497,-0.448,-1.586,-0.355,-1.469,0.378,-1.179,-1.966,-1.036,-0.877,-1.618,-0.971,-1.566,-2.016,-2.551,-0.705,-0.054,-0.893,-0.967,-0.283,-0.148,-0.262,-0.51,-0.248,-0.577,-0.017,-0.408,-0.368,-0.903,-0.416,-0.455,-0.342,0.174,-0.923,27
-0.729,-0.846,-0.637,-0.729,-1.826,-0.499,-1.697,0.21,-1.27,-2.344,-1.455,-1.084,-1.794,-1.03,-1.762,-1.952,-2.569,-0.981,-0.395,-1.081,-1.292,-0.571,-0.325,-0.566,-0.653,-0.279,-0.65,-0.191,-0.518,-0.657,-1.294,-0.745,-0.537,-0.58,0.031,-1.063,27
-0.585,-0.801,-0.588,-0.544,-1.683,-0.38,-1.571,0.312,-1.228,-2.048,-1.129,-0.97,-1.621,-1.01,-1.663,-2.111,-2.541,-0.765,-0.196,-0.767,-1.113,-0.335,-0.291,-0.34,-0.598,-0.273,-0.765,-0.144,-0.429,-0.39,-1.041,-0.579,-0.452,-0.394,0.079,-0.982,27
-0.73,-0.815,-0.802,-1.017,-1.851,-0.525,-1.703,0.1,-1.324,-2.635,-1.523,-1.132,-1.829,-1.143,-1.744,-2.136,-2.695,-1.133,-0.227,-0.936,-1.318,-0.674,-0.345,-0.478,-0.793,-0.135,-0.678,-0.105,-0.523,-0.603,-1.078,-0.606,-0.442,-0.522,-0.101,-0.923,27
-0.694,-1.084,-0.784,-0.608,-1.574,-0.361,-1.579,0.137,-1.685,-2.339,-1.336,-0.949,-1.617,-1.247,-1.685,-2.13,-2.568,-0.71,-0.085,-0.635,-1.117,-0.47,-0.207,-0.437,-0.638,-0.294,-0.772,-0.133,-0.485,-0.379,-0.804,-0.604,-0.394,-0.436,0.128,-0.893,27
-0.73,-0.999,-0.728,-0.912,-1.82,-0.645,-1.82,0.09,-1.315,-0.953,-1.684,-1.185,-1.913,-1.12,-1.78,-1.983,-2.537,-0.922,-0.331,-0.891,-1.363,-0.561,-0.382,-0.584,-0.739,-0.086,-0.791,-0.074,-0.537,-0.644,-1.11,-0.722,-0.481,-0.54,-0.007,-1.15,27
-1.318,-1.228,-0.763,-0.616,-1.783,-0.32,-1.705,0.039,-1.366,-2.316,-1.306,-1.103,-1.693,-1.332,-1.753,-1.983,-2.874,-0.775,-0.343,-0.667,-1.078,-0.453,-0.256,-0.385,-0.543,-0.242,-0.789,-0.126,-0.47,-0.359,-0.943,-0.74,-0.313,-0.334,0.203,-1.04,27
-0.651,-0.954,-0.917,-1.022,-1.951,-0.644,-1.799,0.085,-1.292,-2.363,-1.55,-1.106,-1.921,-1.137,-1.722,-2.131,-2.572,-0.929,-0.246,-0.91,-1.309,-0.613,-0.344,-0.567,-0.69,-0.185,-0.841,-0.112,-0.623,-0.76,-1.21,-0.665,-0.467,-0.559,-0.075,-1.006,27
-0.829,-1.009,-0.904,-0.779,-1.709,-0.42,-1.676,0.201,-1.383,-2.356,-1.352,-1.08,-1.657,-1.081,-2.077,-2.247,-2.691,-0.716,-0.268,-0.761,-1.101,-0.678,-0.275,-0.597,-0.57,-0.32,-0.985,-0.067,-0.588,-0.44,-0.96,-0.77,-0.403,-0.441,-0.022,-0.989,27
-0.746,-0.92,-0.728,-0.811,-1.886,-0.636,-1.835,0.074,-1.249,-2.458,-1.544,-1.089,-1.909,-1.064,-1.68,-2.389,-2.923,-0.945,-0.174,-0.988,-1.294,-0.487,-0.394,-0.642,-0.687,-0.231,-0.779,-0.161,-0.707,-0.682,-1.168,-0.692,-0.588,-0.548,-0.119,-1.006,27
-0.711,-0.906,-0.75,-0.856,-1.651,-0.542,-1.677,0.233,-1.331,-2.315,-1.21,-1.101,-1.718,-1.169,-1.778,-2.445,-2.616,-0.825,-0.15,-0.834,-1.236,-0.393,-0.245,-0.421,-0.598,-0.341,-0.854,-0.096,-0.553,-0.428,-0.978,-0.742,-0.32,-0.424,0.067,-0.997,27
-0.759,-1.007,-0.674,-0.842,-1.82,-0.698,-1.901,0.139,-1.177,-2.82,-1.522,-1.15,-1.948,-1.045,-1.689,-2.204,-2.593,-0.903,-0.185,-0.914,-1.307,-0.594,-0.331,-0.571,-0.6,-0.238,-0.937,-0.094,-0.574,-0.612,-1.149,-0.753,-0.369,-0.58,-0.111,-0.946,27
-0.518,-0.81,-0.943,-0.595,-1.69,-0.377,-1.685,0.194,-1.377,-2.263,-1.24,-1.138,-1.788,-1.042,-1.554,-2.04,-2.691,-0.738,-0.014,-0.933,-1.171,-0.454,-0.268,-0.432,-0.563,-0.425,-0.901,-0.107,-0.571,-0.44,-0.947,-0.667,-0.356,-0.43,0.066,-0.875,27
-0.76,-1.049,-0.763,-0.638,-1.821,-0.601,-1.766,0.371,-1.137,-2.12,-1.328,-1.004,-2.034,-0.91,-1.717,-2.017,-2.49,-0.983,-0.165,-0.946,-1.249,-0.471,-0.289,-0.605,-0.667,-0.211,-0.813,-0.098,-0.644,-0.692,-1.108,-0.791,-0.624,-0.58,0.017,-0.984,27
-0.849,-1.012,-0.754,-0.578,-1.776,-0.582,-1.849,0.313,-1.044,-2.093,-1.513,-1.243,-1.97,-0.876,-1.65,-1.952,-2.721,-0.759,-0.199,-0.975,-1.27,-0.461,-0.372,-0.597,-0.698,-0.188,-0.993,-0.136,-0.82,-0.546,-1.147,-0.746,-0.645,-0.432,-0.23,-1.011,27
-0.669,-0.898,-0.662,-1.311,-1.732,-0.42,-1.709,0.19,-1.207,-2.264,-1.364,-1.122,-1.836,-1.092,-1.522,-1.744,-2.867,-0.751,0.002,-0.803,-1.296,-0.448,-0.232,-0.383,-0.577,-0.378,-0.968,-0.117,-0.591,-0.425,-0.943,-0.771,-0.45,-0.44,-0.052,-1.008,27
-0.703,-0.811,-0.323,-0.587,-1.604,-0.782,-1.463,0.671,-0.594,-1.714,-0.357,-0.552,-2.006,-0.596,-1.414,-1.36,-2.004,-0.188,0.05,-0.126,-0.483,-0.113,0.368,-0.437,0.163,0.414,-0.031,0.099,-0.159,-0.17,-0.415,0.003,0.284,-0.16,0.176,-0.47,28
-0.607,-1.014,-0.581,-0.754,-1.536,-0.91,-1.4,0.845,-0.582,-1.526,-0.459,-0.333,-1.711,-0.583,-1.665,-1.508,-1.968,0.114,0.222,-0.298,-0.227,-0.103,0.355,-0.257,0.181,0.031,0.044,0.224,-0.265,-0.202,-0.118,-0.119,0.117,-0.228,0.199,-0.422,28
-0.544,-0.669,-0.207,-0.53,-1.573,-0.394,-1.275,0.978,-0.52,-1.111,-0.301,-0.396,-1.649,-0.658,-1.279,-1.224,-1.856,-0.07,0.026,-0.229,-0.631,-0.24,0.067,-0.434,0.341,0.277,-0.1,0.164,-0.233,-0.312,-0.558,-0.053,0.118,-0.248,0.183,-0.738,28
-0.601,-0.692,-0.268,-0.336,-1.504,-0.445,-1.062,0.756,-0.349,-1.123,-0.344,-0.09,-1.5,-0.735,-1.297,-1.223,-1.785,0.173,0.044,0.079,-0.3,-0.054,0.133,-0.23,0.18,0.225,0.025,0.125,-0.357,-0.166,-0.265,-0.266,-0.055,-0.263,0.21,-0.597,28
-0.813,-0.82,-0.398,-0.407,-1.473,-0.531,-1.008,0.89,-0.486,-1.037,-0.334,-0.463,-1.746,-0.401,-1.154,-1.044,-1.912,0.267,0.075,0.025,-0.181,0.024,0.094,-0.303,0.344,0.09,0.117,0.184,-0.199,-0.249,-0.127,-0.249,0.12,-0.145,0.33,-0.744,28
-0.614,-0.737,-0.237,-0.763,-1.527,-0.23,-1.308,0.954,-0.404,-1.302,-0.479,-0.454,-1.744,-0.415,-1.216,-1.203,-1.8,-0.137,-0.413,-0.337,-0.476,-0.662,-0.001,-0.533,0.801,0.287,-0.188,0.039,-0.344,-0.357,-0.511,-0.302,-0.029,-0.399,0.192,-0.899,28
-0.689,-0.686,-0.43,-0.359,-1.394,-0.156,-1.185,0.913,-0.551,-0.961,-0.195,-0.447,-1.654,-0.561,-1.242,-1.067,-1.884,0.118,-0.171,-0.061,-0.202,-0.211,-0.009,-0.365,0.352,0.102,-0.111,0.049,-0.252,-0.315,-0.15,-0.225,-0.003,-0.268,0.148,-0.984,28
-0.581,-0.77,-0.509,-0.735,-1.655,-0.275,-1.453,0.716,-0.572,-1.431,-0.326,-0.629,-1.768,-0.578,-1.397,-1.156,-1.851,-0.146,-0.254,-0.286,-0.526,-0.822,-0.069,-0.645,0.501,0.158,-0.215,0.024,-0.302,-0.464,-0.675,-0.349,0.022,-0.426,0.135,-1.05,28
-0.816,-0.601,-0.634,-0.392,-1.414,-0.035,-1.349,0.932,-0.639,-1.058,-0.379,-0.577,-1.62,-0.569,-1.418,-1.213,-1.875,0.197,-0.03,-0.071,-0.312,-0.32,0.013,-0.67,0.502,0.214,-0.354,0.042,-0.194,-0.346,-0.116,-0.299,0.065,-0.358,0.133,-1.116,28
-0.651,-0.765,-1.921,-0.863,-1.504,-0.436,-1.438,0.797,-0.638,-1.928,-0.578,-0.707,-1.925,-0.704,-1.541,-0.954,-2.179,-0.233,-0.302,-0.312,-0.649,-0.726,0.036,-0.78,0.615,0.197,-0.268,-0.072,-0.606,-0.479,-0.546,-0.324,-0.048,-0.486,0.098,-1.136,28
-0.77,-0.816,-0.657,-0.762,-1.57,-0.379,-1.28,0.761,-0.965,-1.467,-0.539,-0.595,-1.818,-0.86,-1.802,-1.5,-1.99,0.059,-0.65,0.046,-0.172,-0.568,0.057,-0.822,0.489,0.185,-0.268,0.143,-0.259,-0.298,0.002,-0.392,0.165,-0.48,0.157,-0.597,28
-0.528,-0.628,-0.306,-0.787,-1.605,-0.537,-1.75,0.909,-0.614,-1.623,-0.544,-0.896,-1.963,-0.487,-1.512,-0.901,-1.923,-0.273,-0.254,-0.424,-0.686,-0.8,0.02,-0.935,0.784,0.207,-0.156,0.008,-0.252,-0.648,-0.491,-0.323,0.098,-0.464,0.253,-1.106,28
-0.692,-0.648,-0.712,-1.082,-1.686,-0.703,-1.906,0.757,-0.541,-1.745,-0.666,-0.774,-1.977,-0.72,-1.349,-1.271,-1.87,-0.094,-1.361,-0.303,-0.609,-0.823,0.038,-0.914,0.675,0.195,-0.318,0.007,-0.405,-0.515,-0.724,-0.313,0.123,-0.531,0.137,-1.029,28
-1.892,-0.726,-0.802,-0.739,-1.565,-0.695,-1.513,0.834,-0.849,-1.363,-0.486,-0.82,-1.767,-0.57,-1.839,-1.22,-1.991,-0.119,-1.785,-0.111,-0.27,-0.572,0.02,-0.743,0.565,0.198,-0.3,0.095,-0.304,-0.34,-0.022,-0.465,0.241,-0.332,0.285,-0.812,28
-0.749,-0.772,-0.702,-0.88,-1.624,-0.719,-1.821,0.836,-0.551,-1.97,-0.582,-0.665,-1.883,-0.59,-1.292,-1.383,-2.318,-0.294,0.334,-0.335,-0.704,-0.88,-0.111,-1.039,0.386,0.154,-0.255,-0.037,-0.564,-0.732,-0.675,-0.359,0.081,-0.513,0.02,-0.832,28
-1.079,-0.788,-0.681,-0.956,-1.582,-0.656,-1.592,0.915,-1.002,-1.603,-0.711,-0.755,-1.751,-0.667,-1.534,-1.107,-1.957,-0.291,0.067,0.112,-0.899,-0.746,-0.001,-0.751,0.691,0.06,-0.387,0.131,-0.373,-0.342,-0.057,-0.31,0.125,-0.36,0.15,-0.762,28
-0.916,-0.696,-0.707,-1.011,-1.566,-0.692,-1.843,0.814,-0.565,-2.583,-0.564,-0.76,-1.985,-0.656,-1.434,-1.203,-2.013,-0.084,0.395,-0.396,-0.457,-0.839,-0.142,-0.99,0.454,0.051,-0.584,-0.025,-0.432,-0.576,-0.511,-0.419,0.123,-0.482,0.077,-0.713,28
-0.767,-0.62,-0.811,-1.2,-1.627,-0.494,-1.659,0.7,-0.789,-1.455,-0.705,-0.837,-1.762,-0.593,-1.746,-1.457,-2.089,-0.187,0.225,-0.216,-0.323,-0.669,-0.118,-0.786,0.541,-0.002,-0.618,-0.158,-0.361,-0.342,-0.236,-0.512,-0.011,-0.277,0.202,-0.689,28
-0.8,-0.725,-0.548,-0.711,-1.587,-0.377,-1.658,0.901,-0.432,-1.114,-0.564,-0.695,-1.995,-0.534,-1.371,-1.033,-2.059,-0.188,0.205,-0.233,-0.534,-0.517,-0.011,-0.808,0.277,0.165,-0.384,-0.126,-0.342,-0.474,-0.557,-0.319,0.033,-0.531,0.229,-0.634,28
-0.832,-0.727,-0.498,-0.709,-1.711,-0.295,-1.643,1.006,-0.466,-1.198,-0.772,-0.863,-1.973,-0.532,-1.293,-0.975,-2.094,-0.095,0.437,-0.194,-0.435,-0.433,-0.116,-0.925,0.094,0.1,-0.474,-0.061,-0.526,-0.365,-0.509,-0.421,-0.038,-0.335,0.006,-0.792,28
-0.895,-0.64,-0.692,-0.897,-1.551,-0.501,-1.665,0.782,-0.534,-1.301,-0.743,-0.727,-1.801,-0.588,-2.124,-0.884,-2.013,0.158,0.451,-0.316,-0.56,-0.567,-0.066,-0.543,0.276,0.04,-0.409,-0.042,-0.342,-0.273,-0.206,-0.505,-0.102,-0.421,-0.023,-0.653,28
-0.786,-0.092,-0.013,-0.003,-1.042,-0.378,-0.276,0.121,-0.003,0,0.394,0,-0.977,-0.002,-0.196,0,-0.014,0.051,1.748,0,-0.002,0.185,0.129,-0.001,0.003,0.277,0.272,0.001,-0.002,0,-0.001,0.049,0.831,0.002,0.001,0,29
-0.009,-0.127,0.067,-0.05,-0.735,-0.164,-0.521,0.395,-0.003,-0.003,1.16,0,-0.72,-0.002,-0.379,0.004,-0.154,0.643,1.244,0.082,-0.003,0.001,-0.001,-0.001,-0.001,0.281,0,0.002,-0.287,-0.001,-0.001,0.793,1.351,0.001,0.001,-0.004,29
-0.001,-0.139,-0.004,-0.003,-1.085,-0.335,-0.437,0.068,-0.004,0,0.242,0.011,-1.051,-0.002,-0.225,0,0,0,1.554,-0.001,-0.003,-0.003,0.157,-0.002,0.013,0,0.178,0.019,-0.002,0,-0.001,0.425,0.827,0.001,0.051,-0.005,29
-0.296,0,-0.015,-0.003,-0.761,-0.104,-0.131,0.239,-0.005,-0.003,1.072,0.068,-0.276,-0.002,-0.029,0,-0.065,0.345,1.086,-0.001,-0.003,0.021,-0.001,-0.001,-0.003,0,0.011,0,-0.002,-0.001,-0.001,0.408,1.232,-0.001,0.001,-0.009,29
0.001,-0.087,-0.004,-0.003,-1.165,-0.271,-0.721,0.041,-0.005,0,0.282,0.431,-1.092,-0.001,-0.109,0.001,-0.119,-0.001,1.588,-0.003,-0.005,-0.011,0,-0.005,0.026,0.233,1.68,0.001,-0.001,-0.001,0.226,0.275,1.141,-0.001,0.002,-0.01,29
-0.443,-0.367,-0.184,-0.003,-0.639,-0.175,-0.577,0.267,-0.009,-0.003,0.666,0.105,-0.352,-0.002,-0.087,0,0.001,0.353,0.844,1.84,-0.004,0.001,-0.002,-0.003,0.005,0.002,0.39,0.542,-0.003,-0.003,-0.003,0.37,1.143,-0.003,0.002,-0.014,29
0.001,0,-0.004,-0.002,-1.031,-0.092,-0.565,-0.001,-0.006,0,0.027,0.097,-0.925,-0.444,0.001,0.001,0,0.006,1.475,0.095,-0.006,-0.023,-0.002,-0.009,0.041,0,0.002,0.001,-0.002,-0.002,-0.001,0.322,0.754,-0.005,0.002,-0.013,29
-0.201,0,-0.005,-0.002,-0.876,-0.055,-0.381,0.001,-0.01,-0.003,0.598,0.031,-0.086,-0.001,-0.262,0,-0.027,0.23,0.996,-0.006,-0.005,-0.004,-0.002,-0.007,0.007,0.001,0.001,-0.001,-0.003,-0.004,-0.005,0.166,1.029,-0.006,0.001,-0.017,29
0.001,0.001,-0.004,-0.001,-0.803,-0.18,-0.407,-0.001,-0.007,0,-0.001,-0.003,-0.698,0.002,0.001,0.001,0.001,-0.003,1.2,-0.003,-0.006,-0.026,-0.003,-0.011,0.047,0.29,0.002,0.001,-0.002,-0.002,-0.004,0,0.722,-0.008,0.002,-0.018,29
-0.04,0,-0.005,-0.001,-1.146,0.029,-0.08,-0.001,-0.009,-0.001,0.249,-0.001,-0.001,-0.001,-0.002,0.001,0.001,-0.003,0.685,-0.006,-0.005,-0.011,-0.002,-0.011,0.021,0,0.001,-0.001,-0.003,-0.004,-0.005,0.457,0.92,-0.006,0.272,-0.019,29
0.001,-0.145,-0.508,-0.001,-0.919,-0.38,-0.824,0.796,-0.085,0.001,0.278,-0.004,-1.117,0.004,-0.315,0.001,-1.113,-0.003,0.978,-0.007,-0.006,-0.032,-0.002,-0.015,0.053,0.683,0.003,0.001,-0.003,-0.004,0.473,0.001,1.183,-0.009,0.002,-0.069,29
-0.051,-0.564,-0.219,-0.002,-1.495,-0.043,-0.245,0.033,-0.009,-0.001,0.243,0.007,-1.51,0.001,-0.597,0.001,-1.139,0.466,0.625,-0.009,0.087,-0.018,-0.001,-0.015,0.032,0,0.002,0,-0.003,-0.229,-0.006,0.681,1.735,-0.01,0.466,0.068,29
-0.503,0,-0.005,-0.001,-1.022,-0.173,-0.912,0.24,-0.008,0,0,-0.006,-1.285,0.003,-0.136,0.002,0.001,-0.004,1.029,-0.009,-0.006,-0.028,-0.003,-0.02,0.052,0.508,0.003,0,-0.002,-0.007,-0.007,0.001,0.677,-0.012,0.002,-0.027,29
-0.229,-0.561,-0.004,-0.001,-0.889,0.082,-0.474,0.023,-0.008,-0.407,0.089,-0.003,-0.012,0,-0.309,0.001,0.001,1.344,0.597,-0.01,-0.005,-0.022,0,-0.016,0.03,-0.001,0.002,-0.001,-0.002,-0.006,-0.005,0.33,1.212,-0.008,0.594,-0.019,29
-0.127,0.001,-0.004,0,-1.072,-0.252,-0.413,0.04,-0.007,-0.664,0,-0.005,-0.99,0.003,-0.09,-0.358,0.001,-0.004,0.454,-0.007,-0.006,-0.039,-0.003,-0.021,0.06,0.006,0.003,0.002,-0.001,-0.01,-0.006,0.001,0.897,-0.01,0.002,-0.028,29
-0.692,-0.301,-0.004,-0.001,-0.77,-0.051,-0.34,0.214,-0.007,0,0,-0.001,-0.001,0,-0.349,-0.249,-0.754,-0.004,0.448,-0.008,-0.005,-0.021,-0.034,-0.017,0.036,-0.001,0.002,0,-0.003,-0.006,-0.004,0.123,1.034,-0.006,0.196,-0.269,29
-0.013,0.001,-0.004,-0.001,-1.117,-0.225,-0.495,0.065,-0.006,-0.002,0,-0.003,-0.491,0.003,0.002,0.001,0.001,-0.002,0.361,-0.006,-0.005,-0.037,-0.001,-0.02,0.047,-0.002,0.003,0.004,-0.001,-0.011,-0.004,0.001,0.938,-0.006,0.002,-0.017,29
-0.978,0.001,-0.004,-0.002,-0.927,-0.039,-0.786,0.064,-0.007,0,0,-0.001,0,0,-0.212,0.002,0.001,-0.004,0.672,-0.003,-0.005,-0.021,0,-0.015,0.037,-0.001,0.002,0,-0.002,-0.006,-0.004,0.045,0.916,-0.004,0.001,-0.012,29
0.001,0.001,-0.005,-0.075,-2.294,-0.32,-0.669,0.578,-0.006,-0.204,0,-0.002,-0.793,0.001,0.001,-0.63,-0.569,-0.002,0.602,-0.002,-0.005,-0.027,0.001,-0.018,0.038,-0.003,0.003,0.004,0,-0.008,-0.002,0.002,0.86,-0.005,0.002,-0.008,29
0.001,0.001,-0.129,-0.001,-0.899,-0.128,-0.401,0.588,-0.006,0,0.19,0,-0.024,-0.001,-2.884,0.001,0.002,-0.001,0.848,-0.002,-0.004,2.095,-0.001,-0.013,0.024,-0.001,0.002,0,-0.001,-0.006,-0.003,0.157,0.933,-0.003,0.002,-0.005,29
1.451,0.001,-0.032,-0.002,-1.002,-0.254,-0.107,0.346,0.371,0,0,0.488,-0.377,-0.002,0,0.001,-0.335,0,0.352,0,-0.002,-0.019,-0.08,-0.014,0.006,0.074,0.001,0.002,0,-0.001,0.001,0.002,0.445,0,0.002,0.002,29
1,0.001,-0.267,-0.002,-0.69,-0.13,-0.103,0.858,-0.003,0,0.487,-0.002,0.001,-0.003,-4.773,0.001,-0.225,0,0.384,0.001,-0.001,-0.013,-0.034,-0.005,0.014,0,0.002,0.002,-0.001,-0.002,0.003,0.095,0.695,0.002,0.002,-0.258,29
-1.064,-1.554,-0.227,-0.373,-1.802,-0.487,-1.551,0.171,-0.084,-0.914,-0.162,-0.808,-2.279,-0.688,-1.575,-0.947,-1.699,-0.636,-2.526,-1.692,-2.444,-1.618,-0.715,-1.479,-0.291,-1.116,-1.35,-0.554,-1.229,-1.132,-2.307,-1.871,-2.581,-1.008,-0.728,-1.368,30
-1.04,-1.719,-0.785,-0.291,-1.955,-0.829,-1.269,-0.016,-0.751,-2.025,-0.98,-0.788,-2.086,-0.965,-1.406,-1.4,-1.775,-0.475,-2.648,-2.492,-2.188,-1.96,-1.86,-1.746,0.077,-1.799,-1.147,-0.95,-1.752,-1.556,-2.206,-2.686,-2.929,-1.762,-1.359,-2.552,30
-0.633,-0.56,-0.319,-0.44,-1.516,-0.335,-1.052,0.998,-0.005,-0.194,0.506,0.536,-1.408,-0.356,-0.255,0,-1.088,0.815,1.729,0.717,0.13,0.218,-0.093,-0.321,0.367,1.111,0.109,0.521,-0.102,-0.504,0.56,0.604,1.513,0.203,0.226,-0.169,30
-0.448,-0.436,-0.296,-0.868,-1.479,-0.151,-0.931,1.133,0.201,-0.212,0.72,0.342,-1.302,-0.296,-2.426,0.09,-1.104,0.854,1.775,0.816,0.651,0.52,-0.006,-0.309,0.524,1.165,0.573,0.386,-0.001,-0.383,0.55,0.557,1.618,0.282,0.204,-0.25,30
-0.802,-0.84,-0.516,-0.49,-1.891,-0.264,-1.285,0.869,-0.24,-0.354,-0.129,-0.522,-1.995,-0.414,-0.867,0.009,-1.425,0.346,0.891,-0.113,0.14,-0.859,-0.593,-3.132,0.996,0.092,-0.013,-0.208,-0.716,-0.862,-0.427,-0.344,0.265,-0.37,0.02,-0.92,30
-0.87,-0.838,-0.708,-0.512,-2.036,-0.725,-1.229,0.684,-0.086,-0.65,0.167,-0.512,-1.838,-0.432,-1.949,-0.293,-1.566,0.54,0.722,-0.151,-0.144,-0.781,-0.703,-1.54,2.226,-0.042,-0.002,-0.156,-0.925,-0.87,-0.311,-0.583,-0.219,-0.276,-0.358,-0.943,30
-0.956,-1.374,-0.669,-0.237,-2.249,-0.516,-1.63,-0.16,-0.296,-1.141,-0.04,-0.783,-2.183,-0.972,-1.402,-0.977,-1.675,-0.885,-2.659,-2.014,-1.77,-2.114,-0.711,-1.653,-0.409,-1.32,-1.211,-0.467,-1.086,-1.149,-3.454,-2.472,-3.713,-1.043,-0.763,-1.695,31
-1.182,-1.608,-1.767,-0.179,-2.121,-0.775,-1.397,-0.026,-1.169,-1.931,-0.901,-0.72,-2.329,-1.135,-1.307,-1.303,-1.807,-0.622,-3.192,-2.921,-3.194,-1.915,-1.816,-1.877,-0.475,-2.069,-1.564,-0.91,-0.547,-1.942,-2.81,-2.952,-3.55,-2.102,-1.42,-3.49,31
-0.097,-1.542,-0.877,-0.322,-2.498,-0.308,-1.769,-0.421,-0.95,-0.812,-0.401,-0.751,-2.587,-1.482,-1.693,-1.242,-1.858,-0.59,0.241,-0.73,-0.591,-0.281,0.06,-0.518,2.041,0.036,0.143,0.418,-0.198,-0.446,-0.648,-0.444,-1.062,-0.195,0.347,-1.842,31
-0.968,-1.52,-1.342,-0.718,-2.3,-0.65,-1.39,-0.477,-6.509,-1.764,-0.735,-1.205,-2.822,-1.282,-2.064,-1.542,-1.991,-0.333,-0.107,-0.834,-0.436,0.09,0.041,-0.357,0.632,0.033,0.081,0.362,-0.191,-0.582,-0.685,-0.471,-0.178,-0.091,0.19,-2.008,31
-0.937,-0.787,-0.584,-0.684,-1.482,-0.734,-1.119,-0.581,-0.255,-1.358,0.246,0.079,-1.832,-1.361,-0.562,-1.523,-1.303,-0.342,0.127,-0.33,-0.412,-0.032,0.072,-0.393,-0.052,-0.089,-0.196,0.422,-0.243,-0.278,-0.932,-0.293,-0.067,-0.171,0.24,-0.702,32
-1.028,-0.659,-0.552,-0.664,-1.233,-0.663,-1.122,-0.166,-0.183,-1.156,-0.116,0.118,-1.799,-1.246,-0.768,-1.291,-1.159,-0.132,0.171,-0.484,-0.21,0.131,-0.084,-0.174,0.077,-0.162,-0.074,0.382,-0.319,-0.204,-0.65,-0.454,-0.366,-0.112,0.297,-0.594,32
-0.762,-0.757,-0.505,-0.74,-1.596,-0.597,-1.122,-0.387,-0.123,-1.363,0.163,0.015,-1.941,-1.402,-0.477,-1.377,-1.261,-0.233,0.216,-0.338,-0.474,-0.052,0.106,-0.387,0.108,-0.019,-0.175,0.334,-0.307,-0.31,-1.025,-0.601,-0.273,-0.191,0.275,-0.935,32
-0.93,-0.628,-0.54,-0.634,-1.383,-0.633,-1.023,-0.092,-0.156,-1,0.215,0.17,-1.783,-1.222,-0.577,-1.023,-1.137,0.048,0.116,-0.093,-0.283,0.166,0.131,-0.192,0.129,-0.073,-0.194,0.452,-0.393,-0.202,-0.59,-0.48,-0.194,-0.061,0.264,-0.785,32
-0.743,-0.778,-0.624,-0.884,-1.504,-0.542,-1.21,-0.315,-0.292,-1.351,0.142,0.077,-2,-1.444,-0.459,-1.35,-1.313,-0.184,0.294,-0.337,-0.815,-0.167,0,-0.449,0.244,-0.062,-0.196,0.334,-0.346,-0.317,-1.021,-0.562,0.03,-0.267,0.249,-1.117,32
-0.73,-0.629,-0.528,-0.596,-1.39,-0.453,-1.226,-0.035,-0.308,-1.068,-0.052,0.19,-1.885,-1.324,-0.689,-1.143,-1.131,0.157,0.083,-0.184,-0.309,0.107,0.02,-0.299,0.098,-0.147,-0.105,0.406,-0.346,-0.298,-0.639,-0.549,-0.154,-0.105,0.36,-0.97,32
-0.703,-0.808,-0.551,-0.996,-1.579,-0.402,-1.269,-0.199,-0.293,-1.423,0.074,0.063,-1.845,-1.313,-0.491,-1.227,-1.287,-0.27,0.104,-0.489,-0.679,-0.386,-0.029,-0.541,0.551,-0.099,-0.491,0.235,-0.466,-0.449,-0.979,-0.505,-0.401,-0.28,0.256,-1.249,32
-0.739,-0.625,-0.478,-0.69,-1.411,-0.419,-1.136,-0.058,-0.295,-1.029,0.117,0.077,-1.884,-1.301,-4.766,-1.037,-1.103,0.053,0.051,-0.329,-0.201,0.043,0.028,-0.284,0.285,-0.289,-0.177,0.29,-0.4,-0.36,-0.604,-0.487,-0.147,-0.188,0.234,-1.143,32
-0.734,-0.724,-0.601,-1.006,-1.586,-0.44,-1.239,-0.179,-0.299,-1.529,0.095,-0.081,-1.93,-1.526,-0.486,-1.166,-1.317,-0.332,-0.204,-0.526,-0.766,-0.677,-0.249,-0.839,0.514,-0.184,-0.447,0.235,-0.526,-0.544,-1.122,-0.496,-0.226,-0.398,0.202,-1.402,32
-0.832,-0.724,-0.386,-1.082,-1.698,-0.502,-1.453,-0.256,-0.417,-1.679,0.087,-0.16,-1.993,-1.611,-0.503,-1.245,-1.413,-0.546,-0.333,-0.53,-1.268,-0.692,-0.075,-1.214,-2.296,-0.111,1,0.233,-0.803,-0.607,-1.058,-0.576,-0.617,-0.525,0.293,-2.221,32
-0.851,-0.832,-0.511,-1.004,-1.6,-0.488,-1.325,-0.277,-0.331,-0.384,0.091,-0.179,-2.141,-1.704,-0.496,-1.275,-1.272,-0.478,-0.297,-0.574,-0.799,-0.755,-0.201,-0.836,0.363,-0.268,-0.415,0.131,-0.573,-0.499,-1.123,-0.563,-0.259,-0.486,0.204,-1.457,32
-0.87,-0.911,-0.652,-1.115,-1.577,-0.534,-1.579,-0.236,-0.338,-1.466,-0.064,-0.167,-2.049,-1.719,-0.462,-1.34,-1.339,-0.464,-0.078,-0.65,-0.907,-1.833,-0.308,-0.973,0.763,-0.162,-0.514,0.127,-0.656,-0.714,-1.064,-0.704,-0.633,-0.578,0.148,-1.487,32
-0.804,-0.747,-0.673,-0.898,-1.416,-0.445,-1.219,-0.221,-0.307,-1.288,0.039,-0.138,-2.005,-1.61,-0.579,-1.168,-1.169,-0.228,-1.083,-0.261,-0.698,-0.484,-0.153,-0.765,0.358,-0.231,-0.313,0.333,-0.496,-0.381,-0.592,-0.835,-0.35,-0.347,0.112,-1.259,32
-0.819,-0.828,-0.733,-1.137,-1.625,-0.436,-1.348,-0.064,-0.388,-1.411,0.014,-0.082,-2.159,-1.829,-0.382,-1.285,-1.301,-0.493,0.16,-0.65,-0.837,-2.874,-0.256,-1.271,0.475,-0.137,-0.645,0.071,-0.687,-0.657,-1.132,-0.552,-0.337,-0.466,0.155,-1.138,32
-0.96,-0.858,-0.751,-0.916,-1.509,-0.538,-1.276,-0.321,-0.333,-1.321,0.059,-0.032,-1.973,-1.425,1.064,-1.199,-1.299,-0.279,-0.079,-0.476,-0.478,-0.35,-0.124,-0.696,0.138,-0.308,-0.455,0.39,-0.214,-0.32,-0.646,-0.744,-0.322,-0.333,0.022,-1.013,32
-0.809,-0.828,-0.826,-1.184,-1.596,-0.488,-1.461,-0.166,-0.415,-1.579,0.013,-0.152,-2.104,-1.761,-0.447,-1.451,-1.257,-0.4,0.237,-0.52,-0.561,-1.279,-0.459,-0.882,0.351,-0.163,-0.851,0.052,-0.873,-0.803,-1.161,-0.71,-0.532,-0.391,0.128,-1.033,32
-0.823,-0.749,-0.682,-1.705,-1.527,-0.545,-1.382,-0.422,-0.566,-1.448,-0.129,-0.093,-1.989,-1.396,-3.087,-1.124,-1.24,-0.261,0.082,-0.207,-0.591,0.237,-0.182,-0.733,0.065,-0.274,-0.524,0.319,-0.4,-0.408,-0.659,-0.897,-0.381,-0.34,0.082,-0.844,32
-0.861,-0.803,-0.743,-0.978,-1.562,-0.487,-1.517,-0.197,-0.356,-1.356,-0.033,-0.049,-2.147,-1.533,-0.378,-1.134,-1.484,-0.355,0.31,-0.449,-0.581,-0.615,-0.319,-0.892,0.264,-0.258,-0.643,0.07,-0.598,-0.527,-0.937,-0.618,-0.288,-0.455,0.212,-0.913,32
-0.831,-0.759,-0.642,-1.14,-1.507,-0.507,-1.438,-0.359,-0.272,-1.379,-0.065,-0.168,-2.107,-1.357,-1.198,-1.095,-1.306,0.016,0.377,-0.256,-0.62,-0.781,-0.135,-0.366,0.09,-0.461,-0.664,0.2,-0.397,-0.299,-0.542,-0.806,-0.206,-0.291,0.012,-0.779,32
-0.833,-0.783,-0.556,-0.88,-1.495,-0.486,-1.403,-0.042,-0.261,-1.175,-0.001,-0.215,-2.063,-1.459,-0.352,-1.001,-1.365,-0.291,0.322,-0.404,-0.577,-0.409,-0.343,-0.854,-0.046,-0.202,-0.713,-0.028,-0.638,-0.394,-0.905,-0.59,-0.33,-0.39,0.104,-0.918,32
-0.905,-0.785,-0.663,-0.803,-1.509,-0.601,-1.32,-0.363,-0.39,-1.411,-0.074,-0.115,-2.159,-1.341,-1.316,-0.994,-1.381,-0.06,0.383,-0.465,-0.52,-0.182,-0.208,-0.466,0.147,-0.421,-0.341,0.202,-0.436,-0.344,-0.672,-0.732,-0.3,-0.396,0.009,-0.891,32
