1,1,1,1,1,1,1,1,1,1,1,1,1,1,1,1,1,1,1,1,1,1,1,1,1,1,1,1
1,1,1,1,1,1,1,1,1,1,1,1,1,1,1,1,1,1,1,1,1,1,1,1,1,1,1,1
1,1,1,1,1,1,1,1,1,1,1,1,1,1,1,1,1,1,1,1,1,1,1,1,1,1,1,1
1,1,1,1,1,1,1,1,1,1,1,1,1,1,1,1,1,1,1,1,1,1,1,1,1,1,1,1
1,1,1,1,1,1,1,1,1,1,1,1,1,1,1,1,1,1,1,1,1,1,1,1,1,1,1,1
1,1,1,1,1,1,1,1,1,1,1,1,1,1,1,1,1,1,1,1,1,1,1,1,1,1,1,1
1,1,1,1,1,1,1,1,1,1,1,1,1,1,1,1,1,1,1,1,1,1,1,1,1,1,1,1
1,1,1,1,1,1,1,1,1,1,1,1,1,1,1,1,2,1,2,2,2,2,2,1,1,2,1,1
1,1,1,1,1,1,1,1,1,1,1,1,1,1,1,1,2,1,2,2,2,2,3,2,2,3,2,1
1,1,1,1,1,1,1,1,1,1,1,1,1,1,1,1,2,1,2,2,2,2,3,2,2,3,2,1
1,1,1,1,1,1,1,1,1,1,1,1,1,1,1,1,2,1,2,2,2,2,3,2,2,3,2,1
1,1,1,1,1,1,1,1,1,1,1,1,1,1,1,1,2,1,2,2,2,2,3,2,2,3,2,1
1,1,1,1,1,1,1,1,1,1,1,1,1,1,1,1,1,1,1,1,1,1,1,1,1,1,1,1
1,1,1,1,1,1,1,1,1,1,1,1,1,1,1,1,1,1,1,1,1,1,1,1,1,1,1,1
1,1,1,1,1,1,1,1,1,1,1,1,1,1,1,1,1,1,1,1,1,1,1,1,1,1,1,1
1,1,1,1,1,1,1,1,1,1,1,1,1,1,1,1,1,1,1,1,1,1,1,1,1,1,1,1
1,1,1,1,1,1,1,1,1,1,1,1,1,1,1,1,1,1,1,1,1,1,1,1,1,1,1,1
1,1,1,1,1,1,1,1,1,1,1,1,1,1,1,1,1,1,1,1,1,1,1,1,1,1,1,1
1,1,1,1,1,1,1,1,1,1,1,1,1,1,1,1,1,1,1,1,1,1,1,1,1,1,1,1
1,1,1,1,1,1,1,1,1,1,1,1,1,1,1,1,2,1,2,2,2,2,2,1,2,2,1,1
1,1,1,1,1,1,1,1,1,1,1,1,1,1,1,1,2,1,2,2,2,2,3,2,2,3,2,1
1,1,1,1,1,1,1,1,1,1,1,1,1,1,1,1,2,1,2,2,2,2,3,2,2,3,2,1
1,1,1,1,1,1,1,1,1,1,1,1,1,1,1,1,2,1,2,2,2,2,3,2,2,3,2,1
1,1,1,1,1,1,1,1,1,1,1,1,1,1,1,1,2,1,2,2,2,2,3,2,2,3,2,1
1,1,1,1,1,1,1,1,1,1,1,1,1,1,1,1,1,1,1,1,1,1,1,1,1,1,1,1
1,1,1,1,1,1,1,1,1,1,1,1,1,1,1,1,1,1,1,1,1,1,1,1,1,1,1,1
1,1,1,1,1,1,1,1,1,1,1,1,1,1,1,1,1,1,1,1,1,1,1,1,1,1,1,1
1,1,1,1,1,1,1,1,1,1,1,1,1,1,1,1,1,1,1,1,1,1,1,1,1,1,1,1
1,1,1,1,1,1,1,1,1,1,1,1,1,1,1,1,1,1,1,1,1,1,1,1,1,1,1,1
1,1,1,1,1,1,1,1,1,1,1,1,1,1,1,1,1,1,1,1,1,1,1,1,1,1,1,1
1,1,1,1,1,1,1,1,1,1,1,1,1,1,1,1,1,1,1,2,2,1,2,1,1,2,1,1
1,1,1,1,1,1,1,1,1,1,1,1,1,1,1,1,2,1,2,2,2,2,2,1,2,2,1,1
1,1,1,1,1,1,1,1,1,1,1,1,1,1,1,1,2,1,2,2,2,2,3,2,2,3,2,1
1,1,1,1,1,1,1,1,1,1,1,1,1,1,1,1,2,1,2,2,2,2,3,2,2,3,2,1
1,1,1,1,1,1,1,1,1,1,1,1,1,1,1,1,2,1,2,2,2,2,3,2,2,3,2,1
1,1,1,1,1,1,1,1,1,1,1,1,1,1,1,1,2,1,2,2,2,2,3,2,2,3,2,1
1,1,1,1,1,1,1,1,1,1,1,1,1,1,1,1,1,1,1,1,1,1,1,1,1,1,1,1
1,1,1,1,1,1,1,1,1,1,1,1,1,1,1,1,1,1,1,1,1,1,1,1,1,1,1,1
1,1,1,1,1,1,1,1,1,1,1,1,1,1,1,1,1,1,1,1,1,1,1,1,1,1,1,1
1,1,1,1,1,1,1,1,1,1,1,1,1,1,1,1,1,1,1,1,1,1,1,1,1,1,1,1
1,1,1,1,1,1,1,1,1,1,1,1,1,1,1,1,1,1,1,1,1,1,1,1,1,1,1,1
1,1,1,1,1,1,1,1,1,1,1,1,1,1,1,1,1,1,1,1,1,1,1,1,1,1,1,1
1,1,1,1,1,1,1,1,1,1,1,1,1,1,1,1,1,1,1,2,2,1,2,1,1,2,1,1
1,1,1,1,1,1,1,1,1,1,1,1,1,1,1,1,2,1,2,2,2,2,2,1,2,2,1,1
1,1,1,1,1,1,1,1,1,1,1,1,1,1,1,1,2,1,2,2,2,2,3,2,2,3,2,1
1,1,1,1,1,1,1,1,1,1,1,1,1,1,1,1,2,1,2,2,2,2,3,2,2,3,2,1
1,1,1,1,1,1,1,1,1,1,1,1,1,1,1,1,2,1,2,2,2,2,3,2,2,3,2,1
1,1,1,1,1,1,1,1,1,1,1,1,1,1,1,1,2,1,2,2,2,2,3,2,2,3,2,1
1,1,1,1,1,1,1,1,1,1,1,1,1,1,1,1,1,1,1,1,1,1,1,1,1,1,1,1
1,1,1,1,1,1,1,1,1,1,1,1,1,1,1,1,1,1,1,1,1,1,1,1,1,1,1,1
1,1,1,1,1,1,1,1,1,1,1,1,1,1,1,1,1,1,1,1,1,1,1,1,1,1,1,1
1,1,1,1,1,1,1,1,1,1,1,1,1,1,1,1,1,1,1,1,1,1,1,1,1,1,1,1
1,1,1,1,1,1,1,1,1,1,1,1,1,1,1,1,1,1,1,1,1,1,1,1,1,1,1,1
1,1,1,1,1,1,1,1,1,1,1,1,1,1,1,1,1,1,1,1,1,1,1,1,1,1,1,1
1,1,1,1,1,1,1,1,1,1,1,1,1,1,1,1,1,1,1,1,1,1,1,1,1,1,1,1
1,1,1,1,1,1,1,1,1,1,1,1,1,1,1,1,2,1,2,2,2,2,3,2,2,3,2,1
1,1,1,1,1,1,1,1,1,1,1,1,1,1,1,1,2,1,2,2,2,2,3,2,2,3,2,1
1,1,1,1,1,1,1,1,1,1,1,1,1,1,1,1,2,1,2,2,2,2,3,2,2,3,2,1
1,1,1,1,1,1,1,1,1,1,1,1,1,1,1,1,2,1,2,2,2,2,3,2,2,3,2,1
1,1,1,1,1,1,1,1,1,1,1,1,1,1,1,1,2,1,2,2,2,2,3,2,2,3,2,1
1,1,1,1,1,1,1,1,1,1,1,1,1,1,1,1,1,1,1,1,1,1,1,1,1,1,1,1
1,1,1,1,1,1,1,1,1,1,1,1,1,1,1,1,1,1,1,1,1,1,1,1,1,1,1,1
1,1,1,1,1,1,1,1,1,1,1,1,1,1,1,1,1,1,1,1,1,1,1,1,1,1,1,1
1,1,1,1,1,1,1,1,1,1,1,1,1,1,1,1,1,1,1,1,1,1,1,1,1,1,1,1
1,1,1,1,1,1,1,1,1,1,1,1,1,1,1,1,1,1,1,1,1,1,1,1,1,1,1,1
1,1,1,1,1,1,1,1,1,1,1,1,1,1,1,1,1,1,1,1,1,1,1,1,1,1,1,1
1,1,1,1,1,1,1,1,1,1,1,1,1,1,1,1,2,1,2,2,2,2,3,2,2,3,2,1
1,1,1,1,1,1,1,1,1,1,1,1,1,1,1,1,2,1,2,2,2,2,3,2,2,3,2,1
1,1,1,1,1,1,1,1,1,1,1,1,1,1,1,1,2,1,2,2,2,2,3,2,2,3,2,1
1,1,1,1,1,1,1,1,1,1,1,1,1,1,1,1,2,1,2,2,2,2,3,2,2,3,2,1
1,1,1,1,1,1,1,1,1,1,1,1,1,1,1,1,2,1,2,2,2,2,3,2,2,3,2,1
1,1,1,1,1,1,1,1,1,1,1,1,1,1,1,1,2,1,2,2,2,2,3,2,2,3,2,1
1,1,1,1,1,1,1,1,1,1,1,1,1,1,1,1,1,1,1,1,1,1,1,1,1,1,1,1
1,1,1,1,1,1,1,1,1,1,1,1,1,1,1,1,1,1,1,1,1,1,1,1,1,1,1,1
1,1,1,1,1,1,1,1,1,1,1,1,1,1,1,1,1,1,1,1,1,1,1,1,1,1,1,1
1,1,1,1,1,1,1,1,1,1,1,1,1,1,1,1,1,1,1,1,1,1,1,1,1,1,1,1
1,1,1,1,1,1,1,1,1,1,1,1,1,1,1,1,1,1,1,1,1,1,1,1,1,1,1,1
1,1,1,1,1,1,1,1,1,1,1,1,1,1,1,1,1,1,1,1,1,1,1,1,1,1,1,1
1,1,1,1,1,1,1,1,1,1,1,1,1,1,1,1,2,1,2,2,2,2,3,2,2,3,2,1
1,1,1,1,1,1,1,1,1,1,1,1,1,1,1,1,2,1,2,2,2,2,3,2,2,3,2,1
1,1,1,1,1,1,1,1,1,1,1,1,1,1,1,1,2,1,2,2,2,2,3,2,2,3,2,1
1,1,1,1,1,1,1,1,1,1,1,1,1,1,1,1,2,1,2,2,2,2,3,2,2,3,2,1
1,1,1,1,1,1,1,1,1,1,1,1,1,1,1,1,2,1,2,2,2,2,3,2,2,3,2,1
1,1,1,1,1,1,1,1,1,1,1,1,1,1,1,1,2,1,2,2,2,2,3,2,2,3,2,1
1,1,1,1,2,2,2,2,2,2,2,2,2,2,2,2,3,2,3,3,3,3,4,3,3,4,3,1
1,1,1,1,2,2,2,2,2,2,2,2,2,2,2,2,3,2,3,3,3,3,4,3,3,4,3,1
1,1,1,1,2,2,2,2,2,2,2,2,2,2,2,2,3,2,3,3,3,3,4,3,3,4,3,1
1,1,1,1,2,2,2,2,2,2,2,2,2,2,2,2,3,2,3,3,3,3,4,3,3,4,3,1
1,1,1,1,2,2,2,2,2,2,2,2,2,2,2,2,3,2,3,3,3,3,4,3,3,4,3,1
1,1,1,1,2,2,2,2,2,2,2,2,2,2,2,2,3,2,3,3,3,3,4,3,3,4,4,1
1,1,1,1,2,2,2,2,2,2,2,2,2,2,2,2,3,2,3,3,3,3,4,3,3,5,4,1
1,1,1,1,2,2,2,2,2,2,2,3,2,2,2,2,3,2,3,3,4,4,4,3,3,5,4,1
1,1,1,1,2,2,2,2,2,3,3,3,3,3,3,3,4,3,4,4,5,4,5,4,4,5,4,1
1,1,1,1,2,2,2,2,2,3,3,3,3,3,3,3,5,3,4,4,5,4,5,4,4,5,4,1
1,1,1,1,2,2,2,2,2,3,3,3,3,3,3,3,5,3,4,4,6,4,5,4,4,5,4,1
1,1,1,1,2,2,2,2,2,3,3,3,3,3,3,3,5,3,4,4,6,4,6,5,4,5,4,1
1,1,1,1,2,2,2,2,2,2,2,2,2,2,2,2,3,2,3,3,3,3,4,3,3,4,3,1
1,1,1,1,2,2,2,2,2,2,2,2,2,2,2,2,3,2,3,3,3,3,4,3,3,4,3,1
1,1,1,1,2,2,2,2,2,2,2,2,2,2,2,2,3,2,3,3,3,3,4,3,3,4,3,1
1,1,1,1,2,2,2,2,2,2,2,2,2,2,2,2,3,2,3,3,3,3,4,3,3,4,3,1
1,1,1,1,2,2,2,2,2,2,2,2,2,2,2,2,3,2,3,3,3,3,4,3,3,4,3,1
1,1,1,1,2,2,2,2,2,2,2,2,2,2,2,2,3,2,3,3,3,3,4,3,3,5,4,1
1,1,1,1,2,2,2,2,2,2,2,3,2,2,2,2,3,2,3,3,4,4,4,3,3,5,4,1
1,1,1,1,2,2,2,2,2,3,3,3,3,3,3,3,4,3,4,4,5,4,5,4,4,5,4,1
1,1,1,1,2,2,2,2,2,3,3,3,3,3,3,3,4,3,4,4,5,4,5,4,4,5,4,1
1,1,1,1,2,2,2,2,2,3,3,3,3,3,3,3,5,3,4,4,6,4,5,4,4,5,4,1
1,1,1,1,2,2,2,2,2,3,3,3,3,3,3,3,5,3,4,4,6,4,5,4,4,5,4,1
1,1,1,1,2,2,2,2,2,3,3,3,3,3,3,3,5,3,4,4,6,4,6,5,4,5,4,1
1,1,1,1,2,2,2,2,2,2,2,2,2,2,2,2,3,2,3,3,3,3,4,3,3,4,3,1
1,1,1,1,2,2,2,2,2,2,2,2,2,2,2,2,3,2,3,3,3,3,4,3,3,4,3,1
1,1,1,1,2,2,2,2,2,2,2,2,2,2,2,2,3,2,3,3,3,3,4,3,3,4,3,1
1,1,1,1,2,2,2,2,2,2,2,2,2,2,2,2,3,2,3,3,3,3,4,3,3,4,3,1
1,1,1,1,2,2,2,2,2,2,2,2,2,2,2,2,3,2,3,3,3,3,4,3,3,4,3,1
1,1,1,1,2,2,2,2,2,2,2,2,2,2,2,2,3,2,3,3,3,3,4,3,3,5,4,1
1,1,1,1,2,2,2,2,2,2,2,3,2,2,2,2,3,2,3,3,4,4,4,3,3,5,4,1
1,1,1,1,2,2,2,2,2,3,3,3,3,3,3,3,4,3,4,4,5,4,5,4,4,5,4,1
1,1,1,1,2,2,2,2,2,3,3,3,3,3,3,3,4,3,4,4,5,4,5,4,4,5,4,1
1,1,1,1,2,2,2,2,2,3,3,3,3,3,3,3,5,3,4,4,6,4,5,4,4,5,4,1
1,1,1,1,2,2,2,2,2,3,3,3,3,3,3,3,5,3,4,4,6,4,5,4,4,5,4,1
1,1,1,1,2,2,2,2,2,3,3,3,3,3,3,3,5,3,4,4,6,4,6,5,4,5,4,1
1,1,1,1,2,2,2,2,2,2,2,2,2,2,2,2,3,2,3,3,3,3,4,3,3,4,3,1
1,1,1,1,2,2,2,2,2,2,2,2,2,2,2,2,3,2,3,3,3,3,4,3,3,4,3,1
1,1,1,1,2,2,2,2,2,2,2,2,2,2,2,2,3,2,3,3,3,3,4,3,3,4,3,1
1,1,1,1,2,2,2,2,2,2,2,2,2,2,2,2,3,2,3,3,3,3,4,3,3,4,3,1
1,1,1,1,2,2,2,2,2,2,2,2,2,2,2,2,3,2,3,3,3,3,4,3,3,4,3,1
1,1,1,1,2,2,2,2,2,2,2,2,2,2,2,2,3,2,3,3,3,3,4,3,3,4,3,1
1,1,1,1,2,2,2,2,2,2,2,2,2,2,2,2,3,2,3,3,3,3,4,3,3,4,4,1
1,1,1,1,2,2,2,2,2,2,2,2,2,2,2,2,3,2,3,3,3,3,4,3,3,5,4,1
1,1,1,1,2,2,2,2,2,2,2,3,2,2,2,2,3,2,3,3,4,4,4,3,3,5,4,1
1,1,1,1,2,2,2,2,2,3,2,3,2,2,2,2,3,2,3,3,4,4,5,3,4,5,4,1
1,1,1,1,2,2,2,2,2,3,3,3,3,3,3,3,4,3,4,4,5,4,5,4,4,5,4,1
1,1,1,1,2,2,2,2,2,3,3,3,3,3,3,3,4,3,4,4,5,4,5,4,4,5,4,1
1,1,1,1,2,2,2,2,2,2,4,2,4,4,2,2,6,2,3,5,7,5,7,6,5,6,5,1
1,1,1,1,2,2,2,2,2,2,4,2,4,4,2,2,6,2,3,5,7,5,7,6,5,6,5,1
1,1,1,1,2,2,2,2,2,2,4,2,4,4,2,2,6,2,3,5,7,5,7,6,5,6,5,1
1,1,1,1,2,2,2,2,2,2,4,2,4,4,2,2,6,2,3,5,7,5,7,6,5,6,5,1
1,1,1,1,2,2,2,2,2,2,4,2,4,4,2,2,6,2,3,5,7,5,7,6,5,6,5,1
1,1,1,1,2,2,2,2,2,2,4,2,4,4,2,2,6,2,3,6,7,5,7,6,5,6,5,1
1,1,1,1,2,2,2,2,2,3,3,3,3,3,3,2,5,3,3,6,5,6,7,7,4,7,5,1
1,1,1,1,2,2,2,2,2,3,3,3,3,3,3,3,5,3,4,7,5,7,6,5,6,8,6,1
1,1,1,1,2,2,2,2,2,3,3,3,3,3,3,3,5,3,4,7,6,7,6,5,6,8,6,1
1,1,1,1,2,2,2,2,2,3,3,3,3,3,3,3,5,3,4,7,6,7,6,5,6,8,6,1
1,1,1,1,2,2,2,2,2,3,3,3,3,3,3,3,5,3,4,7,6,7,6,5,6,8,6,1
1,1,1,1,2,2,2,2,2,3,3,3,3,3,3,3,5,3,4,7,6,7,6,5,6,8,6,1
1,1,1,1,2,2,2,2,2,2,4,2,4,4,2,2,6,2,3,5,7,5,7,6,5,6,5,1
1,1,1,1,2,2,2,2,2,2,4,2,4,4,2,2,6,2,3,5,7,5,7,6,5,6,5,1
1,1,1,1,2,2,2,2,2,2,4,2,4,4,2,2,6,2,3,5,7,5,7,6,5,6,5,1
1,1,1,1,2,2,2,2,2,2,4,2,4,4,2,2,6,2,3,5,7,5,7,6,5,6,5,1
1,1,1,1,2,2,2,2,2,2,4,2,4,4,2,2,6,2,3,5,7,5,7,6,5,6,5,1
1,1,1,1,2,2,2,2,2,2,4,2,4,4,2,2,6,2,3,5,7,5,7,6,5,6,5,1
1,1,1,1,2,2,2,2,2,2,4,2,4,4,2,2,6,2,3,6,5,5,7,6,5,6,5,1
1,1,1,1,2,2,2,2,2,3,3,3,3,3,3,2,5,3,3,6,5,6,6,5,7,7,5,1
1,1,1,1,2,2,2,2,2,3,3,3,3,3,3,3,5,3,4,6,5,7,6,5,6,8,6,1
1,1,1,1,2,2,2,2,2,3,3,3,3,3,3,3,5,3,4,7,6,7,6,5,6,8,6,1
1,1,1,1,2,2,2,2,2,3,3,3,3,3,3,3,5,3,4,7,6,7,6,5,6,8,6,1
1,1,1,1,2,2,2,2,2,3,3,3,3,3,3,3,5,3,4,7,6,7,6,5,6,8,6,1
1,1,1,1,2,2,2,2,2,2,4,2,4,4,2,2,6,2,3,5,7,5,7,6,5,6,5,1
1,1,1,1,2,2,2,2,2,2,4,2,4,4,2,2,6,2,3,5,7,5,7,6,5,6,5,1
1,1,1,1,2,2,2,2,2,2,4,2,4,4,2,2,6,2,3,5,7,5,7,6,5,6,5,1
1,1,1,1,2,2,2,2,2,2,4,2,4,4,2,2,6,2,3,5,7,5,7,6,5,6,5,1
1,1,1,1,2,2,2,2,2,2,4,2,4,4,2,2,6,2,3,5,7,5,7,6,5,6,5,1
1,1,1,1,2,2,2,2,2,2,4,2,4,4,2,2,6,2,3,5,7,5,7,6,5,6,5,1
1,1,1,1,2,2,2,2,2,2,3,3,2,4,2,2,6,2,3,6,5,5,7,6,4,7,5,1
1,1,1,1,2,2,2,2,2,3,3,3,3,3,3,3,5,3,4,6,5,7,6,5,6,8,6,1
1,1,1,1,2,2,2,2,2,3,3,3,3,3,3,3,5,3,4,7,6,7,6,5,6,8,6,1
1,1,1,1,2,2,2,2,2,3,3,3,3,3,3,3,5,3,4,7,6,7,6,5,6,8,6,1
1,1,1,1,2,2,2,2,2,3,3,3,3,3,3,3,5,3,4,7,6,7,6,5,6,8,6,1
1,1,1,1,2,2,2,2,2,3,3,3,3,3,3,3,5,3,4,7,6,7,6,5,6,8,6,1
1,1,1,1,2,2,2,2,2,2,4,2,4,4,2,2,6,2,3,5,7,5,7,6,5,6,5,1
1,1,1,1,2,2,2,2,2,2,4,2,4,4,2,2,6,2,3,5,7,5,7,6,5,6,5,1
1,1,1,1,2,2,2,2,2,2,4,2,4,4,2,2,6,2,3,5,7,5,7,6,5,6,5,1
1,1,1,1,2,2,2,2,2,2,4,2,4,4,2,2,6,2,3,5,7,5,7,6,5,6,5,1
1,1,1,1,2,2,2,2,2,2,4,2,4,4,2,2,6,2,3,5,7,5,7,6,5,6,5,1
1,1,1,1,2,2,2,2,2,2,4,2,4,4,2,2,6,2,3,5,7,5,7,6,5,6,5,1
1,1,1,1,2,2,2,2,2,3,3,3,3,4,3,2,5,3,3,6,5,5,7,6,4,7,5,1
1,1,1,1,2,2,2,2,2,3,3,3,3,3,3,3,5,3,4,6,5,7,6,5,6,8,6,1
1,1,1,1,2,2,2,2,2,3,3,3,3,3,3,3,5,3,4,7,6,7,6,5,6,8,6,1
1,1,1,1,2,2,2,2,2,3,3,3,3,3,3,3,5,3,4,7,6,7,6,5,6,8,6,1
1,1,1,1,2,2,2,2,2,3,3,3,3,3,3,3,5,3,4,7,6,7,6,5,6,8,6,1
1,1,1,1,2,2,2,2,2,3,3,3,3,3,3,3,5,3,4,7,6,7,6,5,6,8,6,1
2,2,2,2,3,3,3,3,3,4,5,4,5,5,4,4,7,4,5,8,8,8,8,8,8,9,7,1
2,2,2,2,3,3,3,3,3,4,5,4,5,5,4,4,7,4,5,8,8,8,8,8,8,9,7,1
2,2,2,2,3,3,3,3,3,4,5,4,5,5,4,4,7,4,5,8,8,8,8,8,8,9,7,1
2,2,2,2,3,3,3,3,3,4,5,4,5,5,4,4,7,4,5,8,8,8,8,8,8,9,7,1
2,2,2,2,3,3,3,3,3,4,5,4,5,5,4,4,7,4,5,8,8,8,8,8,8,9,7,1
2,2,2,2,3,3,3,3,3,4,5,4,5,5,4,4,7,4,5,8,8,8,8,8,8,9,7,1
2,2,2,2,3,3,3,3,3,4,5,4,5,5,4,4,7,4,5,8,8,8,8,8,8,9,7,1
2,2,2,2,3,3,3,3,3,4,5,4,5,5,4,4,7,4,5,8,8,8,8,8,8,9,7,1
2,2,2,2,3,3,3,3,3,4,5,4,5,5,4,4,7,4,5,8,8,8,8,8,8,9,7,1
2,2,2,2,3,3,3,3,3,4,5,4,5,5,4,4,7,4,5,8,8,8,8,8,8,9,7,1
2,2,2,2,3,3,3,3,3,4,5,4,5,5,4,4,7,4,5,8,8,8,8,8,8,9,7,1
2,2,2,2,3,3,3,3,3,4,5,4,5,5,4,4,7,4,5,8,8,8,8,8,8,9,7,1
2,2,2,2,3,3,3,3,3,4,5,4,5,5,4,4,7,4,5,8,8,8,8,8,8,9,7,1
2,2,2,2,3,3,3,3,3,4,5,4,5,5,4,4,7,4,5,8,8,8,8,8,8,9,7,1
2,2,2,2,3,3,3,3,3,4,5,4,5,5,4,4,7,4,5,8,8,8,8,8,8,9,7,1
2,2,2,2,3,3,3,3,3,4,5,4,5,5,4,4,7,4,5,8,8,8,8,8,8,9,7,1
2,2,2,2,3,3,3,3,3,4,5,4,5,5,4,4,7,4,5,8,8,8,8,8,8,9,7,1
2,2,2,2,3,3,3,3,3,4,5,4,5,5,4,4,7,4,5,8,8,8,8,8,8,9,7,1
2,2,2,2,3,3,3,3,3,4,5,4,5,5,4,4,7,4,5,8,8,8,8,8,8,9,7,1
2,2,2,2,3,3,3,3,3,4,5,4,5,5,4,4,7,4,5,8,8,8,8,8,8,9,7,1
2,2,2,2,3,3,3,3,3,4,5,4,5,5,4,4,7,4,5,8,8,8,8,8,8,9,7,1
2,2,2,2,3,3,3,3,3,4,5,4,5,5,4,4,7,4,5,8,8,8,8,8,8,9,7,1
2,2,2,2,3,3,3,3,3,4,5,4,5,5,4,4,7,4,5,8,8,8,8,8,8,9,7,1
2,2,2,2,3,3,3,3,3,4,5,4,5,5,4,4,7,4,5,8,8,8,8,8,8,9,7,1
2,2,2,2,3,3,3,3,3,4,5,4,5,5,4,4,7,4,5,8,8,8,8,8,8,9,7,1
2,2,2,2,3,3,3,3,3,4,5,4,5,5,4,4,7,4,5,8,8,8,8,8,8,9,7,1
2,2,2,2,3,3,3,3,3,4,5,4,5,5,4,4,7,4,5,8,8,8,8,8,8,9,7,1
2,2,2,2,3,3,3,3,3,4,5,4,5,5,4,4,7,4,5,8,8,8,8,8,8,9,7,1
2,2,2,2,3,3,3,3,3,4,5,4,5,5,4,4,7,4,5,8,8,8,8,8,8,9,7,1
2,2,2,2,3,3,3,3,3,4,5,4,5,5,4,4,7,4,5,8,8,8,8,8,8,9,7,1
2,2,2,2,3,3,3,3,3,4,5,4,5,5,4,4,7,4,5,8,8,8,8,8,8,9,7,1
2,2,2,2,3,3,3,3,3,4,5,4,5,5,4,4,7,4,5,8,8,8,8,8,8,9,7,1
2,2,2,2,3,3,3,3,3,4,5,4,5,5,4,4,7,4,5,8,8,8,8,8,8,9,7,1
2,2,2,2,3,3,3,3,3,4,5,4,5,5,4,4,7,4,5,8,8,8,8,8,8,9,7,1
2,2,2,2,3,3,3,3,3,4,5,4,5,5,4,4,7,4,5,8,8,8,8,8,8,9,7,1
2,2,2,2,3,3,3,3,3,4,5,4,5,5,4,4,7,4,5,8,8,8,8,8,8,9,7,1
1,1,1,1,2,2,2,2,2,2,4,2,4,4,2,2,6,2,3,5,7,5,7,6,5,6,5,1
1,1,1,1,2,2,2,2,2,2,4,2,4,4,2,2,6,2,3,5,7,5,7,6,5,6,5,1
1,1,1,1,2,2,2,2,2,2,4,2,4,4,2,2,6,2,3,5,7,5,7,6,5,6,5,1
1,1,1,1,2,2,2,2,2,2,4,2,4,4,2,2,6,2,3,5,7,5,7,6,5,6,5,1
1,1,1,1,2,2,2,2,2,2,4,2,4,4,2,2,6,2,3,5,7,5,7,6,5,6,5,1
1,1,1,1,2,2,2,2,2,2,4,2,4,4,2,2,6,2,3,5,7,5,7,6,5,6,5,1
1,1,1,1,2,2,2,2,2,2,4,2,4,4,2,2,6,2,3,5,7,5,7,6,5,6,5,1
1,1,1,1,2,2,2,2,2,3,3,3,6,3,3,3,5,3,4,5,5,5,6,6,6,8,6,1
1,1,1,1,2,2,2,2,2,3,3,3,3,3,3,3,5,3,4,7,5,7,6,5,6,8,6,1
1,1,1,1,2,2,2,2,2,3,3,3,3,3,3,3,5,3,4,7,5,7,6,5,6,8,6,1
1,1,1,1,2,2,2,2,2,3,3,3,3,3,3,3,5,3,4,7,6,7,6,5,6,8,6,1
1,1,1,1,2,2,2,2,2,3,3,3,3,3,3,3,5,3,4,7,6,7,6,5,6,8,6,1
1,1,1,1,2,2,2,2,2,2,4,2,4,4,2,2,6,2,3,5,7,5,7,6,5,6,5,1
1,1,1,1,2,2,2,2,2,2,4,2,4,4,2,2,6,2,3,5,7,5,7,6,5,6,5,1
1,1,1,1,2,2,2,2,2,2,4,2,4,4,2,2,6,2,3,5,7,5,7,6,5,6,5,1
1,1,1,1,2,2,2,2,2,2,4,2,4,4,2,2,6,2,3,5,7,5,7,6,5,6,5,1
1,1,1,1,2,2,2,2,2,2,4,2,4,4,2,2,6,2,3,5,7,5,7,6,5,6,5,1
1,1,1,1,2,2,2,2,2,2,4,2,4,4,2,2,6,2,3,5,7,5,7,6,5,6,5,1
1,1,1,1,2,2,2,2,2,2,4,2,4,4,2,2,6,2,3,5,7,5,7,6,5,7,5,1
1,1,1,1,2,2,2,2,2,3,3,3,3,3,3,3,5,3,4,7,5,7,6,5,6,8,6,1
1,1,1,1,2,2,2,2,2,3,3,3,3,3,3,3,5,3,4,7,5,7,6,5,6,8,6,1
1,1,1,1,2,2,2,2,2,3,3,3,3,3,3,3,5,3,4,7,6,7,6,5,6,8,6,1
1,1,1,1,2,2,2,2,2,3,3,3,3,3,3,3,5,3,4,7,6,7,6,5,6,8,6,1
1,1,1,1,2,2,2,2,2,3,3,3,3,3,3,3,5,3,4,7,6,7,6,5,6,8,6,1
1,1,1,1,2,2,2,2,2,2,4,2,4,4,2,2,6,2,3,5,7,5,7,6,5,6,5,1
1,1,1,1,2,2,2,2,2,2,4,2,4,4,2,2,6,2,3,5,7,5,7,6,5,6,5,1
1,1,1,1,2,2,2,2,2,2,4,2,4,4,2,2,6,2,3,5,7,5,7,6,5,6,5,1
1,1,1,1,2,2,2,2,2,2,4,2,4,4,2,2,6,2,3,5,7,5,7,6,5,6,5,1
1,1,1,1,2,2,2,2,2,2,4,2,4,4,2,2,6,2,3,5,7,5,7,6,5,6,5,1
1,1,1,1,2,2,2,2,2,2,4,2,4,4,2,2,6,2,3,5,7,5,7,6,5,6,5,1
1,1,1,1,2,2,2,2,2,3,3,3,6,3,3,3,5,3,4,5,5,5,6,6,6,8,6,1
1,1,1,1,2,2,2,2,2,3,3,3,3,3,3,3,5,3,4,7,5,7,6,5,6,8,6,1
1,1,1,1,2,2,2,2,2,3,3,3,3,3,3,3,5,3,4,7,6,7,6,5,6,8,6,1
1,1,1,1,2,2,2,2,2,3,3,3,3,3,3,3,5,3,4,7,6,7,6,5,6,8,6,1
1,1,1,1,2,2,2,2,2,3,3,3,3,3,3,3,5,3,4,7,6,7,6,5,6,8,6,1
1,1,1,1,2,2,2,2,2,3,3,3,3,3,3,3,5,3,4,7,6,7,6,5,6,8,6,1
1,1,1,1,2,2,2,2,2,2,4,2,4,4,2,2,6,2,3,5,7,5,7,6,5,6,5,1
1,1,1,1,2,2,2,2,2,2,4,2,4,4,2,2,6,2,3,5,7,5,7,6,5,6,5,1
1,1,1,1,2,2,2,2,2,2,4,2,4,4,2,2,6,2,3,5,7,5,7,6,5,6,5,1
1,1,1,1,2,2,2,2,2,2,4,2,4,4,2,2,6,2,3,5,7,5,7,6,5,6,5,1
1,1,1,1,2,2,2,2,2,2,4,2,4,4,2,2,6,2,3,5,7,5,7,6,5,6,5,1
1,1,1,1,2,2,2,2,2,2,4,2,4,4,2,2,6,2,3,5,7,5,7,6,5,6,5,1
1,1,1,1,2,2,2,2,2,3,3,3,3,3,3,3,5,3,4,7,5,5,6,6,6,8,6,1
1,1,1,1,2,2,2,2,2,3,3,3,3,3,3,3,5,3,4,7,5,7,6,5,6,8,6,1
1,1,1,1,2,2,2,2,2,3,3,3,3,3,3,3,5,3,4,7,5,7,6,5,6,8,6,1
1,1,1,1,2,2,2,2,2,3,3,3,3,3,3,3,5,3,4,7,6,7,6,5,6,8,6,1
1,1,1,1,2,2,2,2,2,3,3,3,3,3,3,3,5,3,4,7,6,7,6,5,6,8,6,1
1,1,1,1,2,2,2,2,2,3,3,3,3,3,3,3,5,3,4,7,6,7,6,5,6,8,6,1
3,3,3,3,4,4,4,4,4,5,6,5,7,6,5,5,8,5,6,9,9,9,9,9,9,10,8,1
3,3,3,3,4,4,4,4,4,5,6,5,7,6,5,5,8,5,6,9,9,9,9,9,9,10,8,1
3,3,3,3,4,4,4,4,4,5,6,5,7,6,5,5,8,5,6,9,9,9,9,9,9,10,8,1
3,3,3,3,4,4,4,4,4,5,6,5,7,6,5,5,8,5,6,9,9,9,9,9,9,10,8,1
3,3,3,3,4,4,4,4,4,5,6,5,7,6,5,5,8,5,6,9,9,9,9,9,9,10,8,1
3,3,3,3,4,4,4,4,4,5,6,5,7,6,5,5,8,5,6,9,9,9,9,9,9,10,8,1
3,3,3,3,4,4,4,4,4,5,6,5,7,6,5,5,8,5,6,9,9,9,9,9,9,10,8,1
3,3,3,3,4,4,4,4,4,5,6,5,7,6,5,5,8,5,6,9,9,9,9,9,9,10,8,1
3,3,3,3,4,4,4,4,4,5,6,5,7,6,5,5,8,5,6,9,9,9,9,9,9,10,8,1
3,3,3,3,4,4,4,4,4,5,6,5,7,6,5,5,8,5,6,9,9,9,9,9,9,10,8,1
3,3,3,3,4,4,4,4,4,5,6,5,7,6,5,5,8,5,6,9,9,9,9,9,9,10,8,1
3,3,3,3,4,4,4,4,4,5,6,5,7,6,5,5,8,5,6,9,9,9,9,9,9,10,8,1
3,3,3,3,4,4,4,4,4,5,6,5,7,6,5,5,8,5,6,9,9,9,9,9,9,10,8,1
3,3,3,3,4,4,4,4,4,5,6,5,7,6,5,5,8,5,6,9,9,9,9,9,9,10,8,1
3,3,3,3,4,4,4,4,4,5,6,5,7,6,5,5,8,5,6,9,9,9,9,9,9,10,8,1
3,3,3,3,4,4,4,4,4,5,6,5,7,6,5,5,8,5,6,9,9,9,9,9,9,10,8,1
3,3,3,3,4,4,4,4,4,5,6,5,7,6,5,5,8,5,6,9,9,9,9,9,9,10,8,1
3,3,3,3,4,4,4,4,4,5,6,5,7,6,5,5,8,5,6,9,9,9,9,9,9,10,8,1
3,3,3,3,4,4,4,4,4,5,6,5,7,6,5,5,8,5,6,9,9,9,9,9,9,10,8,1
3,3,3,3,4,4,4,4,4,5,6,5,7,6,5,5,8,5,6,9,9,9,9,9,9,10,8,1
3,3,3,3,4,4,4,4,4,5,6,5,7,6,5,5,8,5,6,9,9,9,9,9,9,10,8,1
3,3,3,3,4,4,4,4,4,5,6,5,7,6,5,5,8,5,6,9,9,9,9,9,9,10,8,1
3,3,3,3,4,4,4,4,4,5,6,5,7,6,5,5,8,5,6,9,9,9,9,9,9,10,8,1
3,3,3,3,4,4,4,4,4,5,6,5,7,6,5,5,8,5,6,9,9,9,9,9,9,10,8,1
3,3,3,3,4,4,4,4,4,5,7,6,7,7,6,6,9,6,7,10,10,10,10,10,10,11,9,1
3,3,3,3,4,4,4,4,4,5,7,6,7,7,6,6,9,6,7,10,10,10,10,10,10,11,9,1
3,3,3,3,4,4,4,4,4,5,7,6,7,7,6,6,9,6,7,10,10,10,10,10,10,11,9,1
3,3,3,3,4,4,4,4,4,5,7,6,7,7,6,6,9,6,7,10,10,10,10,10,10,11,9,1
3,3,3,3,4,4,4,4,4,5,7,6,7,7,6,6,9,6,7,10,10,10,10,10,10,11,9,1
3,3,3,3,4,4,4,4,4,5,7,6,7,7,6,6,9,6,7,10,10,10,10,11,10,11,9,1
3,3,3,3,4,4,4,4,4,5,7,6,7,7,6,6,9,6,7,10,11,10,10,11,10,12,10,1
3,3,3,3,4,4,4,4,4,5,7,6,7,8,7,7,10,7,8,11,11,11,11,11,11,12,10,1
3,3,3,3,4,4,4,4,4,5,7,6,7,8,7,7,10,8,8,11,11,11,11,11,11,12,10,1
3,3,3,3,4,4,4,4,4,5,7,6,7,8,7,7,10,8,8,11,11,11,11,12,11,13,11,1
3,3,3,3,4,4,4,4,4,5,7,6,7,8,7,7,10,8,8,11,11,11,11,12,11,13,11,1
3,3,3,3,4,4,4,4,4,5,7,6,7,8,7,7,10,8,8,11,11,11,11,12,11,13,11,1
3,3,3,3,4,4,4,4,4,5,7,6,7,7,6,6,9,6,7,10,10,10,10,10,10,11,9,1
3,3,3,3,4,4,4,4,4,5,7,6,7,7,6,6,9,6,7,10,10,10,10,10,10,11,9,1
3,3,3,3,4,4,4,4,4,5,7,6,7,7,6,6,9,6,7,10,10,10,10,10,10,11,9,1
3,3,3,3,4,4,4,4,4,5,7,6,7,7,6,6,9,6,7,10,10,10,10,10,10,11,9,1
3,3,3,3,4,4,4,4,4,5,7,6,7,7,6,6,9,6,7,10,10,10,10,11,10,11,9,1
3,3,3,3,4,4,4,4,4,5,7,6,7,7,6,6,9,6,7,10,11,10,10,11,10,12,10,1
3,3,3,3,4,4,4,4,4,5,7,6,7,8,7,7,10,7,8,11,11,11,11,11,11,12,10,1
3,3,3,3,4,4,4,4,4,5,7,6,7,8,7,7,10,8,8,11,11,11,11,11,11,12,10,1
3,3,3,3,4,4,4,4,4,5,7,6,7,8,7,7,10,8,8,11,11,11,11,12,11,13,11,1
3,3,3,3,4,4,4,4,4,5,7,6,7,8,7,7,10,8,8,11,11,11,11,12,11,13,11,1
3,3,3,3,4,4,4,4,4,5,7,6,7,8,7,7,10,8,8,11,11,11,11,12,11,13,11,1
3,3,3,3,4,4,4,4,4,5,7,6,7,8,7,7,10,8,8,11,11,11,11,12,11,13,11,1
3,3,3,3,4,4,4,4,4,5,7,6,7,7,6,6,9,6,7,10,10,10,10,10,10,11,9,1
3,3,3,3,4,4,4,4,4,5,7,6,7,7,6,6,9,6,7,10,10,10,10,10,10,11,9,1
3,3,3,3,4,4,4,4,4,5,7,6,7,7,6,6,9,6,7,10,10,10,10,10,10,11,9,1
3,3,3,3,4,4,4,4,4,5,7,6,7,7,6,6,9,6,7,10,10,10,10,10,10,11,9,1
3,3,3,3,4,4,4,4,4,5,7,6,7,7,6,6,9,6,7,10,10,10,10,10,10,11,9,1
3,3,3,3,4,4,4,4,4,5,7,6,7,7,6,6,9,6,7,10,10,10,10,11,10,11,9,1
3,3,3,3,4,4,4,4,4,5,7,6,7,7,6,6,9,6,7,10,11,10,10,11,10,12,10,1
3,3,3,3,4,4,4,4,4,5,7,6,7,8,7,7,10,7,8,11,11,11,11,11,11,12,10,1
3,3,3,3,4,4,4,4,4,5,7,6,7,8,7,7,10,8,8,11,11,11,11,11,11,12,10,1
3,3,3,3,4,4,4,4,4,5,7,6,7,8,7,7,10,8,8,11,11,11,11,12,11,13,11,1
3,3,3,3,4,4,4,4,4,5,7,6,7,8,7,7,10,8,8,11,11,11,11,12,11,13,11,1
3,3,3,3,4,4,4,4,4,5,7,6,7,8,7,7,10,8,8,11,11,11,11,12,11,13,11,1
3,3,3,3,4,4,4,4,4,5,7,6,7,7,6,6,9,6,7,10,10,10,10,10,10,11,9,1
3,3,3,3,4,4,4,4,4,5,7,6,7,7,6,6,9,6,7,10,10,10,10,10,10,11,9,1
3,3,3,3,4,4,4,4,4,5,7,6,7,7,6,6,9,6,7,10,10,10,10,10,10,11,9,1
3,3,3,3,4,4,4,4,4,5,7,6,7,7,6,6,9,6,7,10,10,10,10,10,10,11,9,1
3,3,3,3,4,4,4,4,4,5,7,6,7,7,6,6,9,6,7,10,10,10,10,10,10,11,9,1
3,3,3,3,4,4,4,4,4,5,7,6,7,7,6,6,9,6,7,10,10,10,10,11,10,12,10,1
3,3,3,3,4,4,4,4,4,5,7,6,7,7,7,7,10,7,8,11,11,11,11,11,11,12,10,1
3,3,3,3,4,4,4,4,4,5,7,6,7,8,7,7,10,8,8,11,11,11,11,11,11,12,10,1
3,3,3,3,4,4,4,4,4,5,7,6,7,8,7,7,10,8,8,11,11,11,11,12,11,13,11,1
3,3,3,3,4,4,4,4,4,5,7,6,7,8,7,7,10,8,8,11,11,11,11,12,11,13,11,1
3,3,3,3,4,4,4,4,4,5,7,6,7,8,7,7,10,8,8,11,11,11,11,12,11,13,11,1
3,3,3,3,4,4,4,4,4,5,7,6,7,8,7,7,10,8,8,11,11,11,11,12,11,13,11,1
3,3,3,3,4,4,4,4,4,5,7,6,7,7,6,6,9,6,7,10,10,10,10,10,10,11,9,1
3,3,3,3,4,4,4,4,4,5,7,6,7,7,6,6,9,6,7,10,10,10,10,10,10,11,9,1
3,3,3,3,4,4,4,4,4,5,7,6,7,7,6,6,9,6,7,10,10,10,10,10,10,11,9,1
3,3,3,3,4,4,4,4,4,5,7,6,7,7,6,6,9,6,7,10,10,10,10,10,10,11,9,1
3,3,3,3,4,4,4,4,4,5,7,6,7,7,6,6,9,6,7,10,10,10,10,11,10,11,9,1
3,3,3,3,4,4,4,4,4,5,7,6,7,7,6,6,9,6,7,10,10,10,10,11,12,12,10,1
3,3,3,3,4,4,4,4,4,5,7,6,7,8,7,7,10,7,8,11,11,11,11,11,11,12,10,1
3,3,3,3,4,4,4,4,4,5,7,6,7,8,7,7,10,8,8,11,11,11,11,11,11,12,10,1
3,3,3,3,4,4,4,4,4,5,7,6,7,8,7,7,10,8,8,11,11,11,11,12,11,13,11,1
3,3,3,3,4,4,4,4,4,5,7,6,7,8,7,7,10,8,8,11,11,11,11,12,11,13,11,1
3,3,3,3,4,4,4,4,4,5,7,6,7,8,7,7,10,8,8,11,11,11,11,12,11,13,11,1
3,3,3,3,4,4,4,4,4,5,7,6,7,7,6,6,9,6,7,10,10,10,10,10,10,11,9,1
3,3,3,3,4,4,4,4,4,5,7,6,7,7,6,6,9,6,7,10,10,10,10,10,10,11,9,1
3,3,3,3,4,4,4,4,4,5,7,6,7,7,6,6,9,6,7,10,10,10,10,10,10,11,9,1
3,3,3,3,4,4,4,4,4,5,7,6,7,7,6,6,9,6,7,10,10,10,10,10,10,11,9,1
3,3,3,3,4,4,4,4,4,5,7,6,7,7,6,6,9,6,7,10,10,10,10,10,10,11,9,1
3,3,3,3,4,4,4,4,4,5,7,6,7,7,6,6,9,6,7,10,10,10,10,11,10,12,9,1
3,3,3,3,4,4,4,4,4,5,7,6,7,8,7,7,10,7,8,11,11,11,11,11,11,12,10,1
3,3,3,3,4,4,4,4,4,5,7,6,7,8,7,7,10,8,8,11,11,11,11,11,11,12,10,1
3,3,3,3,4,4,4,4,4,5,7,6,7,8,7,7,10,8,8,11,11,11,11,12,11,13,11,1
3,3,3,3,4,4,4,4,4,5,7,6,7,8,7,7,10,8,8,11,11,11,11,12,11,13,11,1
3,3,3,3,4,4,4,4,4,5,7,6,7,8,7,7,10,8,8,11,11,11,11,12,11,13,11,1
3,3,3,3,4,4,4,4,4,5,7,6,7,7,6,6,9,6,7,10,10,10,10,10,10,11,9,1
3,3,3,3,4,4,4,4,4,5,7,6,7,7,6,6,9,6,7,10,10,10,10,10,10,11,9,1
3,3,3,3,4,4,4,4,4,5,7,6,7,7,6,6,9,6,7,10,10,10,10,10,10,11,9,1
3,3,3,3,4,4,4,4,4,5,7,6,7,7,6,6,9,6,7,10,10,10,10,10,10,11,9,1
3,3,3,3,4,4,4,4,4,5,7,6,7,7,6,6,9,6,7,10,10,10,10,11,10,12,9,1
3,3,3,3,4,4,4,4,4,5,7,6,7,8,7,7,10,7,8,11,11,11,11,11,11,12,10,1
3,3,3,3,4,4,4,4,4,5,7,6,7,8,7,7,10,7,8,11,11,11,11,11,11,12,10,1
3,3,3,3,4,4,4,4,4,5,7,6,7,8,7,7,10,8,8,11,11,11,11,11,11,12,10,1
3,3,3,3,4,4,4,4,4,5,7,6,7,8,7,7,10,8,8,11,11,11,11,12,11,13,11,1
3,3,3,3,4,4,4,4,4,5,7,6,7,8,7,7,10,8,8,11,11,11,11,12,11,13,11,1
3,3,3,3,4,4,4,4,4,5,7,6,7,8,7,7,10,8,8,11,11,11,11,12,11,13,11,1
3,3,3,3,4,4,4,4,4,5,7,6,7,7,6,6,9,6,7,10,10,10,12,13,13,14,12,1
3,3,3,3,4,4,4,4,4,5,7,6,7,7,6,6,9,6,7,10,10,10,12,13,13,14,12,1
3,3,3,3,4,4,4,4,4,5,7,6,7,7,6,6,9,6,7,10,10,10,12,13,13,14,12,1
3,3,3,3,4,4,4,4,4,5,7,6,7,7,6,6,9,6,7,10,10,10,12,13,13,14,12,1
3,3,3,3,4,4,4,4,4,5,7,6,7,7,6,6,9,6,7,10,10,10,12,13,13,14,12,1
3,3,3,3,4,4,4,4,4,5,7,6,7,7,6,6,9,6,7,10,10,10,12,13,13,14,12,1
3,3,3,3,4,4,4,4,4,5,7,6,7,8,7,8,9,9,7,10,12,12,12,13,13,14,12,1
3,3,3,3,4,4,4,4,4,5,7,6,7,8,7,8,10,9,7,11,12,12,12,13,13,14,12,1
3,3,3,3,4,4,4,4,4,5,7,6,7,8,7,7,10,9,8,11,12,12,12,13,13,13,12,1
3,3,3,3,4,4,4,4,4,5,7,6,7,8,7,7,10,8,8,11,11,11,11,12,11,13,11,1
3,3,3,3,4,4,4,4,4,5,7,6,7,8,7,7,10,8,8,11,11,11,11,12,11,13,11,1
3,3,3,3,4,4,4,4,4,5,7,6,7,8,7,7,10,8,8,11,11,11,11,12,11,13,11,1
3,3,3,3,4,4,4,4,4,5,7,6,7,7,6,6,9,6,7,10,10,10,12,13,13,14,12,1
3,3,3,3,4,4,4,4,4,5,7,6,7,7,6,6,9,6,7,10,10,10,12,13,13,14,12,1
3,3,3,3,4,4,4,4,4,5,7,6,7,7,6,6,9,6,7,10,10,10,12,13,13,14,12,1
3,3,3,3,4,4,4,4,4,5,7,6,7,7,6,6,9,6,7,10,10,10,12,13,13,14,12,1
3,3,3,3,4,4,4,4,4,5,7,6,7,7,6,6,9,6,7,10,10,10,12,13,13,14,12,1
3,3,3,3,4,4,4,4,4,5,7,6,7,8,7,8,10,9,7,11,12,12,12,13,13,14,12,1
3,3,3,3,4,4,4,4,4,5,7,6,7,8,7,8,10,9,8,11,12,12,12,13,13,15,12,1
3,3,3,3,4,4,4,4,4,5,7,6,7,8,7,7,10,8,8,11,11,11,11,12,11,13,11,1
3,3,3,3,4,4,4,4,4,5,7,6,7,8,7,7,10,8,8,11,11,11,11,12,11,13,11,1
3,3,3,3,4,4,4,4,4,5,7,6,7,8,7,7,10,8,8,11,11,11,11,12,11,13,11,1
3,3,3,3,4,4,4,4,4,5,7,6,7,8,7,7,10,8,8,11,11,11,11,12,11,13,11,1
3,3,3,3,4,4,4,4,4,5,7,6,7,8,7,7,10,8,8,11,11,11,11,12,11,13,11,1
3,3,3,3,4,4,4,4,4,5,7,6,7,7,6,6,9,6,7,10,10,10,12,13,13,14,12,1
3,3,3,3,4,4,4,4,4,5,7,6,7,7,6,6,9,6,7,10,10,10,12,13,13,14,12,1
3,3,3,3,4,4,4,4,4,5,7,6,7,7,6,6,9,6,7,10,10,10,12,13,13,14,12,1
3,3,3,3,4,4,4,4,4,5,7,6,7,7,6,6,9,6,7,10,10,10,12,13,13,14,12,1
3,3,3,3,4,4,4,4,4,5,7,6,7,7,6,6,9,6,7,10,10,10,12,13,13,14,12,1
3,3,3,3,4,4,4,4,4,5,7,6,7,7,6,6,9,6,7,10,10,10,12,13,13,14,12,1
3,3,3,3,4,4,4,4,4,5,7,6,7,7,6,6,9,6,7,10,10,10,12,13,13,14,12,1
3,3,3,3,4,4,4,4,4,5,7,6,7,8,7,8,10,9,7,11,12,12,12,13,13,14,12,1
3,3,3,3,4,4,4,4,4,5,7,6,7,8,7,8,10,9,8,11,12,12,12,13,13,15,12,1
3,3,3,3,4,4,4,4,4,5,7,6,7,8,7,7,10,8,8,11,11,11,11,12,11,13,11,1
3,3,3,3,4,4,4,4,4,5,7,6,7,8,7,7,10,8,8,11,11,11,11,12,11,13,11,1
3,3,3,3,4,4,4,4,4,5,7,6,7,8,7,7,10,8,8,11,11,11,11,12,11,13,11,1
2,2,4,4,5,5,5,5,5,6,8,7,8,9,8,9,11,10,9,12,13,13,13,14,14,16,13,1
2,2,4,4,5,5,5,5,5,6,8,7,8,9,8,9,11,10,9,12,13,13,13,14,14,16,13,1
2,2,4,4,5,5,5,5,5,6,8,7,8,9,8,9,11,10,9,12,13,13,13,14,14,16,13,1
2,2,4,4,5,5,5,5,5,6,8,7,8,9,8,9,11,10,9,12,13,13,13,14,14,16,13,1
2,2,4,4,5,5,5,5,5,6,8,7,8,9,8,9,11,10,9,12,13,13,13,14,14,16,13,1
2,2,4,4,5,5,5,5,5,6,8,7,8,9,8,9,11,10,9,12,13,13,13,14,14,16,13,1
2,2,4,4,5,5,5,5,5,6,8,7,8,9,8,9,11,10,9,12,13,13,13,15,15,16,13,1
2,2,4,4,5,5,5,5,5,6,8,7,8,9,8,9,11,11,9,12,13,14,14,15,16,16,14,1
2,2,4,4,5,5,5,5,5,6,8,7,8,9,8,9,11,11,9,12,13,14,14,15,16,16,14,1
2,2,4,4,5,5,5,5,5,6,8,7,8,9,8,9,11,11,9,12,13,14,14,15,16,16,14,1
2,2,4,4,5,5,5,5,5,6,8,7,8,9,8,9,11,11,9,12,13,14,14,15,16,16,14,1
2,2,4,4,5,5,5,5,5,6,8,7,8,9,8,9,11,11,9,12,13,14,14,15,16,16,14,1
2,2,4,4,5,5,5,5,5,6,8,7,8,9,8,9,11,10,9,12,13,13,13,14,14,16,13,1
2,2,4,4,5,5,5,5,5,6,8,7,8,9,8,9,11,10,9,12,13,13,13,14,14,16,13,1
2,2,4,4,5,5,5,5,5,6,8,7,8,9,8,9,11,10,9,12,13,13,13,14,14,16,13,1
2,2,4,4,5,5,5,5,5,6,8,7,8,9,8,9,11,10,9,12,13,13,13,14,14,16,13,1
2,2,4,4,5,5,5,5,5,6,8,7,8,9,8,9,11,10,9,12,13,13,13,14,14,16,13,1
2,2,4,4,5,5,5,5,5,6,8,7,8,9,8,9,11,10,9,12,13,13,13,14,15,16,13,1
2,2,4,4,5,5,5,5,5,6,8,7,8,9,8,9,11,11,9,12,13,14,14,15,16,16,14,1
2,2,4,4,5,5,5,5,5,6,8,7,8,9,8,9,11,11,9,12,13,14,14,15,16,16,14,1
2,2,4,4,5,5,5,5,5,6,8,7,8,9,8,9,11,11,9,12,13,14,14,15,16,16,14,1
2,2,4,4,5,5,5,5,5,6,8,7,8,9,8,9,11,11,9,12,13,14,14,15,16,16,14,1
2,2,4,4,5,5,5,5,5,6,8,7,8,9,8,9,11,11,9,12,13,14,14,15,16,16,14,1
2,2,4,4,5,5,5,5,5,6,8,7,8,9,8,9,11,11,9,12,13,14,14,15,16,16,14,1
2,2,4,4,5,5,5,5,5,6,8,7,8,9,8,9,11,10,9,12,13,13,13,14,14,16,13,1
2,2,4,4,5,5,5,5,5,6,8,7,8,9,8,9,11,10,9,12,13,13,13,14,14,16,13,1
2,2,4,4,5,5,5,5,5,6,8,7,8,9,8,9,11,10,9,12,13,13,13,14,14,16,13,1
2,2,4,4,5,5,5,5,5,6,8,7,8,9,8,9,11,10,9,12,13,13,13,14,14,16,13,1
2,2,4,4,5,5,5,5,5,6,8,7,8,9,8,9,11,10,9,12,13,13,13,14,14,16,13,1
2,2,4,4,5,5,5,5,5,6,8,7,8,9,8,9,11,10,9,12,13,13,13,14,14,16,13,1
2,2,4,4,5,5,5,5,5,6,8,7,8,9,8,9,11,10,9,12,13,13,13,15,15,16,13,1
2,2,4,4,5,5,5,5,5,6,8,7,8,9,8,9,11,11,9,12,13,14,14,15,16,16,14,1
2,2,4,4,5,5,5,5,5,6,8,7,8,9,8,9,11,11,9,12,13,14,14,15,16,16,14,1
2,2,4,4,5,5,5,5,5,6,8,7,8,9,8,9,11,11,9,12,13,14,14,15,16,16,14,1
2,2,4,4,5,5,5,5,5,6,8,7,8,9,8,9,11,11,9,12,13,14,14,15,16,16,14,1
2,2,4,4,5,5,5,5,5,6,8,7,8,9,8,9,11,11,9,12,13,14,14,15,16,16,14,1
2,2,4,4,5,5,5,5,5,6,8,7,8,9,8,9,11,10,9,12,13,13,13,14,14,16,13,1
2,2,4,4,5,5,5,5,5,6,8,7,8,9,8,9,11,10,9,12,13,13,13,14,14,16,13,1
2,2,4,4,5,5,5,5,5,6,8,7,8,9,8,9,11,10,9,12,13,13,13,14,14,16,13,1
2,2,4,4,5,5,5,5,5,6,8,7,8,9,8,9,11,10,9,12,13,13,13,14,14,16,13,1
2,2,4,4,5,5,5,5,5,6,8,7,8,9,8,9,11,10,9,12,13,13,13,14,14,16,13,1
2,2,4,4,5,5,5,5,5,6,8,7,8,9,8,9,11,10,9,12,13,13,13,14,14,16,13,1
2,2,4,4,5,5,5,5,5,6,8,7,8,9,8,9,11,10,9,12,13,13,13,14,15,16,13,1
2,2,4,4,5,5,5,5,5,6,8,7,8,9,8,9,11,11,9,12,13,14,14,15,16,16,14,1
2,2,4,4,5,5,5,5,5,6,8,7,8,9,8,9,11,11,9,12,13,14,14,15,16,16,14,1
2,2,4,4,5,5,5,5,5,6,8,7,8,9,8,9,11,11,9,12,13,14,14,15,16,16,14,1
2,2,4,4,5,5,5,5,5,6,8,7,8,9,8,9,11,11,9,12,13,14,14,15,16,16,14,1
2,2,4,4,5,5,5,5,5,6,8,7,8,9,8,9,11,11,9,12,13,14,14,15,16,16,14,1
2,2,4,4,5,5,5,5,5,6,8,7,8,9,8,9,11,10,9,12,13,13,13,14,14,16,13,1
2,2,4,4,5,5,5,5,5,6,8,7,8,9,8,9,11,10,9,12,13,13,13,14,14,16,13,1
2,2,4,4,5,5,5,5,5,6,8,7,8,9,8,9,11,10,9,12,13,13,13,14,14,16,13,1
2,2,4,4,5,5,5,5,5,6,8,7,8,9,8,9,11,10,9,12,13,13,13,14,14,16,13,1
2,2,4,4,5,5,5,5,5,6,8,7,8,9,8,9,11,10,9,12,13,13,13,14,14,16,13,1
2,2,4,4,5,5,5,5,5,6,8,7,8,9,8,9,11,10,9,12,13,13,13,15,15,16,13,1
2,2,4,4,5,5,5,5,5,6,8,7,8,9,8,9,11,11,9,12,13,14,14,15,16,16,14,1
2,2,4,4,5,5,5,5,5,6,8,7,8,9,8,9,11,11,9,12,13,14,14,15,16,16,14,1
2,2,4,4,5,5,5,5,5,6,8,7,8,9,8,9,11,11,9,12,13,14,14,15,16,16,14,1
2,2,4,4,5,5,5,5,5,6,8,7,8,9,8,9,11,11,9,12,13,14,14,15,16,16,14,1
2,2,4,4,5,5,5,5,5,6,8,7,8,9,8,9,11,11,9,12,13,14,14,15,16,16,14,1
2,2,4,4,5,5,5,5,5,6,8,7,8,9,8,9,11,11,9,12,13,14,14,15,16,16,14,1
2,2,4,4,5,5,5,5,5,6,8,7,8,9,8,9,11,10,9,12,13,13,13,14,14,16,13,1
2,2,4,4,5,5,5,5,5,6,8,7,8,9,8,9,11,10,9,12,13,13,13,14,14,16,13,1
2,2,4,4,5,5,5,5,5,6,8,7,8,9,8,9,11,10,9,12,13,13,13,14,14,16,13,1
2,2,4,4,5,5,5,5,5,6,8,7,8,9,8,9,11,10,9,12,13,13,13,14,14,16,13,1
2,2,4,4,5,5,5,5,5,6,8,7,8,9,8,9,11,10,9,12,13,13,13,14,14,16,13,1
2,2,4,4,5,5,5,5,5,6,8,7,8,9,8,9,11,10,9,12,13,13,13,14,15,16,13,1
2,2,4,4,5,5,5,5,5,6,8,7,8,9,8,9,11,11,9,12,13,14,14,15,16,16,14,1
2,2,4,4,5,5,5,5,5,6,8,7,8,9,8,9,11,11,9,12,13,14,14,15,16,16,14,1
2,2,4,4,5,5,5,5,5,6,8,7,8,9,8,9,11,11,9,12,13,14,14,15,16,16,14,1
2,2,4,4,5,5,5,5,5,6,8,7,8,9,8,9,11,11,9,12,13,14,14,15,16,16,14,1
2,2,4,4,5,5,5,5,5,6,8,7,8,9,8,9,11,11,9,12,13,14,14,15,16,16,14,1
2,2,4,4,5,5,5,5,5,6,8,7,8,9,8,9,11,11,9,12,13,14,14,15,16,16,14,1
2,2,2,5,6,6,6,6,6,7,9,8,9,10,9,10,12,12,10,13,14,15,15,16,17,17,15,2
2,2,2,5,6,6,6,6,6,7,9,8,9,10,9,10,12,12,10,13,14,15,15,16,17,17,15,2
2,2,2,5,6,6,6,6,6,7,9,8,9,10,9,10,12,12,10,13,14,15,15,16,17,17,15,2
2,2,2,5,6,6,6,6,6,7,9,8,9,10,9,10,12,12,10,13,14,15,15,16,17,17,15,2
2,2,2,5,6,6,6,6,6,7,9,8,9,10,9,10,12,12,10,13,14,15,15,16,17,17,15,2
2,2,2,5,6,6,6,6,6,7,9,8,9,10,9,10,12,12,10,13,14,15,15,16,17,17,15,2
2,2,2,5,6,6,6,6,6,7,9,8,9,10,9,10,12,12,10,13,14,15,15,16,17,17,15,2
2,2,2,5,6,6,6,6,6,7,9,8,9,10,9,10,12,12,10,13,14,15,15,16,17,17,16,2
2,2,2,5,6,6,6,6,6,7,9,8,9,10,9,10,12,12,10,13,14,15,15,16,17,17,16,2
2,2,2,5,6,6,6,6,6,7,9,8,9,10,9,10,12,12,10,13,14,15,15,16,17,17,16,2
2,2,2,5,6,6,6,6,6,7,9,8,9,10,9,10,12,12,10,13,14,15,15,16,17,17,16,2
2,2,2,5,6,6,6,6,6,7,9,8,9,10,9,10,12,12,10,13,14,15,15,16,17,17,16,2
2,2,2,5,6,6,6,6,6,7,9,8,9,10,9,10,12,12,10,13,14,15,15,16,17,17,15,2
2,2,2,5,6,6,6,6,6,7,9,8,9,10,9,10,12,12,10,13,14,15,15,16,17,17,15,2
2,2,2,5,6,6,6,6,6,7,9,8,9,10,9,10,12,12,10,13,14,15,15,16,17,17,15,2
2,2,2,5,6,6,6,6,6,7,9,8,9,10,9,10,12,12,10,13,14,15,15,16,17,17,15,2
2,2,2,5,6,6,6,6,6,7,9,8,9,10,9,10,12,12,10,13,14,15,15,16,17,17,15,2
2,2,2,5,6,6,6,6,6,7,9,8,9,10,9,10,12,12,10,13,14,15,15,16,17,17,15,2
2,2,2,5,6,6,6,6,6,7,9,8,9,10,9,10,12,12,10,13,14,15,15,16,17,17,15,2
2,2,2,5,6,6,6,6,6,7,9,8,9,10,9,10,12,12,10,13,14,15,15,16,17,17,16,2
2,2,2,5,6,6,6,6,6,7,9,8,9,10,9,10,12,12,10,13,14,15,15,16,17,17,16,2
2,2,2,5,6,6,6,6,6,7,9,8,9,10,9,10,12,12,10,13,14,15,15,16,17,17,16,2
2,2,2,5,6,6,6,6,6,7,9,8,9,10,9,10,12,12,10,13,14,15,15,16,17,17,16,2
2,2,2,5,6,6,6,6,6,7,9,8,9,10,9,10,12,12,10,13,14,15,15,16,17,17,16,2
2,2,2,5,6,6,6,6,6,7,9,8,9,10,9,10,12,12,10,13,14,15,15,16,17,17,15,2
2,2,2,5,6,6,6,6,6,7,9,8,9,10,9,10,12,12,10,13,14,15,15,16,17,17,15,2
2,2,2,5,6,6,6,6,6,7,9,8,9,10,9,10,12,12,10,13,14,15,15,16,17,17,15,2
2,2,2,5,6,6,6,6,6,7,9,8,9,10,9,10,12,12,10,13,14,15,15,16,17,17,15,2
2,2,2,5,6,6,6,6,6,7,9,8,9,10,9,10,12,12,10,13,14,15,15,16,17,17,15,2
2,2,2,5,6,6,6,6,6,7,9,8,9,10,9,10,12,12,10,13,14,15,15,16,17,17,15,2
2,2,2,5,6,6,6,6,6,7,9,8,9,10,9,10,12,12,10,13,14,15,15,16,17,17,15,2
2,2,2,5,6,6,6,6,6,7,9,8,9,10,9,10,12,12,10,13,14,15,15,16,17,17,16,2
2,2,2,5,6,6,6,6,6,7,9,8,9,10,9,10,12,12,10,13,14,15,15,16,17,17,16,2
2,2,2,5,6,6,6,6,6,7,9,8,9,10,9,10,12,12,10,13,14,15,15,16,17,17,16,2
2,2,2,5,6,6,6,6,6,7,9,8,9,10,9,10,12,12,10,13,14,15,15,16,17,17,16,2
2,2,2,5,6,6,6,6,6,7,9,8,9,10,9,10,12,12,10,13,14,15,15,16,17,17,16,2
2,2,4,4,5,5,7,5,7,8,10,9,10,11,8,11,13,13,11,14,15,16,16,17,18,18,17,1
2,2,4,4,5,5,7,5,7,8,10,9,10,11,8,11,13,13,11,14,15,16,16,17,18,18,17,1
2,2,4,4,5,5,7,5,7,8,10,9,10,11,8,11,13,13,11,14,15,16,16,17,18,18,17,1
2,2,4,4,5,5,7,5,7,8,10,9,10,11,8,11,13,13,11,14,15,16,16,17,18,18,17,1
2,2,4,4,5,5,7,5,7,8,10,9,10,11,8,11,13,13,11,14,15,16,16,17,18,18,17,1
2,2,4,4,5,5,7,5,7,8,10,9,10,11,8,11,13,13,11,14,15,16,16,17,18,18,17,1
2,2,4,4,5,5,7,5,7,8,10,9,10,11,8,11,13,13,11,14,16,17,16,17,18,18,17,1
2,2,4,4,5,5,7,5,7,8,10,9,10,11,8,11,13,13,11,15,16,17,16,17,19,18,17,1
2,2,4,4,5,5,7,5,7,8,10,9,10,11,8,11,13,13,11,15,16,17,16,17,19,18,17,1
2,2,4,4,5,5,7,5,7,8,10,9,10,11,8,11,13,13,11,15,16,17,16,17,19,18,17,1
2,2,4,4,5,5,7,5,7,8,10,9,10,11,8,11,13,13,11,15,16,17,16,17,19,18,17,1
2,2,4,4,5,5,7,5,7,8,10,9,10,11,8,11,13,13,11,15,16,17,16,17,19,18,17,1
2,2,4,4,5,5,7,5,7,8,10,9,10,11,8,11,13,13,11,14,15,16,16,17,18,18,17,1
2,2,4,4,5,5,7,5,7,8,10,9,10,11,8,11,13,13,11,14,15,16,16,17,18,18,17,1
2,2,4,4,5,5,7,5,7,8,10,9,10,11,8,11,13,13,11,14,15,16,16,17,18,18,17,1
2,2,4,4,5,5,7,5,7,8,10,9,10,11,8,11,13,13,11,14,15,16,16,17,18,18,17,1
2,2,4,4,5,5,7,5,7,8,10,9,10,11,8,11,13,13,11,14,15,16,16,17,18,18,17,1
2,2,4,4,5,5,7,5,7,8,10,9,10,11,8,11,13,13,11,14,15,16,16,17,18,18,17,1
2,2,4,4,5,5,7,5,7,8,10,9,10,11,8,11,13,13,11,15,16,17,16,17,19,18,17,1
2,2,4,4,5,5,7,5,7,8,10,9,10,11,8,11,13,13,11,15,16,17,16,17,19,18,17,1
2,2,4,4,5,5,7,5,7,8,10,9,10,11,8,11,13,13,11,15,16,17,16,17,19,18,17,1
2,2,4,4,5,5,7,5,7,8,10,9,10,11,8,11,13,13,11,15,16,17,16,17,19,18,17,1
2,2,4,4,5,5,7,5,7,8,10,9,10,11,8,11,13,13,11,15,16,17,16,17,19,18,17,1
2,2,4,4,5,5,7,5,7,8,10,9,10,11,8,11,13,13,11,15,16,17,16,17,19,18,17,1
2,2,4,4,5,5,7,5,7,8,10,9,10,11,8,11,13,13,11,14,15,16,16,17,18,18,17,1
2,2,4,4,5,5,7,5,7,8,10,9,10,11,8,11,13,13,11,14,15,16,16,17,18,18,17,1
2,2,4,4,5,5,7,5,7,8,10,9,10,11,8,11,13,13,11,14,15,16,16,17,18,18,17,1
2,2,4,4,5,5,7,5,7,8,10,9,10,11,8,11,13,13,11,14,15,16,16,17,18,18,17,1
2,2,4,4,5,5,7,5,7,8,10,9,10,11,8,11,13,13,11,14,15,16,16,17,18,18,17,1
2,2,4,4,5,5,7,5,7,8,10,9,10,11,8,11,13,13,11,14,15,16,16,17,18,18,17,1
2,2,4,4,5,5,7,5,7,8,10,9,10,11,8,11,13,13,11,15,16,17,16,17,19,18,17,1
2,2,4,4,5,5,7,5,7,8,10,9,10,11,8,11,13,13,11,15,16,17,16,17,19,18,17,1
2,2,4,4,5,5,7,5,7,8,10,9,10,11,8,11,13,13,11,15,16,17,16,17,19,18,17,1
2,2,4,4,5,5,7,5,7,8,10,9,10,11,8,11,13,13,11,15,16,17,16,17,19,18,17,1
2,2,4,4,5,5,7,5,7,8,10,9,10,11,8,11,13,13,11,15,16,17,16,17,19,18,17,1
2,2,4,4,5,5,7,5,7,8,10,9,10,11,8,11,13,13,11,15,16,17,16,17,19,18,17,1
2,2,4,4,5,5,7,5,7,8,10,9,10,11,8,11,13,13,11,14,15,16,16,17,18,18,17,1
2,2,4,4,5,5,7,5,7,8,10,9,10,11,8,11,13,13,11,14,15,16,16,17,18,18,17,1
2,2,4,4,5,5,7,5,7,8,10,9,10,11,8,11,13,13,11,14,15,16,16,17,18,18,17,1
2,2,4,4,5,5,7,5,7,8,10,9,10,11,8,11,13,13,11,14,15,16,16,17,18,18,17,1
2,2,4,4,5,5,7,5,7,8,10,9,10,11,8,11,13,13,11,14,15,16,16,17,18,18,17,1
2,2,4,4,5,5,7,5,7,8,10,9,10,11,8,11,13,13,11,14,15,16,16,17,18,18,17,1
2,2,4,4,5,5,7,5,7,8,10,9,10,11,8,11,13,13,11,14,16,17,16,17,18,18,17,1
2,2,4,4,5,5,7,5,7,8,10,9,10,11,8,11,13,13,11,15,16,17,16,17,19,18,17,1
2,2,4,4,5,5,7,5,7,8,10,9,10,11,8,11,13,13,11,15,16,17,16,17,19,18,17,1
2,2,4,4,5,5,7,5,7,8,10,9,10,11,8,11,13,13,11,15,16,17,16,17,19,18,17,1
2,2,4,4,5,5,7,5,7,8,10,9,10,11,8,11,13,13,11,15,16,17,16,17,19,18,17,1
2,2,4,4,5,5,7,5,7,8,10,9,10,11,8,11,13,13,11,15,16,17,16,17,19,18,17,1
2,2,2,2,3,3,3,3,8,9,11,10,11,12,10,12,14,14,12,16,17,18,17,18,20,19,18,1
2,2,2,2,3,3,3,3,8,9,11,10,11,12,10,12,14,14,12,16,17,18,17,18,20,19,18,1
2,2,2,2,3,3,3,3,8,9,11,10,11,12,10,12,14,14,12,16,17,18,17,18,20,19,18,1
2,2,2,2,3,3,3,3,8,9,11,10,11,12,10,12,14,14,12,16,17,18,17,18,20,19,18,1
2,2,2,2,3,3,3,3,8,9,11,10,11,12,10,12,14,14,12,16,17,18,17,18,20,19,18,1
2,2,2,2,3,3,3,3,8,9,11,10,11,12,10,12,14,14,12,16,17,18,17,18,20,19,18,1
2,2,2,2,3,3,3,3,8,9,11,10,11,12,10,12,14,14,12,16,17,18,17,18,20,19,18,1
2,2,2,2,3,3,3,3,8,9,11,10,11,12,10,12,14,14,12,16,17,18,17,18,20,19,18,1
2,2,2,2,3,3,3,3,8,9,11,10,11,12,10,12,14,14,12,16,17,18,17,18,20,19,18,1
2,2,2,2,3,3,3,3,8,9,11,10,11,12,10,12,14,14,12,16,17,18,18,18,20,20,18,1
2,2,2,2,3,3,3,3,8,9,11,10,11,12,10,12,14,14,12,16,17,18,18,18,20,20,18,1
2,2,2,2,3,3,3,3,8,9,11,10,11,12,10,12,14,14,12,16,17,18,18,18,20,20,18,1
2,2,2,2,3,3,3,3,8,9,11,10,11,12,10,12,14,14,12,16,17,18,17,18,20,19,18,1
2,2,2,2,3,3,3,3,8,9,11,10,11,12,10,12,14,14,12,16,17,18,17,18,20,19,18,1
2,2,2,2,3,3,3,3,8,9,11,10,11,12,10,12,14,14,12,16,17,18,17,18,20,19,18,1
2,2,2,2,3,3,3,3,8,9,11,10,11,12,10,12,14,14,12,16,17,18,17,18,20,19,18,1
2,2,2,2,3,3,3,3,8,9,11,10,11,12,10,12,14,14,12,16,17,18,17,18,20,19,18,1
2,2,2,2,3,3,3,3,8,9,11,10,11,12,10,12,14,14,12,16,17,18,17,18,20,19,18,1
2,2,2,2,3,3,3,3,8,9,11,10,11,12,10,12,14,14,12,16,17,18,17,18,20,19,18,1
2,2,2,2,3,3,3,3,8,9,11,10,11,12,10,12,14,14,12,16,17,18,17,18,20,19,18,1
2,2,2,2,3,3,3,3,8,9,11,10,11,12,10,12,14,14,12,16,17,18,18,18,20,20,18,1
2,2,2,2,3,3,3,3,8,9,11,10,11,12,10,12,14,14,12,16,17,18,18,18,20,20,18,1
2,2,2,2,3,3,3,3,8,9,11,10,11,12,10,12,14,14,12,16,17,18,18,18,20,20,18,1
2,2,2,2,3,3,3,3,8,9,11,10,11,12,10,12,14,14,12,16,17,18,18,18,20,20,18,1
2,2,2,2,3,3,3,3,8,9,11,10,11,12,10,12,14,14,12,16,17,18,17,18,20,19,18,1
2,2,2,2,3,3,3,3,8,9,11,10,11,12,10,12,14,14,12,16,17,18,17,18,20,19,18,1
2,2,2,2,3,3,3,3,8,9,11,10,11,12,10,12,14,14,12,16,17,18,17,18,20,19,18,1
2,2,2,2,3,3,3,3,8,9,11,10,11,12,10,12,14,14,12,16,17,18,17,18,20,19,18,1
2,2,2,2,3,3,3,3,8,9,11,10,11,12,10,12,14,14,12,16,17,18,17,18,20,19,18,1
2,2,2,2,3,3,3,3,8,9,11,10,11,12,10,12,14,14,12,16,17,18,17,18,20,19,18,1
2,2,2,2,3,3,3,3,8,9,11,10,11,12,10,12,14,14,12,16,17,18,17,18,20,19,18,1
2,2,2,2,3,3,3,3,8,9,11,10,11,12,10,12,14,14,12,16,17,18,17,18,20,19,18,1
2,2,2,2,3,3,3,3,8,9,11,10,11,12,10,12,14,14,12,16,17,18,18,18,20,20,18,1
2,2,2,2,3,3,3,3,8,9,11,10,11,12,10,12,14,14,12,16,17,18,18,18,20,20,18,1
2,2,2,2,3,3,3,3,8,9,11,10,11,12,10,12,14,14,12,16,17,18,18,18,20,20,18,1
2,2,2,2,3,3,3,3,8,9,11,10,11,12,10,12,14,14,12,16,17,18,18,18,20,20,18,1
2,2,2,2,3,3,3,3,8,9,11,10,11,12,10,12,14,14,12,17,17,19,17,18,20,21,19,1
2,2,2,2,3,3,3,3,8,9,11,10,11,12,10,12,14,14,12,17,17,19,17,18,20,21,19,1
2,2,2,2,3,3,3,3,8,9,11,10,11,12,10,12,14,14,12,17,17,19,17,18,20,21,19,1
2,2,2,2,3,3,3,3,8,9,11,10,11,12,10,12,14,14,12,17,17,19,17,18,20,21,19,1
2,2,2,2,3,3,3,3,8,9,11,10,11,12,10,12,14,14,12,17,17,19,17,18,20,21,19,1
2,2,2,2,3,3,3,3,8,9,11,10,11,12,10,12,14,14,12,17,17,19,17,18,20,21,19,1
2,2,2,2,3,3,3,3,8,9,11,10,11,12,10,12,14,14,12,17,17,19,17,18,20,21,19,1
2,2,2,2,3,3,3,3,8,9,11,10,11,12,10,12,14,14,12,17,17,19,18,18,20,20,20,1
2,2,2,2,3,3,3,3,8,9,11,10,11,12,10,12,14,14,12,17,17,19,18,18,20,20,20,1
2,2,2,2,3,3,3,3,8,9,11,10,11,12,10,12,14,14,12,17,17,19,18,18,20,20,20,1
2,2,2,2,3,3,3,3,8,9,11,10,11,12,10,12,14,14,12,17,17,19,18,18,20,20,20,1
2,2,2,2,3,3,3,3,8,9,11,10,11,12,10,12,14,14,12,17,17,19,18,18,20,20,20,1
2,2,2,2,3,3,3,3,8,9,11,10,11,12,10,12,14,14,12,17,17,19,17,18,20,21,19,1
2,2,2,2,3,3,3,3,8,9,11,10,11,12,10,12,14,14,12,17,17,19,17,18,20,21,19,1
2,2,2,2,3,3,3,3,8,9,11,10,11,12,10,12,14,14,12,17,17,19,17,18,20,21,19,1
2,2,2,2,3,3,3,3,8,9,11,10,11,12,10,12,14,14,12,17,17,19,17,18,20,21,19,1
2,2,2,2,3,3,3,3,8,9,11,10,11,12,10,12,14,14,12,17,17,19,17,18,20,21,19,1
2,2,2,2,3,3,3,3,8,9,11,10,11,12,10,12,14,14,12,17,17,19,17,18,20,21,19,1
2,2,2,2,3,3,3,3,8,9,11,10,11,12,10,12,14,14,12,17,17,19,17,18,20,21,19,1
2,2,2,2,3,3,3,3,8,9,11,10,11,12,10,12,14,14,12,17,17,19,18,18,20,20,20,1
2,2,2,2,3,3,3,3,8,9,11,10,11,12,10,12,14,14,12,17,17,19,18,18,20,20,20,1
2,2,2,2,3,3,3,3,8,9,11,10,11,12,10,12,14,14,12,17,17,19,18,18,20,20,20,1
2,2,2,2,3,3,3,3,8,9,11,10,11,12,10,12,14,14,12,17,17,19,18,18,20,20,20,1
2,2,2,2,3,3,3,3,8,9,11,10,11,12,10,12,14,14,12,17,17,19,18,18,20,20,20,1
2,2,2,2,3,3,3,3,8,9,11,10,11,12,10,12,14,14,12,17,17,19,17,18,20,21,19,1
2,2,2,2,3,3,3,3,8,9,11,10,11,12,10,12,14,14,12,17,17,19,17,18,20,21,19,1
2,2,2,2,3,3,3,3,8,9,11,10,11,12,10,12,14,14,12,17,17,19,17,18,20,21,19,1
2,2,2,2,3,3,3,3,8,9,11,10,11,12,10,12,14,14,12,17,17,19,17,18,20,21,19,1
2,2,2,2,3,3,3,3,8,9,11,10,11,12,10,12,14,14,12,17,17,19,17,18,20,21,19,1
2,2,2,2,3,3,3,3,8,9,11,10,11,12,10,12,14,14,12,17,17,19,17,18,20,21,19,1
2,2,2,2,3,3,3,3,8,9,11,10,11,12,10,12,14,14,12,17,17,19,17,18,20,21,19,1
2,2,2,2,3,3,3,3,8,9,11,10,11,12,10,12,14,14,12,17,17,19,18,18,20,20,20,1
2,2,2,2,3,3,3,3,8,9,11,10,11,12,10,12,14,14,12,17,17,19,18,18,20,20,20,1
2,2,2,2,3,3,3,3,8,9,11,10,11,12,10,12,14,14,12,17,17,19,18,18,20,20,20,1
2,2,2,2,3,3,3,3,8,9,11,10,11,12,10,12,14,14,12,17,17,19,18,18,20,20,20,1
2,2,2,2,3,3,3,3,8,9,11,10,11,12,10,12,14,14,12,17,17,19,18,18,20,20,20,1
4,4,5,6,7,7,8,7,9,10,12,11,12,13,11,13,15,15,13,18,18,20,19,19,21,22,21,2
4,4,5,6,7,7,8,7,9,10,12,11,12,13,11,13,15,15,13,18,18,20,19,19,21,22,21,2
4,4,5,6,7,7,8,7,9,10,12,11,12,13,11,13,15,15,13,18,18,20,19,19,21,22,21,2
4,4,5,6,7,7,8,7,9,10,12,11,12,13,11,13,15,15,13,18,18,20,19,19,21,22,21,2
4,4,5,6,7,7,8,7,9,10,12,11,12,13,11,13,15,15,13,18,18,20,19,19,21,22,21,2
4,4,5,6,7,7,8,7,9,10,12,11,12,13,11,13,15,15,13,18,18,20,19,19,21,22,21,2
4,4,5,6,7,7,8,7,9,10,12,11,12,13,11,13,15,15,13,18,18,20,19,19,21,22,21,2
4,4,5,6,7,7,8,7,9,10,12,11,12,13,11,13,15,15,13,18,18,20,19,19,21,22,21,2
4,4,5,6,7,7,8,7,9,10,12,11,12,13,12,13,15,16,14,18,19,21,19,20,22,23,22,2
4,4,5,6,7,7,8,7,9,10,12,11,12,13,12,13,15,16,14,18,19,21,19,20,22,23,22,2
4,4,5,6,7,7,8,7,9,10,12,11,12,13,12,13,15,16,14,18,19,21,19,20,22,23,22,2
4,4,5,6,7,7,8,7,9,10,12,11,12,13,12,13,15,16,14,18,19,21,19,20,22,23,22,2
4,4,5,6,7,7,8,7,9,10,12,11,12,13,11,13,15,15,13,18,18,20,19,19,21,22,21,2
4,4,5,6,7,7,8,7,9,10,12,11,12,13,11,13,15,15,13,18,18,20,19,19,21,22,21,2
4,4,5,6,7,7,8,7,9,10,12,11,12,13,11,13,15,15,13,18,18,20,19,19,21,22,21,2
4,4,5,6,7,7,8,7,9,10,12,11,12,13,11,13,15,15,13,18,18,20,19,19,21,22,21,2
4,4,5,6,7,7,8,7,9,10,12,11,12,13,11,13,15,15,13,18,18,20,19,19,21,22,21,2
4,4,5,6,7,7,8,7,9,10,12,11,12,13,11,13,15,15,13,18,18,20,19,19,21,22,21,2
4,4,5,6,7,7,8,7,9,10,12,11,12,13,11,13,15,15,13,18,18,20,19,19,21,22,21,2
4,4,5,6,7,7,8,7,9,10,12,11,12,13,11,13,15,15,13,18,18,20,19,19,21,22,21,2
4,4,5,6,7,7,8,7,9,10,12,11,12,13,12,13,15,16,14,18,19,21,19,20,22,23,22,2
4,4,5,6,7,7,8,7,9,10,12,11,12,13,12,13,15,16,14,18,19,21,19,20,22,23,22,2
4,4,5,6,7,7,8,7,9,10,12,11,12,13,12,13,15,16,14,18,19,21,19,20,22,23,22,2
4,4,5,6,7,7,8,7,9,10,12,11,12,13,12,13,15,16,14,18,19,21,19,20,22,23,22,2
4,4,5,6,7,7,8,7,9,10,12,11,12,13,11,13,15,15,13,18,18,20,19,19,21,22,21,2
4,4,5,6,7,7,8,7,9,10,12,11,12,13,11,13,15,15,13,18,18,20,19,19,21,22,21,2
4,4,5,6,7,7,8,7,9,10,12,11,12,13,11,13,15,15,13,18,18,20,19,19,21,22,21,2
4,4,5,6,7,7,8,7,9,10,12,11,12,13,11,13,15,15,13,18,18,20,19,19,21,22,21,2
4,4,5,6,7,7,8,7,9,10,12,11,12,13,11,13,15,15,13,18,18,20,19,19,21,22,21,2
4,4,5,6,7,7,8,7,9,10,12,11,12,13,11,13,15,15,13,18,18,20,19,19,21,22,21,2
4,4,5,6,7,7,8,7,9,10,12,11,12,13,11,13,15,15,13,18,18,20,19,19,21,22,21,2
4,4,5,6,7,7,8,7,9,10,12,11,12,13,12,13,15,16,14,18,19,21,19,20,22,23,22,2
4,4,5,6,7,7,8,7,9,10,12,11,12,13,12,13,15,16,14,18,19,21,19,20,22,23,22,2
4,4,5,6,7,7,8,7,9,10,12,11,12,13,12,13,15,16,14,18,19,21,19,20,22,23,22,2
4,4,5,6,7,7,8,7,9,10,12,11,12,13,12,13,15,16,14,18,19,21,19,20,22,23,22,2
4,4,5,6,7,7,8,7,9,10,12,11,12,13,12,13,15,16,14,18,19,21,19,20,22,23,22,2
4,4,5,6,7,7,8,7,9,10,12,11,12,13,11,13,15,15,13,18,18,20,19,19,21,22,21,2
4,4,5,6,7,7,8,7,9,10,12,11,12,13,11,13,15,15,13,18,18,20,19,19,21,22,21,2
4,4,5,6,7,7,8,7,9,10,12,11,12,13,11,13,15,15,13,18,18,20,19,19,21,22,21,2
4,4,5,6,7,7,8,7,9,10,12,11,12,13,11,13,15,15,13,18,18,20,19,19,21,22,21,2
4,4,5,6,7,7,8,7,9,10,12,11,12,13,11,13,15,15,13,18,18,20,19,19,21,22,21,2
4,4,5,6,7,7,8,7,9,10,12,11,12,13,11,13,15,15,13,18,18,20,19,19,21,22,21,2
4,4,5,6,7,7,8,7,9,10,12,11,12,13,11,13,15,15,13,18,18,20,19,19,21,22,21,2
4,4,5,6,7,7,8,7,9,10,12,11,12,13,12,13,15,16,14,18,19,21,19,20,22,23,22,2
4,4,5,6,7,7,8,7,9,10,12,11,12,13,12,13,15,16,14,18,19,21,19,20,22,23,22,2
4,4,5,6,7,7,8,7,9,10,12,11,12,13,12,13,15,16,14,18,19,21,19,20,22,23,22,2
4,4,5,6,7,7,8,7,9,10,12,11,12,13,12,13,15,16,14,18,19,21,19,20,22,23,22,2
4,4,5,6,7,7,8,7,9,10,12,11,12,13,12,13,15,16,14,18,19,21,19,20,22,23,22,2
4,4,5,6,7,7,8,8,10,11,13,12,13,14,13,14,16,17,15,19,20,22,20,21,23,24,23,2
4,4,5,6,7,7,8,8,10,11,13,12,13,14,13,14,16,17,15,19,20,22,20,21,23,24,23,2
4,4,5,6,7,7,8,8,10,11,13,12,13,14,13,14,16,17,15,19,20,22,20,21,23,24,23,2
4,4,5,6,7,7,8,8,10,11,13,12,13,14,13,14,16,17,15,19,20,22,20,21,23,24,23,2
4,4,5,6,7,7,8,8,10,11,13,12,13,14,13,14,16,17,15,19,20,22,20,21,23,24,23,2
4,4,5,6,7,7,8,8,10,11,13,12,13,14,13,14,16,17,15,19,20,22,20,21,23,24,23,2
4,4,5,6,7,7,8,8,10,11,13,12,13,14,13,14,17,17,15,19,20,22,20,21,23,24,23,2
4,4,5,6,7,7,8,8,10,11,13,12,13,14,14,15,17,18,16,20,21,23,21,22,24,25,24,2
4,4,5,6,7,7,8,8,10,11,13,12,13,14,14,15,17,18,16,20,21,23,21,22,24,25,24,2
4,4,5,6,7,7,8,8,10,11,13,12,13,14,14,15,17,18,16,20,21,23,21,22,24,25,24,2
4,4,5,6,7,7,8,8,10,11,13,12,13,14,14,15,17,18,16,20,21,23,21,22,24,25,24,2
4,4,5,6,7,7,8,8,10,11,13,12,13,14,14,15,17,18,16,20,21,23,21,22,24,25,24,2
4,4,5,6,7,7,8,8,10,11,13,12,13,14,13,14,16,17,15,19,20,22,20,21,23,24,23,2
4,4,5,6,7,7,8,8,10,11,13,12,13,14,13,14,16,17,15,19,20,22,20,21,23,24,23,2
4,4,5,6,7,7,8,8,10,11,13,12,13,14,13,14,16,17,15,19,20,22,20,21,23,24,23,2
4,4,5,6,7,7,8,8,10,11,13,12,13,14,13,14,16,17,15,19,20,22,20,21,23,24,23,2
4,4,5,6,7,7,8,8,10,11,13,12,13,14,13,14,16,17,15,19,20,22,20,21,23,24,23,2
4,4,5,6,7,7,8,8,10,11,13,12,13,14,13,14,17,17,15,19,20,22,20,21,23,24,23,2
4,4,5,6,7,7,8,8,10,11,13,12,13,14,14,15,17,18,16,20,21,23,21,22,24,25,24,2
4,4,5,6,7,7,8,8,10,11,13,12,13,14,14,15,17,18,16,20,21,23,21,22,24,25,24,2
4,4,5,6,7,7,8,8,10,11,13,12,13,14,14,15,17,18,16,20,21,23,21,22,24,25,24,2
4,4,5,6,7,7,8,8,10,11,13,12,13,14,14,15,17,18,16,20,21,23,21,22,24,25,24,2
4,4,5,6,7,7,8,8,10,11,13,12,13,14,14,15,17,18,16,20,21,23,21,22,24,25,24,2
4,4,5,6,7,7,8,8,10,11,13,12,13,14,14,15,17,18,16,20,21,23,21,22,25,25,24,2
4,4,5,6,7,7,8,8,10,11,13,12,13,14,13,14,16,17,15,19,20,22,20,21,23,24,23,2
4,4,5,6,7,7,8,8,10,11,13,12,13,14,13,14,16,17,15,19,20,22,20,21,23,24,23,2
4,4,5,6,7,7,8,8,10,11,13,12,13,14,13,14,16,17,15,19,20,22,20,21,23,24,23,2
4,4,5,6,7,7,8,8,10,11,13,12,13,14,13,14,16,17,15,19,20,22,20,21,23,24,23,2
4,4,5,6,7,7,8,8,10,11,13,12,13,14,13,14,16,17,15,19,20,22,20,21,23,24,23,2
4,4,5,6,7,7,8,8,10,11,13,12,13,14,13,14,17,17,15,21,20,22,21,23,26,24,23,2
4,4,5,6,7,7,8,8,10,11,13,12,13,14,14,15,17,18,16,20,21,23,21,22,24,25,24,2
4,4,5,6,7,7,8,8,10,11,13,12,13,14,14,15,17,18,16,20,21,23,21,22,24,25,24,2
4,4,5,6,7,7,8,8,10,11,13,12,13,14,14,15,17,18,16,20,21,23,21,22,24,25,24,2
4,4,5,6,7,7,8,8,10,11,13,12,13,14,14,15,17,18,16,20,21,23,21,22,24,25,24,2
4,4,5,6,7,7,8,8,10,11,13,12,13,14,14,15,17,18,16,20,21,23,21,22,24,25,24,2
4,4,5,6,7,7,8,8,10,11,13,12,13,14,14,15,17,18,16,20,21,23,21,22,24,25,24,2
4,4,5,6,7,7,8,8,10,11,13,12,13,14,13,14,16,17,15,19,20,22,20,21,23,24,23,2
4,4,5,6,7,7,8,8,10,11,13,12,13,14,13,14,16,17,15,19,20,22,20,21,23,24,23,2
4,4,5,6,7,7,8,8,10,11,13,12,13,14,13,14,16,17,15,19,20,22,20,21,23,24,23,2
4,4,5,6,7,7,8,8,10,11,13,12,13,14,13,14,16,17,15,19,20,22,20,21,23,24,23,2
4,4,5,6,7,7,8,8,10,11,13,12,13,14,13,14,17,18,16,21,20,22,21,23,24,24,23,2
4,4,5,6,7,7,8,8,10,11,13,12,13,14,14,15,17,18,16,20,21,23,21,22,24,25,24,2
4,4,5,6,7,7,8,8,10,11,13,12,13,14,14,15,17,18,16,20,21,23,21,22,24,25,24,2
4,4,5,6,7,7,8,8,10,11,13,12,13,14,14,15,17,18,16,20,21,23,21,22,24,25,24,2
4,4,5,6,7,7,8,8,10,11,13,12,13,14,14,15,17,18,16,20,21,23,21,22,24,25,24,2
4,4,5,6,7,7,8,8,10,11,13,12,13,14,14,15,17,18,16,20,21,23,21,22,24,25,24,2
4,4,5,6,7,7,8,8,10,11,13,12,13,14,14,15,17,18,16,20,21,23,21,22,25,25,24,2
4,4,5,6,7,7,8,8,10,11,13,12,13,14,14,15,17,18,16,20,21,23,21,22,25,25,24,2
4,4,5,6,7,7,8,8,10,12,14,13,14,15,15,16,18,19,17,22,22,24,22,24,27,26,25,2
4,4,5,6,7,7,8,8,10,12,14,13,14,15,15,16,18,19,17,22,22,24,22,24,27,26,25,2
4,4,5,6,7,7,8,8,10,12,14,13,14,15,15,16,18,19,17,22,22,24,22,24,27,26,25,2
4,4,5,6,7,7,8,8,10,12,14,13,14,15,15,16,18,19,17,22,22,24,22,24,27,26,25,2
4,4,5,6,7,7,8,8,10,12,14,13,14,15,15,16,18,19,17,22,22,24,22,24,27,26,25,2
4,4,5,6,7,7,8,8,10,12,14,13,14,15,15,16,18,19,17,22,22,24,22,24,27,26,25,2
4,4,5,6,7,7,8,8,10,12,14,13,14,15,15,16,18,19,17,22,22,24,22,24,27,26,25,2
4,4,5,6,7,7,8,8,10,12,14,13,14,15,15,16,18,19,17,22,23,25,23,25,27,27,26,2
4,4,5,6,7,7,8,8,10,12,14,13,14,15,16,16,18,19,17,22,23,25,23,25,25,27,26,2
4,4,5,6,7,7,8,8,10,12,14,13,14,15,16,16,18,19,17,22,23,25,23,25,25,27,26,2
4,4,5,6,7,7,8,8,10,12,14,13,14,15,16,16,18,19,17,22,23,25,23,25,25,27,26,2
4,4,5,6,7,7,8,8,10,12,14,13,14,15,16,16,18,19,17,20,23,25,23,25,25,27,26,2
4,4,5,6,7,7,8,8,10,12,14,13,14,15,15,16,18,19,17,22,22,24,22,24,27,26,25,2
4,4,5,6,7,7,8,8,10,12,14,13,14,15,15,16,18,19,17,22,22,24,22,24,27,26,25,2
4,4,5,6,7,7,8,8,10,12,14,13,14,15,15,16,18,19,17,22,22,24,22,24,27,26,25,2
4,4,5,6,7,7,8,8,10,12,14,13,14,15,15,16,18,19,17,22,22,24,22,24,27,26,25,2
4,4,5,6,7,7,8,8,10,12,14,13,14,15,15,16,18,19,17,22,22,24,22,24,27,26,25,2
4,4,5,6,7,7,8,8,10,12,14,13,14,15,15,16,18,19,17,22,22,24,22,24,27,26,25,2
4,4,5,6,7,7,8,8,10,12,14,13,14,15,15,16,18,19,17,22,23,25,23,25,27,27,26,2
4,4,5,6,7,7,8,8,10,12,14,13,14,15,15,16,18,19,17,22,23,25,23,25,25,27,26,2
4,4,5,6,7,7,8,8,10,12,14,13,14,15,16,16,18,19,17,22,23,25,23,25,25,27,26,2
4,4,5,6,7,7,8,8,10,12,14,13,14,15,16,16,18,19,17,22,23,25,23,25,25,27,26,2
4,4,5,6,7,7,8,8,10,12,14,13,14,15,16,16,18,19,17,20,23,25,23,25,25,27,26,2
4,4,5,6,7,7,8,8,10,12,14,13,14,15,16,16,18,19,17,20,23,25,23,25,25,27,26,2
4,4,5,6,7,7,8,8,10,12,14,13,14,15,15,16,18,19,17,22,22,24,22,24,27,26,25,2
4,4,5,6,7,7,8,8,10,12,14,13,14,15,15,16,18,19,17,22,22,24,22,24,27,26,25,2
4,4,5,6,7,7,8,8,10,12,14,13,14,15,15,16,18,19,17,22,22,24,22,24,27,26,25,2
4,4,5,6,7,7,8,8,10,12,14,13,14,15,15,16,18,19,17,22,22,24,22,24,27,26,25,2
4,4,5,6,7,7,8,8,10,12,14,13,14,15,15,16,18,19,17,22,22,24,22,24,27,26,25,2
4,4,5,6,7,7,8,8,10,12,14,13,14,15,15,16,18,19,17,22,22,24,22,24,27,26,25,2
4,4,5,6,7,7,8,8,10,12,14,13,14,15,15,16,18,19,17,22,22,24,22,24,27,26,25,2
4,4,5,6,7,7,8,8,10,12,14,13,14,15,15,16,18,19,17,22,22,24,22,24,27,26,25,2
4,4,5,6,7,7,8,8,10,12,14,13,14,15,15,16,18,19,17,22,23,25,23,25,27,27,26,2
4,4,5,6,7,7,8,8,10,12,14,13,14,15,16,16,18,19,17,22,23,25,23,25,25,27,26,2
4,4,5,6,7,7,8,8,10,12,14,13,14,15,16,16,18,19,17,22,23,25,23,25,25,27,26,2
4,4,5,6,7,7,8,8,10,12,14,13,14,15,16,16,18,19,17,22,23,25,23,25,25,27,26,2
4,4,5,6,7,7,8,8,10,12,14,13,14,15,15,16,18,19,17,22,22,24,22,24,27,26,25,2
4,4,5,6,7,7,8,8,10,12,14,13,14,15,15,16,18,19,17,22,22,24,22,24,27,26,25,2
4,4,5,6,7,7,8,8,10,12,14,13,14,15,15,16,18,19,17,22,22,24,22,24,27,26,25,2
4,4,5,6,7,7,8,8,10,12,14,13,14,15,15,16,18,19,17,22,22,24,22,24,27,26,25,2
4,4,5,6,7,7,8,8,10,12,14,13,14,15,15,16,18,19,17,22,22,24,22,24,27,26,25,2
4,4,5,6,7,7,8,8,10,12,14,13,14,15,15,16,18,19,17,22,22,24,22,24,27,26,25,2
4,4,5,6,7,7,8,8,10,12,14,13,14,15,15,16,18,19,17,22,22,24,22,24,27,26,25,2
4,4,5,6,7,7,8,8,10,12,14,13,14,15,15,16,18,19,17,22,23,25,23,25,27,27,26,2
4,4,5,6,7,7,8,8,10,12,14,13,14,15,16,16,18,19,17,22,23,25,23,25,25,27,26,2
4,4,5,6,7,7,8,8,10,12,14,13,14,15,16,16,18,19,17,22,23,25,23,25,25,27,26,2
4,4,5,6,7,7,8,8,10,12,14,13,14,15,16,16,18,19,17,20,23,25,23,25,25,27,26,2
4,4,5,6,7,7,8,8,10,12,14,13,14,15,16,16,18,19,17,20,23,25,23,25,25,27,26,2
4,4,5,6,7,7,8,8,10,11,13,12,13,14,13,14,16,17,15,19,20,22,20,21,23,24,27,2
4,4,5,6,7,7,8,8,10,11,13,12,13,14,13,14,16,17,15,19,20,22,20,21,23,24,27,2
4,4,5,6,7,7,8,8,10,11,13,12,13,14,13,14,16,17,15,19,20,22,20,21,23,24,27,2
4,4,5,6,7,7,8,8,10,11,13,12,13,14,13,14,16,17,15,19,20,22,20,21,23,24,27,2
4,4,5,6,7,7,8,8,10,11,13,12,13,14,13,14,16,17,15,19,20,22,20,21,23,24,27,2
4,4,5,6,7,7,8,8,10,11,13,12,13,14,13,14,16,17,15,19,20,22,20,21,23,24,27,2
4,4,5,6,7,7,8,8,10,11,13,12,13,14,13,14,16,17,15,19,20,26,20,21,23,24,27,2
4,4,5,6,7,7,8,8,10,11,13,12,13,14,14,15,17,18,16,20,21,23,21,22,24,25,27,2
4,4,5,6,7,7,8,8,10,11,13,12,13,14,14,15,17,18,16,20,21,23,21,22,24,25,24,2
4,4,5,6,7,7,8,8,10,11,13,12,13,14,14,15,17,18,16,20,21,23,21,22,24,25,24,2
4,4,5,6,7,7,8,8,10,11,13,12,13,14,14,15,17,18,16,20,21,23,21,22,24,25,24,2
4,4,5,6,7,7,8,8,10,11,13,12,13,14,14,15,17,18,16,20,21,23,21,22,24,25,24,2
4,4,5,6,7,7,8,8,10,11,13,12,13,14,13,14,16,17,15,19,20,22,20,21,23,24,27,2
4,4,5,6,7,7,8,8,10,11,13,12,13,14,13,14,16,17,15,19,20,22,20,21,23,24,27,2
4,4,5,6,7,7,8,8,10,11,13,12,13,14,13,14,16,17,15,19,20,22,20,21,23,24,27,2
4,4,5,6,7,7,8,8,10,11,13,12,13,14,13,14,16,17,15,19,20,22,20,21,23,24,27,2
4,4,5,6,7,7,8,8,10,11,13,12,13,14,13,14,16,17,15,19,20,22,20,21,23,24,27,2
4,4,5,6,7,7,8,8,10,11,13,12,13,14,13,14,16,17,15,19,20,26,20,21,23,24,27,2
4,4,5,6,7,7,8,8,10,11,13,12,13,14,13,14,17,20,16,19,20,26,20,21,28,28,27,2
4,4,5,6,7,7,8,8,10,11,13,12,13,14,14,15,17,18,16,20,21,23,21,22,24,25,24,2
4,4,5,6,7,7,8,8,10,11,13,12,13,14,14,15,17,18,16,20,21,23,21,22,24,25,24,2
4,4,5,6,7,7,8,8,10,11,13,12,13,14,14,15,17,18,16,20,21,23,21,22,24,25,24,2
4,4,5,6,7,7,8,8,10,11,13,12,13,14,14,15,17,18,16,20,21,23,21,22,24,25,24,2
4,4,5,6,7,7,8,8,10,11,13,12,13,14,14,15,17,18,16,20,21,23,21,22,24,25,24,2
4,4,5,6,7,7,8,8,10,11,13,12,13,14,13,14,16,17,15,19,20,22,20,21,23,24,27,2
4,4,5,6,7,7,8,8,10,11,13,12,13,14,13,14,16,17,15,19,20,22,20,21,23,24,27,2
4,4,5,6,7,7,8,8,10,11,13,12,13,14,13,14,16,17,15,19,20,22,20,21,23,24,27,2
4,4,5,6,7,7,8,8,10,11,13,12,13,14,13,14,16,17,15,19,20,22,20,21,23,24,27,2
4,4,5,6,7,7,8,8,10,11,13,12,13,14,13,14,16,17,15,19,20,22,20,21,23,24,27,2
4,4,5,6,7,7,8,8,10,11,13,12,13,14,13,14,16,17,15,19,20,22,20,21,23,24,27,2
4,4,5,6,7,7,8,8,10,11,13,12,13,14,13,14,16,17,15,19,20,22,20,21,23,24,27,2
4,4,5,6,7,7,8,8,10,11,13,12,13,14,13,14,16,17,15,19,20,26,20,21,23,24,27,2
4,4,5,6,7,7,8,8,10,11,13,12,13,14,13,14,17,20,16,19,20,26,20,26,24,28,27,2
4,4,5,6,7,7,8,8,10,11,13,12,13,14,14,15,17,18,16,20,21,23,21,22,24,25,24,2
4,4,5,6,7,7,8,8,10,11,13,12,13,14,14,15,17,18,16,20,21,23,21,22,24,25,24,2
4,4,5,6,7,7,8,8,10,11,13,12,13,14,14,15,17,18,16,20,21,23,21,22,24,25,24,2
4,4,5,6,7,7,8,8,10,11,13,12,13,14,13,14,16,17,15,19,20,22,20,21,23,24,27,2
4,4,5,6,7,7,8,8,10,11,13,12,13,14,13,14,16,17,15,19,20,22,20,21,23,24,27,2
4,4,5,6,7,7,8,8,10,11,13,12,13,14,13,14,16,17,15,19,20,22,20,21,23,24,27,2
4,4,5,6,7,7,8,8,10,11,13,12,13,14,13,14,16,17,15,19,20,22,20,21,23,24,27,2
4,4,5,6,7,7,8,8,10,11,13,12,13,14,13,14,16,17,15,19,20,22,20,21,23,24,27,2
4,4,5,6,7,7,8,8,10,11,13,12,13,14,13,14,16,17,15,19,20,26,20,21,23,24,27,2
4,4,5,6,7,7,8,8,10,11,13,12,13,14,13,14,16,20,16,19,20,26,20,21,28,24,27,2
4,4,5,6,7,7,8,8,10,11,13,12,13,14,14,15,17,18,16,20,21,23,21,22,24,25,24,2
4,4,5,6,7,7,8,8,10,11,13,12,13,14,14,15,17,18,16,20,21,23,21,22,24,25,24,2
4,4,5,6,7,7,8,8,10,11,13,12,13,14,14,15,17,18,16,20,21,23,21,22,24,25,24,2
4,4,5,6,7,7,8,8,10,11,13,12,13,14,14,15,17,18,16,20,21,23,21,22,24,25,24,2
4,4,5,6,7,7,8,8,10,11,13,12,13,14,14,15,17,18,16,20,21,23,21,22,24,25,24,2
4,4,5,6,8,8,9,7,11,13,15,14,15,16,17,17,19,21,18,23,24,27,24,27,29,29,28,2
4,4,5,6,8,8,9,7,11,13,15,14,15,16,17,17,19,21,18,23,24,27,24,27,29,29,28,2
4,4,5,6,8,8,9,7,11,13,15,14,15,16,17,17,19,21,18,23,24,27,24,27,29,29,28,2
4,4,5,6,8,8,9,7,11,13,15,14,15,16,17,17,19,21,18,23,24,27,24,27,29,29,28,2
4,4,5,6,8,8,9,7,11,13,15,14,15,16,17,17,19,21,18,23,24,27,24,27,29,29,28,2
4,4,5,6,8,8,9,7,11,13,15,14,15,16,17,17,19,21,18,23,24,27,24,27,29,29,28,2
4,4,5,6,8,8,9,7,11,13,15,14,15,16,17,17,19,21,18,23,24,27,24,27,29,29,28,2
4,4,5,6,8,8,9,7,11,13,15,14,15,16,17,17,19,21,18,23,24,27,24,27,29,29,28,2
4,4,5,6,8,8,9,7,11,13,15,14,15,16,17,17,19,21,18,23,24,27,24,27,29,29,28,2
4,4,5,6,8,8,9,7,11,13,15,14,15,16,17,17,19,21,18,23,24,27,24,27,29,29,28,2
4,4,5,6,8,8,9,7,11,13,15,14,15,16,17,17,19,21,18,23,24,27,24,27,29,29,28,2
4,4,5,6,8,8,9,7,11,13,15,14,15,16,17,17,19,21,18,23,24,27,24,27,29,29,28,2
4,4,5,6,8,8,9,7,11,13,15,14,15,16,17,17,19,21,18,23,24,27,24,27,29,29,28,2
4,4,5,6,8,8,9,7,11,13,15,14,15,16,17,17,19,21,18,23,24,27,24,27,29,29,28,2
4,4,5,6,8,8,9,7,11,13,15,14,15,16,17,17,19,21,18,23,24,27,24,27,29,29,28,2
4,4,5,6,8,8,9,7,11,13,15,14,15,16,17,17,19,21,18,23,24,27,24,27,29,29,28,2
4,4,5,6,8,8,9,7,11,13,15,14,15,16,17,17,19,21,18,23,24,27,24,27,29,29,28,2
4,4,5,6,8,8,9,7,11,13,15,14,15,16,17,17,19,21,18,23,24,27,24,27,29,29,28,2
4,4,5,6,8,8,9,7,11,13,15,14,15,16,17,17,19,21,18,23,24,27,24,27,29,29,28,2
4,4,5,6,8,8,9,7,11,13,15,14,15,16,17,17,19,21,18,23,24,27,24,27,29,29,28,2
4,4,5,6,8,8,9,7,11,13,15,14,15,16,17,17,19,21,18,23,24,27,24,27,29,29,28,2
4,4,5,6,8,8,9,7,11,13,15,14,15,16,17,17,19,21,18,23,24,27,24,27,29,29,28,2
4,4,5,6,8,8,9,7,11,13,15,14,15,16,17,17,19,21,18,23,24,27,24,27,29,29,28,2
4,4,5,6,8,8,9,7,11,13,15,14,15,16,17,17,19,21,18,23,24,27,24,27,29,29,28,2
4,4,5,6,8,8,9,7,11,13,15,14,15,16,17,17,19,21,18,23,24,27,24,27,29,29,28,2
4,4,5,6,8,8,9,7,11,13,15,14,15,16,17,17,19,21,18,23,24,27,24,27,29,29,28,2
4,4,5,6,8,8,9,7,11,13,15,14,15,16,17,17,19,21,18,23,24,27,24,27,29,29,28,2
4,4,5,6,8,8,9,7,11,13,15,14,15,16,17,17,19,21,18,23,24,27,24,27,29,29,28,2
4,4,5,6,8,8,9,7,11,13,15,14,15,16,17,17,19,21,18,23,24,27,24,27,29,29,28,2
4,4,5,6,8,8,9,7,11,13,15,14,15,16,17,17,19,21,18,23,24,27,24,27,29,29,28,2
4,4,5,6,8,8,9,7,11,13,15,14,15,16,17,17,19,21,18,23,24,27,24,27,29,29,28,2
4,4,5,6,8,8,9,7,11,13,15,14,15,16,17,17,19,21,18,23,24,27,24,27,29,29,28,2
4,4,5,6,8,8,9,7,11,13,15,14,15,16,17,17,19,21,18,23,24,27,24,27,29,29,28,2
4,4,5,6,8,8,9,7,11,13,15,14,15,16,17,17,19,21,18,23,24,27,24,27,29,29,28,2
4,4,5,6,8,8,9,7,11,13,15,14,15,16,17,17,19,21,18,23,24,27,24,27,29,29,28,2
4,4,5,6,8,8,9,7,11,13,15,14,15,16,17,17,19,21,18,23,24,27,24,27,29,29,28,2
