0.72496,0.86754,1
0.77695,0.85102,1
0.6981,0.78742,1
0.79362,0.86982,1
0.63949,0.8454,1
0.73247,0.90097,1
0.88295,0.74442,1
0.69267,0.8568,1
0.78247,0.80904,1
0.71115,0.77613,1
0.73412,0.8966,1
0.72837,0.81879,1
0.79568,0.84847,1
0.72917,0.79174,1
0.64961,0.81004,1
0.69365,0.86168,1
0.83989,0.88796,1
0.81876,0.82175,1
0.76968,0.80226,1
0.84426,0.95456,1
0.7427,0.7608,1
0.82025,0.93817,1
0.66832,0.83779,1
0.69804,0.97155,1
0.75149,0.87443,1
0.70266,0.823,1
0.75134,0.81583,1
0.72654,0.77691,1
0.71166,0.85151,1
0.74097,0.87534,1
0.73543,0.85616,1
0.7076,0.88583,1
0.75629,0.95983,1
0.6993,0.8612,1
0.76744,0.93651,1
0.75517,0.82296,1
0.85298,0.91612,1
0.74992,0.8654,1
0.82572,0.85679,1
0.8123,0.89571,1
0.76761,0.88941,1
0.66164,0.88574,1
0.68474,0.79123,1
0.82159,0.86379,1
0.77533,0.78503,1
0.66602,0.91264,1
0.74781,0.81893,1
0.7451,0.8373,1
0.73076,0.92797,1
0.63916,0.91623,1
0.84513,0.92633,1
0.75821,0.88618,1
0.77256,0.81652,1
0.68453,0.86512,1
0.76833,0.84168,1
0.72603,0.79561,1
0.70446,0.87269,1
0.76388,0.92785,1
0.72019,0.96066,1
0.7135,0.77291,1
0.77587,0.93229,1
0.8025,0.9498,1
0.74753,0.78406,1
0.76492,0.7613,1
0.68268,0.90203,1
0.70579,0.90423,1
0.70105,0.85062,1
0.75795,0.92556,1
0.8282,0.8252,1
0.72554,0.93062,1
0.72642,0.91643,1
0.7128,0.82729,1
0.81279,0.81933,1
0.70498,0.91886,1
0.7697,0.99001,1
0.74734,0.85915,1
0.71511,0.93595,1
0.72786,0.88913,1
0.77591,0.77773,1
0.92247,0.83404,1
0.71738,0.93464,1
0.70776,0.95649,1
0.78671,0.80756,1
0.7812,0.86723,1
0.81291,0.82705,1
0.83359,0.75409,1
0.75808,0.80832,1
0.75075,0.83631,1
0.7655,0.85259,1
0.74884,0.88472,1
0.79318,0.96649,1
0.77241,0.85872,1
0.77759,0.8845,1
0.85836,0.79532,1
0.86967,0.73605,1
0.76025,0.79492,1
0.75931,0.8776,1
0.66305,0.878,1
0.77124,0.84024,1
0.79101,0.92438,1
0.59076,0.17968,2
0.48143,0.23087,2
0.59238,-0.079105,2
0.52852,0.25078,2
0.25375,0.14738,2
0.33832,0.14264,2
0.57162,0.061999,2
0.54513,0.0794,2
0.69027,0.034531,2
0.48344,0.057273,2
0.38913,0.14274,2
0.44491,0.072923,2
0.42272,0.11153,2
0.40357,0.093472,2
0.40185,0.0021638,2
0.36239,0.093965,2
0.5269,-0.069419,2
0.5453,-0.043193,2
0.59676,0.10284,2
0.46807,0.0011851,2
0.6509,0.073527,2
0.43106,0.049361,2
0.63093,0.096719,2
0.56461,-0.075161,2
0.56547,-0.013122,2
0.36982,0.038132,2
0.48892,0.17837,2
0.45382,0.1866,2
0.56964,0.12081,2
0.67622,0.1001,2
0.55242,0.16018,2
0.46324,0.063539,2
0.43951,0.1632,2
0.43237,-0.030934,2
0.48425,0.07162,2
0.44935,0.16489,2
0.46538,0.18366,2
0.51958,-0.072978,2
0.40313,0.090356,2
0.568,-0.066039,2
0.49169,0.11768,2
0.61976,-0.018566,2
0.63224,0.081652,2
0.51371,0.14159,2
0.46647,0.19209,2
0.45819,0.034324,2
0.44958,-0.10279,2
0.54757,0.098583,2
0.44288,0.22569,2
0.38284,-0.074505,2
0.57889,0.25685,2
0.41904,0.016734,2
0.44858,0.084471,2
0.49638,0.018304,2
0.50421,-0.019529,2
0.47734,0.072294,2
0.47742,0.1301,2
0.43401,0.21133,2
0.55613,-0.015909,2
0.44245,0.040201,2
0.58391,0.0016688,2
0.29004,0.087484,2
0.61367,-0.028444,2
0.44062,0.058408,2
0.57068,0.1117,2
0.23079,0.062251,2
0.30544,0.095591,2
0.44606,0.052261,2
0.4332,0.057345,2
0.48362,0.14023,2
0.63452,0.063593,2
0.50367,0.0015471,2
0.6036,0.1748,2
0.4872,0.1896,2
0.57247,0.14868,2
0.55628,0.41471,2
0.55447,0.016993,2
0.71617,0.21594,2
0.76665,-0.0299,2
0.48728,0.010282,2
0.6615,0.16628,2
0.40253,0.095709,2
0.40943,0.10366,2
0.35492,0.18841,2
0.45907,0.061809,2
0.55329,0.068849,2
0.60044,0.028528,2
0.54218,0.20315,2
0.57804,0.13098,2
0.58737,-0.050272,2
0.56107,0.12509,2
0.51169,0.0865,2
0.47231,0.10577,2
0.69865,0.11179,2
0.50186,0.046809,2
0.58354,0.22603,2
0.33353,-0.020505,2
0.2887,0.045242,2
0.57995,0.055095,2
0.42321,0.25868,2
0.42613,0.94885,3
0.34643,0.9274,3
0.43431,1.0179,3
0.43561,0.97207,3
0.36276,1.0272,3
0.31764,0.88768,3
0.37985,1.015,3
0.28663,0.91419,3
0.42325,1.061,3
0.32456,0.93484,3
0.4291,1.0081,3
0.41092,1.0228,3
0.48535,1.0309,3
0.3658,1.037,3
0.35206,1.0237,3
0.344,1.0107,3
0.35168,0.97114,3
0.45018,0.94986,3
0.37182,0.90592,3
0.35346,1.0241,3
0.29627,0.92672,3
0.26955,1.0112,3
0.4432,1.1064,3
0.36313,1.0269,3
0.40374,1.0456,3
0.34261,0.94419,3
0.35045,0.9556,3
0.40391,0.93506,3
0.37636,1.0053,3
0.35189,1.0439,3
0.38492,0.9712,3
0.32037,1.0038,3
0.3641,0.99963,3
0.32725,0.98215,3
0.34199,0.97669,3
0.40738,0.95766,3
0.30287,1.0186,3
0.40647,0.99065,3
0.28354,1.0849,3
0.29367,1.0138,3
0.42313,0.92311,3
0.40116,0.93744,3
0.30668,0.93306,3
0.30255,1.0249,3
0.30342,1.0075,3
0.34103,0.95481,3
0.38079,1.0027,3
0.43488,1.0696,3
0.41609,1.0704,3
0.45801,1.0121,3
0.37414,0.98349,3
0.29875,0.98665,3
0.42024,0.96165,3
0.42206,0.97163,3
0.3797,0.9487,3
0.35494,1.0291,3
0.42232,0.92462,3
0.35628,0.97159,3
0.37358,1.0068,3
0.27027,1.0065,3
0.38296,1.0241,3
0.3666,0.97534,3
0.41232,1.0267,3
0.33855,1.0043,3
0.31907,1.0534,3
0.41073,1.1135,3
0.34133,0.97264,3
0.31297,0.95985,3
0.38131,1.0088,3
0.40209,1.0376,3
0.32202,0.91293,3
0.38565,1.0787,3
0.35572,1.0974,3
0.42874,0.98557,3
0.27733,0.94487,3
0.24462,0.97505,3
0.3911,1.0401,3
0.3836,0.92174,3
0.38159,1.0828,3
0.43508,0.88529,3
0.34039,1.0184,3
0.35459,1.0499,3
0.36349,1.0027,3
0.28876,0.94826,3
0.39768,1.0678,3
0.33094,0.9143,3
0.34889,0.94905,3
0.34358,0.99103,3
0.43144,0.96985,3
0.30146,0.984,3
0.37473,1.0678,3
0.31629,0.97481,3
0.2722,1.0104,3
0.36376,0.99883,3
0.39724,1.0194,3
0.32775,1.0533,3
0.37224,0.99447,3
0.33078,0.92695,3
0.32718,0.97829,3
0.37048,1.0428,3
0.50114,0.82159,4
0.43129,0.84312,4
0.45623,0.87595,4
0.46993,0.89046,4
0.48553,0.79416,4
0.43991,0.8722,4
0.4562,0.80997,4
0.53691,0.76749,4
0.44645,0.86029,4
0.51165,0.80785,4
0.4848,0.7827,4
0.48377,0.7798,4
0.46018,0.86851,4
0.42067,0.84616,4
0.47694,0.8364,4
0.49705,0.85143,4
0.47364,0.94087,4
0.49852,0.87732,4
0.53296,0.85289,4
0.49248,0.86624,4
0.54743,0.84728,4
0.45596,0.81349,4
0.5478,0.8797,4
0.56445,0.82983,4
0.44941,0.81096,4
0.52913,0.85039,4
0.54649,0.82605,4
0.49786,0.83923,4
0.40073,0.80799,4
0.46598,0.87383,4
0.4735,0.89155,4
0.49673,0.81358,4
0.48452,0.89841,4
0.54218,0.80438,4
0.51398,0.85503,4
0.46227,0.80985,4
0.52565,0.84877,4
0.4128,0.84465,4
0.45402,0.77522,4
0.54401,0.89423,4
0.46351,0.85937,4
0.48934,0.83568,4
0.50482,0.77597,4
0.5047,0.84613,4
0.43196,0.88499,4
0.505,0.82683,4
0.42943,0.75976,4
0.61,0.78667,4
0.45833,0.85176,4
0.52047,0.77606,4
0.48651,0.8523,4
0.5126,0.83211,4
0.45953,0.82002,4
0.47966,0.86507,4
0.50155,0.85268,4
0.49183,0.80007,4
0.47336,0.76756,4
0.5917,0.84265,4
0.48044,0.85288,4
0.52952,0.85519,4
0.48363,0.77714,4
0.50135,0.79706,4
0.49382,0.83483,4
0.5002,0.8425,4
0.45018,0.82074,4
0.41664,0.79108,4
0.43324,0.8786,4
0.51039,0.81693,4
0.45049,0.83797,4
0.52152,0.86157,4
0.48254,0.86966,4
0.4463,0.89524,4
0.43214,0.85293,4
0.44999,0.85841,4
0.46219,0.85591,4
0.40208,0.80882,4
0.47365,0.8268,4
0.46395,0.77923,4
0.45928,0.92462,4
0.47637,0.8593,4
0.41611,0.90166,4
0.48244,0.83263,4
0.55664,0.83602,4
0.51246,0.841,4
0.53615,0.79375,4
0.52968,0.8066,4
0.55692,0.81675,4
0.44949,0.84053,4
0.42793,0.89581,4
0.47057,0.88645,4
0.48838,0.90944,4
0.50303,0.88185,4
0.49293,0.86453,4
0.43132,0.8877,4
0.5125,0.82017,4
0.47778,0.8938,4
0.39867,0.8691,4
0.44056,0.86221,4
0.52797,0.80949,4
0.45215,0.79727,4
0.27784,0.53254,5
0.2135,0.45109,5
0.12422,0.42394,5
0.2701,0.33955,5
0.13094,0.5728,5
0.37242,0.68063,5
0.21639,0.59271,5
0.25834,0.54225,5
0.24473,0.61345,5
0.29602,0.44927,5
0.31772,0.45501,5
0.34321,0.47655,5
0.21207,0.51536,5
0.20157,0.63813,5
0.085602,0.53811,5
0.36205,0.48315,5
0.30374,0.53579,5
0.32973,0.39176,5
0.097134,0.64059,5
0.30687,0.44313,5
0.37861,0.49221,5
0.31462,0.58271,5
0.14153,0.39928,5
0.27944,0.60263,5
0.17456,0.55899,5
0.34149,0.49295,5
0.41542,0.58313,5
0.2982,0.56343,5
0.18666,0.60498,5
0.28264,0.56142,5
0.19742,0.43806,5
0.32646,0.55815,5
0.36437,0.54469,5
0.22701,0.57637,5
0.15513,0.52743,5
0.22343,0.55952,5
0.20459,0.56041,5
0.25955,0.46317,5
0.15867,0.36078,5
0.2482,0.59092,5
0.3028,0.46348,5
0.28832,0.43899,5
0.26189,0.58851,5
0.22077,0.47308,5
0.22596,0.50407,5
0.27952,0.40802,5
0.23719,0.43395,5
0.16025,0.4794,5
0.42601,0.55744,5
0.3051,0.50665,5
0.282,0.37092,5
0.18768,0.4817,5
0.27485,0.56147,5
0.31495,0.57864,5
0.43551,0.60309,5
0.38434,0.48485,5
0.16736,0.6777,5
0.18986,0.65909,5
0.18857,0.49897,5
0.28867,0.38137,5
0.10864,0.4586,5
0.25829,0.5163,5
0.28806,0.52749,5
0.18796,0.59094,5
0.31657,0.51914,5
0.2993,0.56547,5
0.33797,0.41232,5
0.34324,0.66765,5
0.43383,0.56689,5
0.18796,0.56899,5
0.076753,0.60357,5
0.31047,0.62082,5
0.26589,0.511,5
0.22585,0.43824,5
0.33374,0.55914,5
0.27624,0.44135,5
0.23666,0.47016,5
0.13275,0.45652,5
0.38272,0.68788,5
0.14774,0.55215,5
0.31281,0.63182,5
0.36652,0.37545,5
0.35391,0.51447,5
0.23698,0.72576,5
0.32384,0.62353,5
0.51109,0.56277,5
0.29172,0.44679,5
0.35018,0.60971,5
0.33028,0.51102,5
0.2798,0.42545,5
0.16418,0.46524,5
0.37428,0.42291,5
0.30357,0.54903,5
0.2801,0.46808,5
0.20649,0.56194,5
0.36926,0.49868,5
0.26627,0.43409,5
0.080147,0.59214,5
0.22155,0.4863,5
0.30855,0.50544,5
0.70904,0.87794,1
0.71076,0.86915,1
0.82656,0.89893,1
0.62571,0.80208,1
0.67682,0.84789,1
0.77267,0.80123,1
0.68598,0.87375,1
0.77309,0.88328,1
0.74016,0.90605,1
0.78058,0.7445,1
0.73217,0.93516,1
0.72769,0.85415,1
0.73221,0.87306,1
0.71191,0.84264,1
0.77796,0.82048,1
0.76873,0.78721,1
0.79954,0.89002,1
0.66855,0.86299,1
0.79741,0.84458,1
0.82768,0.85736,1
0.67246,0.87235,1
0.74093,0.95959,1
0.70919,0.83468,1
0.79825,0.80168,1
0.74871,0.84952,1
0.84014,0.84335,1
0.86324,0.79662,1
0.79879,0.88636,1
0.77345,0.89274,1
0.81247,0.82429,1
0.71486,0.9031,1
0.79552,0.84376,1
0.74264,0.85597,1
0.72314,0.87901,1
0.74527,0.86412,1
0.75158,0.83524,1
0.61897,0.89947,1
0.70607,0.84016,1
0.73745,0.87484,1
0.68374,0.89722,1
0.73778,0.87631,1
0.71164,0.80854,1
0.7676,0.90676,1
0.79253,0.8242,1
0.70331,0.83542,1
0.71019,0.85418,1
0.69098,0.94596,1
0.76044,0.97648,1
0.66879,0.82369,1
0.75282,0.8167,1
0.69236,0.80899,1
0.71281,0.87862,1
0.71371,0.83623,1
0.70232,0.88089,1
0.81499,0.8284,1
0.75365,0.87495,1
0.70593,0.92087,1
0.80178,0.8595,1
0.73572,0.813,1
0.76218,0.97767,1
0.77303,0.87449,1
0.79058,0.8796,1
0.75708,0.96586,1
0.6693,0.86471,1
0.62321,0.82325,1
0.81559,0.99762,1
0.68243,0.81816,1
0.7049,0.90745,1
0.77308,0.80234,1
0.74988,0.92821,1
0.59408,0.7996,1
0.67608,0.86263,1
0.7197,0.8351,1
0.75023,0.93769,1
0.89964,0.80391,1
0.79175,0.78174,1
0.77689,0.87324,1
0.77686,0.8598,1
0.77603,0.83801,1
0.87435,0.87754,1
0.71951,0.81066,1
0.69718,0.84962,1
0.67555,0.83303,1
0.85604,0.94059,1
0.63973,0.92763,1
0.71639,0.92106,1
0.78374,0.93773,1
0.74566,0.90364,1
0.77906,0.82409,1
0.7616,0.77479,1
0.70966,0.77956,1
0.81082,0.69823,1
0.75039,0.77732,1
0.7985,0.88691,1
0.80207,0.83893,1
0.73898,0.89246,1
0.89718,0.89014,1
0.73581,0.89218,1
0.79683,0.90696,1
0.78877,0.92654,1
0.79248,0.86248,1
0.71586,0.80503,1
0.68695,0.84524,1
0.812,0.84609,1
0.80507,0.78048,1
0.7654,0.76589,1
0.7997,0.8575,1
0.75491,0.82667,1
0.70039,0.80228,1
0.78262,0.90874,1
0.66537,0.90283,1
0.74093,0.89087,1
0.80039,0.83775,1
0.69486,0.86541,1
0.79201,0.85168,1
0.74013,0.88998,1
0.66648,0.9321,1
0.71101,0.86095,1
0.77152,0.84224,1
0.79998,0.8838,1
0.75178,0.87209,1
0.70139,0.86929,1
0.70092,0.95206,1
0.73242,0.94636,1
0.80911,0.81967,1
0.8076,0.80593,1
0.76763,0.79581,1
0.82887,0.77162,1
0.81605,0.73739,1
0.81185,0.81772,1
0.75124,0.92556,1
0.76735,0.88839,1
0.79495,0.86734,1
0.65623,0.84531,1
0.74514,0.83881,1
0.74439,0.87182,1
0.71607,0.88527,1
0.74819,0.80059,1
0.64212,0.90488,1
0.73308,0.8835,1
0.79225,0.7951,1
0.82272,0.86679,1
0.73655,0.92016,1
0.59281,0.82684,1
0.62763,0.8701,1
0.68541,0.86705,1
0.81268,0.85197,1
0.7609,0.90596,1
0.78893,0.96856,1
0.81753,0.87815,1
0.74617,0.80055,1
0.85833,0.89691,1
0.75837,0.84182,1
0.72263,0.84066,1
0.79714,0.82372,1
0.73178,0.97251,1
0.74974,0.79128,1
0.73611,0.81445,1
0.84704,0.78983,1
0.74413,0.86333,1
0.73734,0.799,1
0.64037,0.8773,1
0.70708,0.8366,1
0.77298,0.85953,1
0.72842,0.80627,1
0.70554,0.86138,1
0.77649,0.83788,1
0.7695,0.90262,1
0.83866,0.95817,1
0.63493,0.89069,1
0.79126,0.9303,1
0.76075,0.91241,1
0.73889,0.85872,1
0.67138,0.9332,1
0.67042,0.91505,1
0.75995,0.82557,1
0.87318,0.84089,1
0.7452,0.83,1
0.76318,0.86104,1
0.76553,0.85069,1
0.76625,0.91,1
0.70467,0.90203,1
0.7616,0.84312,1
0.73124,0.85055,1
0.86667,0.8556,1
0.74386,0.79008,1
0.83066,0.86815,1
0.75992,0.93625,1
0.61771,0.8313,1
0.64204,0.9793,1
0.77621,0.84624,1
0.79744,0.95848,1
0.71748,0.85842,1
0.71177,0.93659,1
0.80968,0.88873,1
0.6996,0.84022,1
0.77326,0.8121,1
0.73181,0.98086,1
0.70812,0.8557,1
0.7806,0.89501,1
0.71689,0.94435,1
0.78706,0.94969,1
0.70183,0.90577,1
0.77036,0.9309,1
0.77995,0.90779,1
0.67596,0.83594,1
0.65211,0.93368,1
0.73185,0.93371,1
0.74049,0.8768,1
0.75257,0.85019,1
0.69225,0.78351,1
0.81065,0.89568,1
0.68071,0.8392,1
0.80861,0.87629,1
0.88401,0.88219,1
0.71345,0.89717,1
0.77932,0.88032,1
0.66486,0.85389,1
0.76826,0.95972,1
0.62745,0.76109,1
0.85549,0.89011,1
0.78986,0.95385,1
0.76193,0.93743,1
0.77013,0.90642,1
0.81127,0.80043,1
0.71011,0.99206,1
0.68579,0.80922,1
0.78889,0.86675,1
0.66509,0.91468,1
0.6567,0.86304,1
0.74398,0.88058,1
0.74954,0.90592,1
0.65434,0.87696,1
0.68123,0.72167,1
0.78687,0.86581,1
0.79066,0.86497,1
0.84709,0.86277,1
0.7312,0.94142,1
0.73675,0.90356,1
0.71509,0.89628,1
0.60674,0.91638,1
0.80064,0.88117,1
0.70777,0.94324,1
0.75198,0.86046,1
0.7817,0.79154,1
0.77266,0.89907,1
0.7662,0.81354,1
0.7798,0.90218,1
0.7314,0.91853,1
0.76348,0.82181,1
0.82248,0.90376,1
0.72077,0.89317,1
0.73397,0.86341,1
0.8244,0.85157,1
0.73081,0.84726,1
0.7907,0.85686,1
0.71913,0.88833,1
0.63948,0.82514,1
0.6396,0.88376,1
0.71013,0.92927,1
0.67795,0.86712,1
0.7971,0.74908,1
0.79054,0.8401,1
0.69599,0.82517,1
0.75348,0.79967,1
0.77061,0.9136,1
0.72203,0.87631,1
0.78957,0.884,1
0.73808,0.8105,1
0.78429,0.9588,1
0.60068,0.88261,1
0.69347,0.87879,1
0.61233,0.88029,1
0.82125,0.85793,1
0.75288,0.86882,1
0.68677,0.79814,1
0.82138,0.83521,1
0.77904,0.83229,1
0.74764,0.86704,1
0.77133,0.8477,1
0.71434,0.91854,1
0.69918,0.87122,1
0.78371,0.96223,1
0.78685,0.76259,1
0.76029,0.91884,1
0.61162,0.83406,1
0.73169,0.83064,1
0.64583,0.82715,1
0.72604,0.85018,1
0.73963,0.84062,1
0.78339,0.83654,1
0.63265,0.83332,1
0.74473,0.90405,1
0.70503,0.89622,1
0.80988,1.0167,1
0.71505,0.90153,1
0.76311,0.91289,1
0.78426,0.8427,1
0.73605,0.86408,1
0.80423,0.69882,1
0.76613,0.8263,1
0.76186,0.93467,1
0.69838,0.83872,1
0.7696,0.8135,1
0.7797,0.89222,1
0.73014,0.85138,1
0.79458,0.84721,1
0.75691,0.86257,1
0.70236,0.91313,1
0.81261,0.82131,1
0.72858,0.88708,1
0.73428,0.77827,1
0.7961,0.82265,1
0.83273,0.91871,1
0.77132,0.87301,1
0.76001,0.88335,1
0.80928,0.80284,1
0.723,0.77856,1
0.75628,0.88805,1
0.60999,0.79818,1
0.74115,0.80726,1
0.68492,0.82697,1
0.65069,0.96139,1
0.68834,0.8562,1
0.80721,0.9527,1
0.83457,0.92507,1
0.74402,0.86841,1
0.81016,0.87204,1
0.72075,0.94096,1
0.64522,0.91996,1
0.71605,0.88313,1
0.67745,0.91223,1
0.77058,0.80715,1
0.73383,0.84389,1
0.75516,0.84079,1
0.8437,0.93313,1
0.72408,0.9105,1
0.70735,0.81907,1
0.78225,0.84374,1
0.75739,0.87078,1
0.71853,0.90346,1
0.72564,0.93135,1
0.80423,0.89004,1
0.74618,0.84187,1
0.74636,0.90279,1
0.78385,0.78684,1
0.70485,0.83556,1
0.717,0.88323,1
0.74655,0.86931,1
0.76658,0.91355,1
0.79677,0.73744,1
0.81063,0.8349,1
0.74598,0.87068,1
0.76051,0.94859,1
0.67209,0.91746,1
0.75274,0.81222,1
0.73276,0.85235,1
0.78808,0.7867,1
0.81331,0.79375,1
0.80212,0.93414,1
0.84281,0.78537,1
0.76458,0.90459,1
0.83541,0.84324,1
0.85938,0.77709,1
0.75328,0.80644,1
0.76863,0.81693,1
0.82601,0.81027,1
0.698,0.77162,1
0.81024,0.82505,1
0.67067,0.87402,1
0.76753,0.85094,1
0.60893,0.8368,1
0.73547,0.89582,1
0.81582,0.84616,1
0.77291,0.78385,1
0.73373,0.93291,1
0.67706,0.90304,1
0.73251,0.90394,1
0.75521,0.72116,1
0.87399,0.88589,1
0.84617,0.78161,1
0.73559,0.83057,1
0.77123,0.94817,1
0.85346,0.84376,1
0.67788,0.88698,1
0.78721,0.7776,1
0.78871,0.89581,1
0.68741,0.80122,1
0.66886,0.80077,1
0.70542,0.82339,1
0.67288,0.86784,1
0.63649,0.81091,1
0.60112,0.90289,1
0.80761,0.85265,1
0.67206,0.94772,1
0.78635,0.92964,1
0.77821,0.86115,1
0.81695,0.83612,1
0.7444,0.96746,1
0.78036,0.89428,1
0.78994,0.82999,1
0.7544,0.84954,1
0.68664,0.75926,1
0.83056,0.7865,1
0.75134,0.85034,1
0.8315,0.76575,1
0.62317,0.76722,1
0.66341,0.80645,1
0.65907,0.9706,1
0.65065,0.86883,1
0.72817,0.90889,1
0.73447,0.91683,1
0.78008,0.90044,1
0.74509,0.84828,1
0.76539,0.83119,1
0.82499,0.84996,1
0.7075,0.90818,1
0.82315,0.7517,1
0.66955,0.89376,1
0.8596,0.82446,1
0.68741,0.93745,1
0.71407,0.85691,1
0.73191,0.75705,1
0.72197,0.84393,1
0.74306,0.93382,1
0.81138,0.88276,1
0.7357,0.83088,1
0.7086,0.85374,1
0.72718,0.86019,1
0.65722,0.8978,1
0.7099,0.89163,1
0.78363,0.85877,1
0.80154,0.89013,1
0.77799,1.039,1
0.66015,0.89491,1
0.88026,0.75393,1
0.8171,0.86826,1
0.76845,0.87258,1
0.69479,0.84949,1
0.70825,0.90388,1
0.65172,0.89027,1
0.65819,0.86556,1
0.62917,0.86275,1
0.84433,0.87848,1
0.65185,0.86054,1
0.75753,0.97139,1
0.77033,0.81976,1
0.74875,0.75411,1
0.8052,0.97871,1
0.74395,0.97876,1
0.69767,0.86454,1
0.6434,0.92953,1
0.7576,0.82518,1
0.76257,0.80955,1
0.72646,0.91571,1
0.68947,0.78684,1
0.70665,0.78908,1
0.78086,0.89893,1
0.80095,0.85469,1
0.88255,0.8415,1
0.79834,0.86594,1
0.7673,0.91096,1
0.79772,0.80019,1
0.73973,0.86414,1
0.80484,0.85326,1
0.76289,0.83958,1
0.80148,0.92848,1
0.63367,0.92948,1
0.75114,0.89217,1
0.70529,0.90983,1
0.69844,0.84858,1
0.70037,0.9385,1
0.7625,0.86711,1
0.76857,0.80823,1
0.70275,0.86025,1
0.75608,0.95364,1
0.77028,0.88745,1
0.79053,0.85106,1
0.68966,0.80351,1
0.77946,0.93452,1
0.72383,0.9043,1
0.65308,0.87641,1
0.73485,0.8262,1
0.76061,0.84713,1
0.69056,0.90275,1
0.77444,0.78561,1
0.70882,0.83363,1
0.82698,0.84798,1
0.82847,0.83565,1
0.78202,0.97069,1
0.75191,0.92727,1
0.6849,0.856,1
0.78209,0.79411,1
0.7625,0.8711,1
0.77874,0.92409,1
0.687,0.9024,1
0.88165,0.87976,1
0.75472,0.92375,1
0.70231,0.89038,1
0.82004,0.90028,1
0.54947,0.14193,2
0.51593,0.073988,2
0.37202,0.10625,2
0.50821,0.15144,2
0.56967,-0.016865,2
0.51932,-0.11035,2
0.45798,0.14145,2
0.57,0.14109,2
0.48884,0.10434,2
0.50231,0.066436,2
0.52852,0.080316,2
0.47446,0.050665,2
0.53348,-0.086915,2
0.46702,0.054755,2
0.51543,0.067742,2
0.36465,0.081452,2
0.4643,0.21647,2
0.42339,0.16492,2
0.46227,-9.29E-05,2
0.52335,0.077018,2
0.35654,0.078991,2
0.41155,0.02944,2
0.61307,0.16412,2
0.43619,0.1536,2
0.54112,0.10329,2
0.33703,0.087344,2
0.52448,0.14965,2
0.52644,0.088016,2
0.43592,0.0026373,2
0.54768,0.20153,2
0.36761,0.2113,2
0.56836,0.11306,2
0.62546,-0.015044,2
0.58626,0.024153,2
0.52005,0.14024,2
0.54857,0.19928,2
0.46501,-0.034317,2
0.48667,0.0057758,2
0.44948,0.18118,2
0.56475,0.17911,2
0.52582,0.033227,2
0.5311,0.1033,2
0.58402,0.026556,2
0.33809,0.22716,2
0.53203,0.065945,2
0.51632,-0.098002,2
0.56537,-0.005064,2
0.55813,0.13153,2
0.57272,0.072302,2
0.42385,0.0073442,2
0.59055,0.028103,2
0.44309,0.12029,2
0.48945,-0.017688,2
0.42577,0.081482,2
0.58883,0.0040596,2
0.49916,0.13172,2
0.25327,0.11653,2
0.35651,0.13401,2
0.51798,0.090155,2
0.60404,0.15016,2
0.63425,-0.0021762,2
0.46851,0.017308,2
0.48797,-0.099315,2
0.56261,0.16398,2
0.46516,0.082331,2
0.49051,0.25686,2
0.49581,0.15459,2
0.46229,0.12697,2
0.46762,-0.019703,2
0.43629,-0.017666,2
0.30075,0.1383,2
0.40009,0.16798,2
0.43058,0.077171,2
0.50608,0.015427,2
0.48448,-0.058812,2
0.47523,-0.005125,2
0.48496,0.19337,2
0.50279,0.16654,2
0.46899,0.13899,2
0.64839,0.20878,2
0.53163,0.1922,2
0.56414,-0.0083795,2
0.44593,0.18169,2
0.41047,-0.096631,2
0.46238,0.050007,2
0.59747,-0.00081702,2
0.44882,0.076225,2
0.48338,0.10223,2
0.40564,0.19115,2
0.47274,0.14851,2
0.40378,0.21281,2
0.57456,0.15256,2
0.43407,0.1255,2
0.52685,-0.0084921,2
0.46867,0.071891,2
0.37805,0.087625,2
0.39675,0.23762,2
0.48221,0.079246,2
0.61443,0.16167,2
0.52051,0.16638,2
0.6426,0.084017,2
0.49273,0.040782,2
0.62287,0.21609,2
0.47696,0.13692,2
0.52726,0.028035,2
0.56833,0.13213,2
0.59356,0.075635,2
0.64376,-0.040686,2
0.60144,0.16081,2
0.61552,0.035542,2
0.44062,0.029558,2
0.44233,0.10347,2
0.4162,0.1038,2
0.43164,-0.034008,2
0.43799,-0.0047879,2
0.47081,0.020349,2
0.49555,-0.044029,2
0.50109,0.12786,2
0.48082,0.10372,2
0.55183,-0.0017531,2
0.52779,0.08877,2
0.56559,0.05878,2
0.54278,0.11179,2
0.40819,0.18364,2
0.56888,0.024311,2
0.56165,0.088682,2
0.47345,0.33106,2
0.55456,0.050412,2
0.49703,0.041521,2
0.6154,0.0047562,2
0.48474,-0.017534,2
0.57324,0.41176,2
0.46532,0.090515,2
0.57597,-0.018107,2
0.53923,-0.036012,2
0.42877,0.13823,2
0.56179,0.015457,2
0.59197,0.0014246,2
0.36167,0.16325,2
0.37513,0.063568,2
0.48087,0.088159,2
0.58258,0.02475,2
0.59624,-0.011723,2
0.49894,0.037119,2
0.64995,0.07492,2
0.49718,0.12119,2
0.52334,0.084235,2
0.57994,0.16666,2
0.44173,0.12321,2
0.42198,-0.12172,2
0.47913,0.12114,2
0.46599,0.11639,2
0.63821,0.083972,2
0.44427,0.11871,2
0.48521,0.054945,2
0.51139,0.12052,2
0.55662,0.15036,2
0.46933,0.12597,2
0.41968,0.12937,2
0.46897,0.18677,2
0.49221,-0.040244,2
0.44976,0.17541,2
0.27779,0.12457,2
0.45738,0.13194,2
0.53805,0.1775,2
0.4139,-0.070297,2
0.24683,0.17157,2
0.49338,-0.05584,2
0.71008,0.11116,2
0.30662,0.086082,2
0.47949,0.11895,2
0.43947,0.097158,2
0.59337,0.1673,2
0.43781,0.052875,2
0.72524,-0.0096424,2
0.52169,0.1808,2
0.53345,0.052994,2
0.5943,0.12051,2
0.41557,0.055267,2
0.56259,0.00064379,2
0.50754,-0.013038,2
0.55785,-0.0078919,2
0.57132,0.13258,2
0.52054,0.014468,2
0.44682,0.16203,2
0.53091,0.099963,2
0.58244,0.1082,2
0.33228,0.077484,2
0.40926,0.14928,2
0.39019,0.051108,2
0.52582,-0.075843,2
0.53168,0.037736,2
0.60002,-0.1024,2
0.50937,0.050733,2
0.45625,0.01333,2
0.51452,0.16511,2
0.60363,0.05338,2
0.51755,0.1027,2
0.52081,0.20608,2
0.37611,0.031172,2
0.55166,0.029971,2
0.56612,0.022123,2
0.49742,0.066656,2
0.33774,0.16483,2
0.56131,0.084407,2
0.52354,0.10449,2
0.54349,-0.0011354,2
0.66347,0.18592,2
0.52724,0.05723,2
0.50052,0.071219,2
0.58784,0.015475,2
0.49049,0.017007,2
0.64426,0.054103,2
0.43979,0.060773,2
0.49958,0.053,2
0.50534,0.072289,2
0.52911,0.073347,2
0.63379,0.13676,2
0.59045,0.068056,2
0.64397,0.10947,2
0.67979,0.084687,2
0.50652,0.069669,2
0.3437,0.087673,2
0.52281,0.16979,2
0.37859,0.11097,2
0.41206,0.21254,2
0.55152,0.017716,2
0.51371,0.092231,2
0.46065,0.063119,2
0.40593,0.11631,2
0.56596,0.19227,2
0.4421,0.19551,2
0.46328,0.09026,2
0.4051,0.076599,2
0.44383,0.16061,2
0.57439,0.07511,2
0.46563,0.079634,2
0.5322,0.0082781,2
0.59996,0.087839,2
0.65556,-0.0056415,2
0.4542,0.085076,2
0.37266,0.13562,2
0.65963,0.055962,2
0.3049,0.24699,2
0.52745,-0.0062061,2
0.60445,0.019707,2
0.58419,-0.0029533,2
0.37216,-0.020084,2
0.45368,0.1465,2
0.57699,0.0189,2
0.56878,0.17095,2
0.43989,0.065635,2
0.407,0.17847,2
0.42585,0.06354,2
0.52623,0.026536,2
0.54833,0.09277,2
0.50359,0.061927,2
0.42016,0.1401,2
0.5888,0.073613,2
0.57335,0.1322,2
0.51844,0.033898,2
0.48209,0.20433,2
0.33808,0.11219,2
0.60432,-0.033321,2
0.49363,0.028597,2
0.49411,0.19449,2
0.46477,0.024628,2
0.58943,0.10992,2
0.62788,0.26481,2
0.46458,0.24735,2
0.48963,-0.0060264,2
0.43756,0.12137,2
0.75223,0.16282,2
0.55081,-0.018738,2
0.5735,-0.16328,2
0.56147,0.053796,2
0.53058,0.11275,2
0.57563,0.012693,2
0.51976,0.12994,2
0.36202,0.089709,2
0.44237,0.077311,2
0.53665,0.091671,2
0.51289,0.058066,2
0.41547,0.022611,2
0.53339,0.1446,2
0.48743,0.12345,2
0.52803,0.14399,2
0.43889,-0.1248,2
0.52966,-0.043297,2
0.41713,0.16239,2
0.43992,0.18175,2
0.43439,0.089112,2
0.43894,0.042629,2
0.56751,0.023483,2
0.50868,0.12059,2
0.58271,0.010817,2
0.33812,0.13681,2
0.57472,0.21059,2
0.52736,0.082665,2
0.49188,0.0098073,2
0.50122,0.11768,2
0.45997,0.012542,2
0.35248,0.066371,2
0.47892,0.064595,2
0.58593,0.13406,2
0.62375,0.068448,2
0.67393,0.081741,2
0.61221,0.018695,2
0.6,-0.10218,2
0.478,0.055271,2
0.56121,-0.019718,2
0.55926,0.19486,2
0.55458,0.21879,2
0.45678,0.10947,2
0.53482,0.20338,2
0.6113,0.094907,2
0.72161,0.24167,2
0.59716,0.1046,2
0.55742,0.029011,2
0.5385,0.18198,2
0.60176,0.08578,2
0.40037,0.10878,2
0.40764,0.17254,2
0.49873,-0.077792,2
0.47364,-0.023543,2
0.45628,0.14627,2
0.40053,0.11446,2
0.49188,0.025736,2
0.61691,0.10229,2
0.55368,0.13726,2
0.53005,0.12062,2
0.57595,-0.034957,2
0.29787,0.081915,2
0.5869,0.13144,2
0.56757,0.22581,2
0.42801,0.044325,2
0.61362,0.095051,2
0.48799,0.10616,2
0.34283,0.11472,2
0.35909,0.092589,2
0.43718,0.088617,2
0.51019,0.09055,2
0.48954,-0.057528,2
0.34614,-0.079924,2
0.35246,0.1731,2
0.53175,-0.012084,2
0.50922,0.14153,2
0.51578,0.075605,2
0.53584,-0.0039906,2
0.40846,0.1194,2
0.69252,-0.051768,2
0.51903,0.11616,2
0.46704,0.19001,2
0.43818,0.20328,2
0.35188,0.1569,2
0.39607,-0.0055942,2
0.45679,0.25165,2
0.42552,0.048805,2
0.56923,0.0061077,2
0.53778,0.23903,2
0.50395,0.087365,2
0.5818,0.1071,2
0.41725,0.17875,2
0.6111,0.060441,2
0.60564,0.028826,2
0.45618,0.049408,2
0.55484,0.26944,2
0.52514,0.08705,2
0.60331,-0.0049813,2
0.50609,0.067433,2
0.59024,0.21339,2
0.59292,0.11,2
0.49942,0.18415,2
0.41898,-0.040388,2
0.48823,0.099003,2
0.5298,0.071604,2
0.65888,0.011678,2
0.63515,0.017795,2
0.46427,0.060427,2
0.62957,0.0083277,2
0.59897,-0.062796,2
0.57565,-0.08517,2
0.48013,0.06784,2
0.3942,-0.067538,2
0.50355,0.13001,2
0.58015,0.15558,2
0.45708,0.091509,2
0.44812,-0.12604,2
0.39476,0.049277,2
0.52991,0.15185,2
0.4759,0.089402,2
0.50462,0.20788,2
0.48323,0.073515,2
0.53536,0.075902,2
0.44901,0.002123,2
0.51863,0.010654,2
0.58573,-0.077861,2
0.61439,-0.082247,2
0.44157,0.13227,2
0.47074,0.12237,2
0.49234,0.046538,2
0.46474,0.091216,2
0.51328,0.029086,2
0.40084,0.059569,2
0.49318,-0.042562,2
0.3841,0.086391,2
0.49243,0.14509,2
0.55232,0.2281,2
0.59469,0.10468,2
0.47198,0.28196,2
0.54896,0.15465,2
0.56706,0.092732,2
0.53045,0.13572,2
0.51181,-0.052707,2
0.40893,-0.059393,2
0.61811,0.1103,2
0.47433,0.22537,2
0.67548,0.040858,2
0.44314,0.059611,2
0.58018,0.057537,2
0.44226,0.073941,2
0.55571,0.047206,2
0.60435,0.070763,2
0.60278,0.16545,2
0.54876,-0.028972,2
0.36513,-0.029783,2
0.3909,0.074991,2
0.48024,0.092654,2
0.59061,-0.01698,2
0.53972,-0.017229,2
0.56426,0.010111,2
0.52942,-0.20966,2
0.45842,0.16993,2
0.48426,0.0768,2
0.41198,0.13927,2
0.49432,0.17554,2
0.38469,0.25676,2
0.56359,0.070694,2
0.54662,0.03598,2
0.44438,0.21405,2
0.40836,0.083921,2
0.56197,0.15605,2
0.35889,0.18519,2
0.53908,0.20368,2
0.6075,0.17713,2
0.37852,0.041878,2
0.58748,0.091514,2
0.52364,0.041777,2
0.50746,-0.082014,2
0.5029,0.017527,2
0.47732,0.1461,2
0.48575,0.18156,2
0.32895,0.12093,2
0.59044,0.091228,2
0.49511,0.057687,2
0.49888,0.106,2
0.42084,0.19868,2
0.57065,0.065339,2
0.65741,0.071937,2
0.48269,-0.023452,2
0.50285,0.14274,2
0.50751,-0.017658,2
0.41249,0.044596,2
0.45994,0.029696,2
0.511,0.070698,2
0.38759,0.036479,2
0.49479,0.090818,2
0.55607,0.17504,2
0.61337,0.19184,2
0.5758,0.27929,2
0.2706,0.13201,2
0.58719,-0.085112,2
0.57358,0.084787,2
0.5815,0.17041,2
0.4779,0.090711,2
0.46013,-0.017351,2
0.59242,0.033726,2
0.73832,0.20833,2
0.4307,0.14869,2
0.49931,0.09892,2
0.53443,-0.015978,2
0.40328,0.030905,2
0.46814,0.16988,2
0.42974,-0.07266,2
0.5539,0.15937,2
0.56309,0.057207,2
0.39226,0.055781,2
0.57801,0.033291,2
0.49958,0.11251,2
0.49905,0.14821,2
0.50544,0.076254,2
0.50178,-0.02917,2
0.54641,0.046526,2
0.70139,0.11892,2
0.54521,-0.046331,2
0.62706,-0.015226,2
0.4244,0.10173,2
0.50174,0.046932,2
0.49735,0.17605,2
0.51273,0.070171,2
0.36856,1.0275,3
0.33882,0.99748,3
0.38012,0.97419,3
0.3374,1.0516,3
0.3858,0.93887,3
0.31897,1.003,3
0.41018,0.99102,3
0.35366,1.019,3
0.27608,1.0265,3
0.34928,0.9482,3
0.39997,0.98845,3
0.36886,0.95323,3
0.28857,1.0533,3
0.35737,1.0076,3
0.42653,0.9632,3
0.37679,0.92252,3
0.34157,0.98398,3
0.3818,0.99213,3
0.34966,1.027,3
0.36727,0.94016,3
0.35019,1.0407,3
0.36794,1.0108,3
0.31897,0.9712,3
0.42125,0.95254,3
0.38414,0.97733,3
0.4201,0.96723,3
0.3476,0.97067,3
0.36186,1.0065,3
0.32613,1.0167,3
0.31635,1.0623,3
0.40947,0.97521,3
0.3083,1.0025,3
0.32941,0.97602,3
0.37626,1.0314,3
0.3819,0.9596,3
0.37394,1.0007,3
0.35409,1.0431,3
0.4004,0.97164,3
0.38487,0.98097,3
0.39932,0.92694,3
0.31796,1.0025,3
0.40834,0.99346,3
0.39761,0.96822,3
0.32347,0.95612,3
0.3892,1.035,3
0.38067,1.0759,3
0.33003,1.0306,3
0.35288,0.98116,3
0.37593,1.1011,3
0.38041,0.97759,3
0.46188,1.0112,3
0.38103,1.0261,3
0.34623,0.98475,3
0.38389,1.0044,3
0.31063,0.96538,3
0.39003,1.0412,3
0.33184,1.004,3
0.32175,1.0239,3
0.388,0.96204,3
0.41596,1.0749,3
0.42721,1.0043,3
0.36553,1.0138,3
0.41034,1.0085,3
0.36973,0.98523,3
0.3311,0.98745,3
0.39711,0.97629,3
0.36004,1.0475,3
0.39689,0.99929,3
0.33076,0.96487,3
0.35267,1.0063,3
0.34424,0.98285,3
0.39,1.0094,3
0.36962,0.99128,3
0.37789,0.97924,3
0.30742,1.0218,3
0.35849,0.98796,3
0.38576,1.0104,3
0.31952,0.99708,3
0.31761,1.0204,3
0.43612,0.93826,3
0.33312,0.96957,3
0.35252,1.045,3
0.37141,1.0029,3
0.37495,1.0496,3
0.29481,0.9907,3
0.34758,0.99413,3
0.3647,0.99648,3
0.38466,1.0105,3
0.38136,1.0226,3
0.35205,0.96273,3
0.33318,1.0196,3
0.38648,0.95144,3
0.30489,0.97113,3
0.37618,1.0279,3
0.3239,1.0335,3
0.30677,0.98736,3
0.35431,0.97555,3
0.37857,0.9707,3
0.39881,0.9728,3
0.36085,1.0344,3
0.43284,0.99325,3
0.32024,0.9519,3
0.38659,1.0262,3
0.40124,1.0134,3
0.31645,0.97058,3
0.33732,1.0029,3
0.42442,0.99253,3
0.36514,0.98215,3
0.35947,0.98221,3
0.3333,1.0631,3
0.40251,1.0467,3
0.32723,1.0095,3
0.33365,1.0431,3
0.42342,0.9969,3
0.36518,0.92028,3
0.34245,1.0197,3
0.37547,0.99076,3
0.30749,1.0603,3
0.31039,1.0081,3
0.45254,0.89861,3
0.38889,0.99186,3
0.33562,0.98723,3
0.33477,0.9945,3
0.40161,0.93467,3
0.31928,1.0435,3
0.35359,1.0146,3
0.3937,1.0447,3
0.41389,0.99046,3
0.37595,0.95569,3
0.37462,0.93065,3
0.42646,1.0214,3
0.38196,0.99427,3
0.34944,0.98708,3
0.36327,0.99088,3
0.33651,0.98843,3
0.4084,1.0642,3
0.34728,1.0162,3
0.34769,1.0158,3
0.35182,0.9768,3
0.37501,0.94101,3
0.36819,1.0534,3
0.3556,1.0419,3
0.36448,1.0052,3
0.3372,0.96825,3
0.36132,0.94392,3
0.36061,0.94798,3
0.39997,0.97604,3
0.33297,1.0307,3
0.34342,1.0009,3
0.41889,1.0624,3
0.35534,0.9985,3
0.3798,1.0257,3
0.38901,0.98582,3
0.341,0.96042,3
0.39019,0.97137,3
0.3642,1.0076,3
0.39182,1.0247,3
0.41262,1.0244,3
0.34445,0.97741,3
0.38283,1.0343,3
0.31732,0.98062,3
0.37897,1.0236,3
0.42647,1.0328,3
0.37557,1.0631,3
0.3518,0.96415,3
0.34255,1.0541,3
0.40325,0.99261,3
0.34776,1.0556,3
0.39575,1.0077,3
0.37649,0.99056,3
0.3354,0.99651,3
0.4236,1.0315,3
0.3681,0.94513,3
0.42435,1.0329,3
0.37519,0.97081,3
0.40849,1.0444,3
0.35386,0.97893,3
0.31526,1.009,3
0.38875,0.94202,3
0.41708,1.0449,3
0.31968,0.96311,3
0.32745,0.98113,3
0.37305,1.0116,3
0.33344,0.98923,3
0.34309,1.0091,3
0.37633,0.99479,3
0.38784,0.93278,3
0.32582,0.99535,3
0.40464,1.0045,3
0.37271,0.97187,3
0.37974,0.96899,3
0.3901,0.96074,3
0.35905,0.98168,3
0.37826,1.0118,3
0.32104,0.94186,3
0.34815,1.0199,3
0.33943,1.0569,3
0.36141,0.9855,3
0.35279,1.0013,3
0.40557,1.052,3
0.35364,1.0487,3
0.40035,1.0006,3
0.39582,1.0181,3
0.33263,1.048,3
0.35716,0.97809,3
0.32324,0.96596,3
0.34998,1.0225,3
0.30793,1.0103,3
0.37025,1.0076,3
0.39301,0.98105,3
0.28993,1.0043,3
0.31239,1.006,3
0.37925,1.0205,3
0.39706,0.99794,3
0.43906,0.96968,3
0.37894,1.0397,3
0.35014,1.0035,3
0.42164,0.98318,3
0.40806,0.96568,3
0.34963,0.99936,3
0.32922,0.99812,3
0.40864,0.92816,3
0.31402,0.98279,3
0.41891,0.97203,3
0.35584,1.0394,3
0.32485,1.0424,3
0.3661,1.0098,3
0.35044,1.0648,3
0.40389,0.97433,3
0.34388,0.99276,3
0.40302,1.0329,3
0.35157,0.92719,3
0.33861,1.0223,3
0.34616,1.0164,3
0.3502,1.0145,3
0.34551,1.0163,3
0.31077,1.0397,3
0.32516,1.0031,3
0.32527,1.0054,3
0.37518,0.97968,3
0.34795,0.95144,3
0.34445,1.0528,3
0.31566,0.99883,3
0.46201,1.0317,3
0.35664,1.0269,3
0.39216,0.96384,3
0.32244,1.05,3
0.34647,1.0524,3
0.36662,0.98346,3
0.43682,0.98984,3
0.29764,0.9798,3
0.38108,1.0417,3
0.35212,1.0871,3
0.36584,1.0231,3
0.36285,0.98414,3
0.356,0.99511,3
0.33462,0.96474,3
0.34709,0.99249,3
0.35018,0.99483,3
0.3465,1.0086,3
0.32916,1.0168,3
0.41928,0.97773,3
0.36009,0.97581,3
0.34486,0.98709,3
0.36134,0.97895,3
0.37028,1.0473,3
0.36962,0.98262,3
0.40253,0.9989,3
0.38588,0.97507,3
0.35836,1.0017,3
0.36994,0.96235,3
0.37038,0.98873,3
0.38578,0.98848,3
0.42735,1.0488,3
0.36793,1.0496,3
0.36057,1.0031,3
0.33721,1.0327,3
0.3591,0.99923,3
0.29332,1.024,3
0.33405,1.0373,3
0.42075,0.99238,3
0.30916,0.99599,3
0.31624,0.95112,3
0.397,0.98469,3
0.35198,0.96023,3
0.35972,1.004,3
0.33051,0.99494,3
0.43036,1.0035,3
0.37281,1.0019,3
0.42647,0.98137,3
0.2888,0.999,3
0.39015,1.0198,3
0.35337,1.001,3
0.37053,0.96485,3
0.34611,1.0695,3
0.3307,1.0093,3
0.3167,0.98503,3
0.39728,1.0132,3
0.30841,1.014,3
0.40353,0.99496,3
0.36933,1.0158,3
0.32861,0.99373,3
0.34517,1.0297,3
0.30598,0.98593,3
0.3848,0.90107,3
0.35952,1.0422,3
0.37386,1.0626,3
0.35743,1.0036,3
0.3394,1.0196,3
0.34887,1.0287,3
0.34184,1.001,3
0.3398,1.0157,3
0.30486,0.97437,3
0.32203,0.96889,3
0.33537,0.96738,3
0.35329,1.0296,3
0.32692,1.0132,3
0.36722,0.94728,3
0.405,0.96076,3
0.34977,1.0021,3
0.40517,1.0205,3
0.37761,1.0278,3
0.3544,0.98719,3
0.29924,0.98409,3
0.35945,0.98023,3
0.37465,1.0156,3
0.3475,1.0026,3
0.35552,0.9118,3
0.36695,0.9183,3
0.37406,1.0458,3
0.38477,0.99049,3
0.31784,1.0404,3
0.36774,1.0056,3
0.34009,0.96481,3
0.34161,1.1111,3
0.37268,0.96931,3
0.29254,1.0153,3
0.38957,1.0355,3
0.35781,0.98579,3
0.42555,0.99639,3
0.37006,0.98305,3
0.39084,0.99634,3
0.36474,1.0342,3
0.35306,1.0622,3
0.33009,0.99566,3
0.38272,1.0154,3
0.36771,1.0348,3
0.3897,1.0033,3
0.35499,0.98679,3
0.32734,1.0272,3
0.38802,1.0267,3
0.29346,1.0417,3
0.33788,0.98077,3
0.40908,0.97507,3
0.38531,0.98958,3
0.38416,0.92549,3
0.29394,0.96363,3
0.32929,1.0176,3
0.34994,1.0397,3
0.38348,0.96501,3
0.39063,0.92221,3
0.39384,0.99725,3
0.38232,0.9965,3
0.40869,1.0074,3
0.35353,1.0162,3
0.39942,0.99136,3
0.35321,1.0296,3
0.39816,0.99441,3
0.37239,0.99155,3
0.37282,1.0046,3
0.3059,0.98591,3
0.34816,0.99167,3
0.38739,1.0378,3
0.36778,1.0235,3
0.32239,0.91848,3
0.35098,0.8969,3
0.34429,0.99707,3
0.31305,0.99966,3
0.39365,1.0209,3
0.46509,1.0019,3
0.41541,0.97103,3
0.3853,1.0275,3
0.40015,1.0162,3
0.30628,1.0182,3
0.37598,0.95755,3
0.32682,0.99748,3
0.4113,1.0239,3
0.3872,0.99714,3
0.35676,0.98604,3
0.40489,1.0114,3
0.34143,0.98214,3
0.37514,0.96278,3
0.37309,1.0076,3
0.4164,1.0064,3
0.34829,1.0147,3
0.34423,0.94244,3
0.37681,0.99626,3
0.35046,1.0415,3
0.33681,1.088,3
0.39004,0.97326,3
0.29826,1.0328,3
0.34394,0.95234,3
0.35104,0.95251,3
0.37481,0.97335,3
0.35782,0.96063,3
0.42898,1.0158,3
0.373,0.98297,3
0.32922,0.94006,3
0.36898,1.0359,3
0.30709,0.97456,3
0.35251,0.93701,3
0.37707,1.0484,3
0.34999,0.98866,3
0.34745,1.0283,3
0.40699,1.0216,3
0.36185,0.99802,3
0.35107,1.0243,3
0.30271,0.98507,3
0.30551,0.98672,3
0.34145,1.0219,3
0.38221,0.97624,3
0.32519,0.97778,3
0.40249,1.0284,3
0.39171,1.0136,3
0.38562,0.95078,3
0.34255,0.94255,3
0.3816,0.98125,3
0.33431,1.0066,3
0.34876,0.97777,3
0.38015,1.0036,3
0.40649,0.97417,3
0.36941,1.0089,3
0.36638,1.0138,3
0.36725,0.9701,3
0.33419,0.98131,3
0.43965,1.0314,3
0.41821,1.0497,3
0.45681,0.99034,3
0.37537,1.0367,3
0.34504,1.0037,3
0.35475,1.0026,3
0.37757,1.0668,3
0.39083,0.96866,3
0.33255,0.97618,3
0.35631,0.99433,3
0.33283,0.9988,3
0.39319,0.91244,3
0.35004,0.9723,3
0.42302,1.0101,3
0.34656,1.0066,3
0.38477,0.89843,3
0.27456,0.98467,3
0.326,1.06,3
0.34392,0.95915,3
0.35003,0.97256,3
0.36231,0.99569,3
0.32909,0.97879,3
0.36356,0.95753,3
0.39422,1.0012,3
0.39366,0.97925,3
0.36693,1.0285,3
0.40511,0.92952,3
0.27929,1.0243,3
0.33766,0.95477,3
0.39876,1.0327,3
0.34645,1.0024,3
0.38912,0.98408,3
0.3778,1.0007,3
0.36992,1.0536,3
0.3347,1.0235,3
0.37124,1.0185,3
0.34549,1.0134,3
0.36309,0.93529,3
0.34927,0.99669,3
0.40357,0.9595,3
0.34313,1.0444,3
0.3855,0.97395,3
0.40136,1.0609,3
0.37552,0.98507,3
0.3441,0.93648,3
0.35799,1.0546,3
0.31175,1.0692,3
0.32292,1.0172,3
0.33288,1.006,3
0.29662,0.97641,3
0.38219,1.0759,3
0.3193,0.957,3
0.40632,0.95575,3
0.35012,1.0144,3
0.36015,1.007,3
0.37909,1.0024,3
0.37782,0.97772,3
0.35338,0.99044,3
0.30941,1.0419,3
0.39623,0.98085,3
0.3457,0.95942,3
0.28599,1.0219,3
0.32727,0.97522,3
0.31413,1.0234,3
0.32251,0.95087,3
0.48296,0.80863,4
0.46468,0.87102,4
0.5193,0.8035,4
0.5426,0.78645,4
0.41454,0.81766,4
0.52744,0.76985,4
0.46768,0.877,4
0.48053,0.80975,4
0.48168,0.81005,4
0.47603,0.8433,4
0.49487,0.92829,4
0.55239,0.83454,4
0.46373,0.8558,4
0.52316,0.88771,4
0.47795,0.89289,4
0.47803,0.8216,4
0.53993,0.81418,4
0.47554,0.95062,4
0.53146,0.91182,4
0.55803,0.79308,4
0.49284,0.78815,4
0.45456,0.84826,4
0.47013,0.83512,4
0.51024,0.76703,4
0.51062,0.8562,4
0.48526,0.81795,4
0.48086,0.83949,4
0.48539,0.83389,4
0.43869,0.84585,4
0.44024,0.93767,4
0.47598,0.87578,4
0.54232,0.84486,4
0.4715,0.87246,4
0.37716,0.89351,4
0.47441,0.93755,4
0.54783,0.8541,4
0.47881,0.78803,4
0.49388,0.80003,4
0.46295,0.78569,4
0.50821,0.89525,4
0.43881,0.83396,4
0.47512,0.85158,4
0.51731,0.78692,4
0.51907,0.85542,4
0.44676,0.80651,4
0.49503,0.86724,4
0.44721,0.88334,4
0.52319,0.84954,4
0.47705,0.82224,4
0.4233,0.8225,4
0.44032,0.76252,4
0.49829,0.80713,4
0.54125,0.9036,4
0.49572,0.85579,4
0.51226,0.8961,4
0.47009,0.85015,4
0.54633,0.75112,4
0.40962,0.88283,4
0.39779,0.80323,4
0.51898,0.75743,4
0.57785,0.80086,4
0.50154,0.85286,4
0.49946,0.82858,4
0.45656,0.83936,4
0.46995,0.89192,4
0.45697,0.84021,4
0.53008,0.89566,4
0.43983,0.85623,4
0.46126,0.8473,4
0.44406,0.80807,4
0.49207,0.861,4
0.49493,0.76852,4
0.53563,0.82864,4
0.41782,0.86861,4
0.51222,0.81178,4
0.53587,0.92255,4
0.51832,0.85569,4
0.52344,0.77152,4
0.49769,0.81138,4
0.55415,0.85989,4
0.50727,0.82164,4
0.45214,0.87943,4
0.48258,0.87794,4
0.45963,0.83447,4
0.49775,0.85144,4
0.41317,0.81611,4
0.49407,0.82523,4
0.43409,0.78878,4
0.48232,0.85725,4
0.4951,0.76645,4
0.4448,0.81687,4
0.5601,0.86244,4
0.4617,0.78821,4
0.49976,0.84004,4
0.4293,0.8054,4
0.47495,0.86108,4
0.45723,0.83336,4
0.44036,0.77586,4
0.4476,0.85212,4
0.50681,0.88406,4
0.5401,0.84028,4
0.49034,0.79412,4
0.44393,0.83615,4
0.54046,0.84512,4
0.46036,0.82006,4
0.54883,0.83115,4
0.44557,0.8855,4
0.43841,0.86603,4
0.43679,0.80042,4
0.4825,0.86791,4
0.42989,0.86255,4
0.57663,0.83726,4
0.53593,0.80438,4
0.50608,0.79237,4
0.53698,0.86789,4
0.4705,0.88109,4
0.51769,0.82945,4
0.5005,0.82321,4
0.55083,0.797,4
0.53842,0.81272,4
0.53697,0.85224,4
0.44406,0.8358,4
0.55488,0.83833,4
0.45387,0.84279,4
0.43419,0.78784,4
0.52302,0.84895,4
0.57229,0.8741,4
0.51806,0.86507,4
0.48268,0.8091,4
0.48031,0.81541,4
0.46242,0.85472,4
0.43045,0.7538,4
0.44732,0.88656,4
0.48765,0.76862,4
0.53119,0.83089,4
0.50545,0.86555,4
0.45019,0.8603,4
0.52606,0.83986,4
0.42081,0.80154,4
0.42607,0.82498,4
0.46594,0.79105,4
0.44734,0.77774,4
0.50471,0.86969,4
0.47319,0.88449,4
0.53728,0.84506,4
0.47259,0.87941,4
0.57953,0.82462,4
0.44556,0.83306,4
0.59852,0.80732,4
0.44897,0.81319,4
0.548,0.84668,4
0.47284,0.83741,4
0.471,0.90073,4
0.54488,0.779,4
0.53048,0.87187,4
0.50669,0.818,4
0.40525,0.82198,4
0.47489,0.78479,4
0.4453,0.85526,4
0.43539,0.88216,4
0.47764,0.81869,4
0.46159,0.88083,4
0.53141,0.80553,4
0.46951,0.79457,4
0.49109,0.83895,4
0.46904,0.84242,4
0.42174,0.81055,4
0.48583,0.78536,4
0.50125,0.78957,4
0.50216,0.82941,4
0.49834,0.80407,4
0.51581,0.78393,4
0.48537,0.91765,4
0.48685,0.85196,4
0.41121,0.89162,4
0.48797,0.82896,4
0.49732,0.87257,4
0.47634,0.94534,4
0.55829,0.87157,4
0.41785,0.89434,4
0.45557,0.84757,4
0.51167,0.88969,4
0.46069,0.75998,4
0.44442,0.87017,4
0.50075,0.88157,4
0.45653,0.78254,4
0.45115,0.82916,4
0.46222,0.82788,4
0.40895,0.73896,4
0.48336,0.88972,4
0.44649,0.83594,4
0.47675,0.84133,4
0.45182,0.85486,4
0.47136,0.8436,4
0.43434,0.91662,4
0.50887,0.84584,4
0.52934,0.77306,4
0.43804,0.83927,4
0.44145,0.82322,4
0.49124,0.81126,4
0.46821,0.8201,4
0.4726,0.86527,4
0.53466,0.80658,4
0.47231,0.81767,4
0.50228,0.8529,4
0.51964,0.82938,4
0.45215,0.7784,4
0.43626,0.93269,4
0.50107,0.80708,4
0.51258,0.87263,4
0.48991,0.88005,4
0.45715,0.83046,4
0.45323,0.81936,4
0.50678,0.82293,4
0.48689,0.86178,4
0.47294,0.93004,4
0.5099,0.86624,4
0.50157,0.93604,4
0.45866,0.82801,4
0.49044,0.80622,4
0.52543,0.79273,4
0.5084,0.80178,4
0.42468,0.83232,4
0.55317,0.81037,4
0.5126,0.87178,4
0.48719,0.84172,4
0.49768,0.7874,4
0.40021,0.84042,4
0.52936,0.85581,4
0.51689,0.80805,4
0.46192,0.89998,4
0.51444,0.8726,4
0.42556,0.79267,4
0.49238,0.83814,4
0.36698,0.90512,4
0.42812,0.80624,4
0.38289,0.81661,4
0.45429,0.79696,4
0.44374,0.8244,4
0.47543,0.85663,4
0.53195,0.8846,4
0.54679,0.8775,4
0.44168,0.82744,4
0.46429,0.79944,4
0.46336,0.80361,4
0.41568,0.76798,4
0.44252,0.76499,4
0.48375,0.92704,4
0.48746,0.87415,4
0.38904,0.84811,4
0.48333,0.85752,4
0.43431,0.88243,4
0.53231,0.83801,4
0.48932,0.84463,4
0.48827,0.88314,4
0.38778,0.84833,4
0.43532,0.84582,4
0.45258,0.86094,4
0.497,0.88224,4
0.52579,0.8057,4
0.47795,0.85289,4
0.48362,0.81932,4
0.51698,0.8676,4
0.50438,0.81722,4
0.43916,0.85684,4
0.46649,0.84313,4
0.42405,0.81747,4
0.47123,0.90154,4
0.49184,0.79597,4
0.49118,0.90465,4
0.48921,0.83383,4
0.44528,0.89327,4
0.48687,0.887,4
0.50804,0.88416,4
0.45872,0.89771,4
0.55507,0.79818,4
0.42593,0.84219,4
0.47142,0.88742,4
0.46162,0.8713,4
0.48792,0.79894,4
0.54372,0.84603,4
0.45849,0.85083,4
0.40977,0.8338,4
0.39937,0.83531,4
0.48646,0.8642,4
0.41152,0.77935,4
0.47865,0.82482,4
0.4815,0.84959,4
0.36349,0.80849,4
0.5391,0.88963,4
0.43926,0.8499,4
0.5154,0.8392,4
0.46894,0.84988,4
0.46125,0.86139,4
0.45411,0.81151,4
0.40664,0.84211,4
0.49656,0.81304,4
0.45097,0.82534,4
0.47933,0.8415,4
0.47934,0.79445,4
0.50078,0.83498,4
0.50833,0.91966,4
0.55551,0.83451,4
0.51353,0.77247,4
0.49236,0.87606,4
0.47478,0.79715,4
0.50673,0.84222,4
0.49062,0.86569,4
0.48834,0.92576,4
0.48246,0.85654,4
0.47935,0.88985,4
0.42363,0.93477,4
0.45966,0.8225,4
0.45731,0.87893,4
0.45963,0.88019,4
0.59142,0.82713,4
0.50535,0.77287,4
0.47175,0.77359,4
0.45791,0.80757,4
0.43562,0.78526,4
0.41544,0.84432,4
0.48299,0.83787,4
0.4461,0.87141,4
0.48301,0.8212,4
0.51116,0.81663,4
0.5919,0.81405,4
0.5731,0.8059,4
0.43165,0.82678,4
0.46388,0.83888,4
0.43273,0.83816,4
0.44012,0.83788,4
0.49197,0.81496,4
0.47751,0.84901,4
0.52461,0.83667,4
0.5138,0.834,4
0.46822,0.84063,4
0.46382,0.84285,4
0.54117,0.84811,4
0.45978,0.83167,4
0.47539,0.77202,4
0.44853,0.76159,4
0.49212,0.80705,4
0.47663,0.81694,4
0.51477,0.86386,4
0.48136,0.80618,4
0.44374,0.80526,4
0.54588,0.86247,4
0.50488,0.88599,4
0.42804,0.86039,4
0.45434,0.81367,4
0.44315,0.82375,4
0.48962,0.74617,4
0.5026,0.88861,4
0.49745,0.85394,4
0.52468,0.89995,4
0.53766,0.79928,4
0.51034,0.83798,4
0.42005,0.88315,4
0.38914,0.85792,4
0.43585,0.88827,4
0.44607,0.85419,4
0.50343,0.74213,4
0.53561,0.80886,4
0.52363,0.90585,4
0.42953,0.83426,4
0.4302,0.79956,4
0.52886,0.8044,4
0.47296,0.82412,4
0.4954,0.83739,4
0.41909,0.76241,4
0.50802,0.8875,4
0.54928,0.76421,4
0.49064,0.78474,4
0.5028,0.89356,4
0.46615,0.79573,4
0.50147,0.83988,4
0.45783,0.85352,4
0.49455,0.873,4
0.48208,0.88769,4
0.44543,0.77485,4
0.44599,0.8566,4
0.36983,0.84869,4
0.50489,0.77478,4
0.49743,0.87299,4
0.50938,0.8977,4
0.49228,0.91386,4
0.46115,0.85687,4
0.50188,0.83977,4
0.5214,0.8503,4
0.48115,0.83843,4
0.49963,0.86535,4
0.50221,0.81293,4
0.43194,0.81458,4
0.51317,0.88557,4
0.50931,0.75528,4
0.49875,0.89601,4
0.43881,0.85668,4
0.44943,0.85701,4
0.46403,0.91377,4
0.50466,0.83595,4
0.46049,0.83012,4
0.45268,0.8795,4
0.46866,0.87896,4
0.48101,0.75643,4
0.47349,0.89846,4
0.47573,0.87503,4
0.49323,0.8391,4
0.46741,0.81458,4
0.44084,0.79903,4
0.55173,0.7754,4
0.41922,0.81041,4
0.4465,0.79927,4
0.50591,0.8366,4
0.55607,0.83937,4
0.53158,0.87952,4
0.43389,0.77861,4
0.53542,0.83101,4
0.46451,0.75229,4
0.45451,0.77863,4
0.52855,0.79548,4
0.5002,0.78322,4
0.52523,0.8799,4
0.46455,0.78414,4
0.47334,0.79842,4
0.45964,0.91096,4
0.46833,0.82717,4
0.50117,0.85678,4
0.49359,0.7503,4
0.46566,0.92533,4
0.50785,0.82844,4
0.5314,0.84855,4
0.46933,0.84447,4
0.49061,0.80083,4
0.47345,0.84847,4
0.5317,0.83074,4
0.39326,0.78593,4
0.43429,0.86253,4
0.50981,0.75881,4
0.48358,0.81272,4
0.47733,0.93121,4
0.49006,0.80696,4
0.53878,0.86085,4
0.47631,0.83601,4
0.47758,0.90143,4
0.49721,0.86431,4
0.49922,0.90894,4
0.53227,0.8031,4
0.54952,0.86807,4
0.42787,0.79638,4
0.45294,0.82823,4
0.42436,0.80303,4
0.48284,0.83393,4
0.44905,0.8481,4
0.47697,0.84063,4
0.50095,0.86717,4
0.49102,0.78214,4
0.45285,0.83439,4
0.50208,0.85645,4
0.55126,0.84168,4
0.5028,0.70627,4
0.47288,0.77598,4
0.4442,0.82153,4
0.51144,0.72913,4
0.37165,0.85399,4
0.51206,0.86417,4
0.48121,0.80629,4
0.46474,0.81714,4
0.44043,0.76458,4
0.51469,0.88104,4
0.52357,0.84725,4
0.4581,0.78905,4
0.54995,0.7882,4
0.54725,0.87341,4
0.51695,0.84303,4
0.4853,0.86344,4
0.47401,0.90368,4
0.40934,0.86904,4
0.43561,0.79403,4
0.49973,0.90024,4
0.39838,0.83682,4
0.46455,0.87055,4
0.45609,0.82493,4
0.45859,0.78571,4
0.4856,0.86035,4
0.54197,0.82285,4
0.50602,0.78863,4
0.44521,0.85383,4
0.55419,0.76555,4
0.48797,0.86513,4
0.48013,0.83011,4
0.48523,0.80635,4
0.47253,0.88412,4
0.49106,0.82135,4
0.46917,0.83827,4
0.39001,0.8621,4
0.55697,0.84455,4
0.51199,0.80531,4
0.45723,0.8382,4
0.5014,0.77523,4
0.44675,0.83103,4
0.24986,0.50032,5
0.23007,0.53371,5
0.3066,0.39276,5
0.13731,0.55536,5
0.3354,0.4397,5
0.31638,0.42257,5
0.16553,0.50263,5
0.26948,0.43838,5
0.39408,0.53052,5
0.18428,0.4865,5
0.33505,0.54662,5
0.25332,0.41923,5
0.31922,0.51907,5
0.33722,0.54224,5
0.19152,0.38869,5
0.39255,0.60868,5
0.23756,0.54432,5
0.17032,0.58889,5
0.045978,0.47511,5
0.32042,0.49634,5
0.26316,0.41951,5
0.20309,0.32668,5
0.26231,0.51583,5
0.30111,0.51099,5
0.33161,0.54835,5
0.34744,0.51201,5
0.10732,0.5065,5
0.26168,0.46037,5
0.214,0.41095,5
0.28321,0.49827,5
0.34481,0.51121,5
0.17494,0.57498,5
0.24335,0.45056,5
0.26914,0.6634,5
0.24072,0.66582,5
0.25092,0.41784,5
0.21783,0.47283,5
0.2811,0.4625,5
0.2579,0.60717,5
0.33533,0.52415,5
0.21398,0.5717,5
0.16601,0.41391,5
0.15262,0.6996,5
0.34769,0.66835,5
0.24802,0.53219,5
0.13563,0.50362,5
0.36722,0.49657,5
0.14648,0.35005,5
0.23276,0.47789,5
0.15719,0.54727,5
0.26814,0.51493,5
0.32764,0.61085,5
0.25193,0.40978,5
0.30655,0.58147,5
0.15391,0.58119,5
0.25578,0.61499,5
0.31302,0.51549,5
0.086558,0.51769,5
0.15757,0.57953,5
0.30934,0.55893,5
0.38347,0.50586,5
0.1665,0.55488,5
0.28146,0.48524,5
0.22846,0.37808,5
0.33023,0.46029,5
0.17249,0.5786,5
0.30992,0.54083,5
0.36184,0.50231,5
0.13607,0.54597,5
0.19165,0.50338,5
0.30508,0.48083,5
0.18536,0.53114,5
0.16843,0.58141,5
0.21812,0.5179,5
0.28294,0.48553,5
0.18264,0.51472,5
0.28179,0.50942,5
0.33512,0.55244,5
0.24833,0.48395,5
0.37247,0.5032,5
0.27079,0.57831,5
0.30054,0.49152,5
0.19207,0.61647,5
0.3135,0.65498,5
0.22521,0.53574,5
0.27294,0.55259,5
0.13948,0.51041,5
0.27423,0.59445,5
0.20676,0.48195,5
0.12923,0.50406,5
0.31377,0.52617,5
0.44215,0.51232,5
0.29588,0.59782,5
0.32483,0.4545,5
0.26122,0.57478,5
0.25939,0.56647,5
0.23998,0.54718,5
0.19048,0.36627,5
0.32536,0.50387,5
0.34727,0.41601,5
0.19012,0.55121,5
0.30885,0.56043,5
0.23706,0.42888,5
0.11101,0.52497,5
0.22761,0.64424,5
0.38723,0.60771,5
0.25676,0.44147,5
0.24385,0.56045,5
0.27567,0.46824,5
0.42434,0.43665,5
0.25961,0.58404,5
0.23703,0.57857,5
0.24024,0.52721,5
0.41345,0.66342,5
0.31509,0.53694,5
0.24437,0.49931,5
0.26635,0.46803,5
0.26277,0.34082,5
0.26245,0.39536,5
0.22718,0.51503,5
0.16938,0.5525,5
0.1392,0.40902,5
0.25457,0.51211,5
0.26367,0.49372,5
0.23495,0.53334,5
0.32806,0.52854,5
0.23724,0.56427,5
0.27569,0.45658,5
0.2601,0.62961,5
0.26765,0.59237,5
0.19745,0.51517,5
0.2682,0.54846,5
0.2469,0.45511,5
0.30575,0.56098,5
0.31102,0.63316,5
0.30164,0.55955,5
0.2585,0.54228,5
0.31741,0.68239,5
0.29666,0.64125,5
0.049807,0.52464,5
0.15821,0.33922,5
0.27835,0.52077,5
0.1787,0.53474,5
0.26265,0.37234,5
0.31922,0.51564,5
0.14122,0.53439,5
0.2902,0.38891,5
0.26676,0.47768,5
0.26578,0.45787,5
0.16072,0.52536,5
0.31746,0.55494,5
0.13718,0.6224,5
0.096952,0.53111,5
0.2572,0.59539,5
0.38311,0.58554,5
0.28508,0.57593,5
0.36496,0.67609,5
0.15661,0.62296,5
0.25662,0.54124,5
0.28015,0.64957,5
0.22236,0.47865,5
0.15704,0.5998,5
0.29328,0.5299,5
0.19127,0.46947,5
0.23536,0.49581,5
0.23685,0.47415,5
0.22778,0.39523,5
0.12563,0.46828,5
0.28703,0.59626,5
0.107,0.47498,5
0.32471,0.54854,5
0.21737,0.49036,5
0.36902,0.43023,5
0.22059,0.53761,5
0.3295,0.53324,5
0.46988,0.5546,5
0.16109,0.4628,5
0.30887,0.58716,5
0.19333,0.62035,5
0.18811,0.48088,5
0.22754,0.5938,5
0.33778,0.49044,5
0.2938,0.59206,5
0.17317,0.68833,5
0.18455,0.51265,5
0.22767,0.5292,5
0.33377,0.45791,5
0.25967,0.50161,5
0.21085,0.55315,5
0.29839,0.58399,5
0.15365,0.46005,5
0.31466,0.47729,5
0.22999,0.60423,5
0.23386,0.43656,5
0.28488,0.53013,5
0.13974,0.47877,5
0.27247,0.48589,5
0.38099,0.45431,5
0.30915,0.55402,5
0.32314,0.42783,5
0.14884,0.43961,5
0.22992,0.53713,5
0.25725,0.42551,5
0.27673,0.54797,5
0.31324,0.62587,5
0.13052,0.38679,5
0.21568,0.54952,5
0.24445,0.56672,5
0.45603,0.35027,5
0.29555,0.54308,5
0.16833,0.40934,5
0.12711,0.44113,5
0.24346,0.5576,5
0.19744,0.58278,5
0.22508,0.54848,5
0.20314,0.52894,5
0.27398,0.48384,5
0.26021,0.34416,5
0.22548,0.51325,5
0.2969,0.49599,5
0.11562,0.59998,5
0.23239,0.54981,5
0.25434,0.45183,5
0.23002,0.40802,5
0.33136,0.63702,5
0.12859,0.51271,5
0.27107,0.53729,5
0.071343,0.57647,5
0.087892,0.55199,5
0.16833,0.46033,5
0.32249,0.64028,5
0.17163,0.54094,5
0.25361,0.4096,5
0.32579,0.37868,5
0.30681,0.5785,5
0.24497,0.57373,5
0.2038,0.59131,5
0.37246,0.49947,5
0.21644,0.38721,5
0.26731,0.67334,5
0.36555,0.49445,5
0.056529,0.50792,5
0.19897,0.47477,5
0.33014,0.4925,5
0.31289,0.54925,5
0.27551,0.58986,5
0.21756,0.54601,5
0.38728,0.55867,5
0.23821,0.43469,5
0.22802,0.57678,5
0.23524,0.49165,5
0.26223,0.41169,5
0.14833,0.51958,5
0.28807,0.61876,5
0.2393,0.57713,5
0.21255,0.51041,5
0.42541,0.56784,5
0.21047,0.54262,5
0.12003,0.5982,5
0.28733,0.42435,5
0.17609,0.52453,5
0.15393,0.56292,5
0.28592,0.55485,5
0.25961,0.65484,5
0.36334,0.49196,5
0.49654,0.56027,5
0.30549,0.46485,5
0.2324,0.64128,5
0.26534,0.64885,5
0.16324,0.42869,5
0.33511,0.54347,5
0.19979,0.59868,5
0.27878,0.66541,5
0.24535,0.56955,5
0.22743,0.49319,5
0.17828,0.49262,5
0.17771,0.4199,5
0.28352,0.58132,5
0.27238,0.41143,5
0.25097,0.41218,5
0.097896,0.54425,5
0.34395,0.5972,5
0.2678,0.47388,5
0.37099,0.60001,5
0.24272,0.51854,5
0.42384,0.4602,5
0.092735,0.47143,5
0.21959,0.37665,5
0.31204,0.42653,5
0.3342,0.41268,5
0.20408,0.47781,5
0.28387,0.55017,5
0.15219,0.38436,5
0.28596,0.55073,5
0.19547,0.51275,5
0.37726,0.65006,5
0.27746,0.58003,5
0.22042,0.52297,5
0.334,0.6363,5
0.26596,0.5397,5
0.30303,0.53698,5
0.29709,0.53795,5
0.18027,0.41908,5
0.23746,0.43453,5
0.14335,0.4911,5
0.21086,0.48791,5
0.24148,0.56077,5
0.08372,0.66742,5
0.33803,0.54686,5
0.34675,0.58011,5
0.15975,0.54427,5
0.21152,0.53721,5
0.29477,0.42659,5
0.3921,0.50296,5
0.23661,0.4841,5
0.17952,0.51323,5
0.32475,0.51708,5
0.30451,0.4832,5
0.25046,0.49,5
0.38837,0.59954,5
0.1951,0.46154,5
0.22536,0.63936,5
0.23963,0.61997,5
0.093858,0.46846,5
0.27372,0.58365,5
0.21619,0.40361,5
0.10194,0.51323,5
0.19117,0.52967,5
0.29346,0.53937,5
0.12976,0.63816,5
0.16879,0.63842,5
0.27056,0.55645,5
0.3894,0.39004,5
0.13793,0.66157,5
0.21878,0.58135,5
0.28885,0.55013,5
0.17052,0.45039,5
0.25461,0.51947,5
0.24664,0.51306,5
0.21112,0.66509,5
0.22505,0.54334,5
0.28651,0.46803,5
0.2542,0.53965,5
0.2289,0.54158,5
0.19225,0.63206,5
0.13318,0.41434,5
0.13312,0.53471,5
0.21728,0.64247,5
0.29711,0.41576,5
0.39127,0.4811,5
0.15488,0.43305,5
0.21865,0.34408,5
0.13554,0.46575,5
0.28425,0.35826,5
0.097744,0.52335,5
0.21286,0.50695,5
0.25936,0.4365,5
0.31316,0.52601,5
0.2699,0.6496,5
0.44672,0.33789,5
0.32887,0.45431,5
0.18954,0.51495,5
0.24397,0.40856,5
0.18498,0.47228,5
0.25367,0.5709,5
0.23675,0.58103,5
0.27518,0.45029,5
0.26553,0.50931,5
0.32024,0.60434,5
0.29181,0.50332,5
0.3279,0.45006,5
0.26866,0.5475,5
0.22208,0.4403,5
0.31432,0.46326,5
0.21145,0.55272,5
0.17552,0.60684,5
0.17054,0.50977,5
0.18223,0.47471,5
0.29679,0.50831,5
0.18582,0.59857,5
0.31446,0.52963,5
0.34776,0.61147,5
0.32505,0.44156,5
0.13996,0.55889,5
0.20824,0.55426,5
0.28819,0.47186,5
0.34914,0.53016,5
0.1962,0.44998,5
0.21764,0.59305,5
0.32367,0.51154,5
0.29267,0.56299,5
0.27416,0.5057,5
0.21142,0.45828,5
0.29848,0.56238,5
0.19768,0.41569,5
0.24872,0.54007,5
0.32675,0.51431,5
0.1407,0.64743,5
0.24728,0.51652,5
0.30548,0.40704,5
0.33947,0.51888,5
0.22253,0.53493,5
0.21951,0.44407,5
0.17358,0.58602,5
0.12443,0.44709,5
0.32362,0.59112,5
0.29625,0.47452,5
0.28742,0.54521,5
0.15658,0.4633,5
0.22667,0.50264,5
0.22405,0.37299,5
0.3273,0.4987,5
0.30218,0.62234,5
0.30687,0.48838,5
0.30205,0.41419,5
0.2492,0.45693,5
0.17947,0.49696,5
0.36153,0.38112,5
0.18544,0.65459,5
0.30042,0.48697,5
0.21724,0.42341,5
0.31118,0.51261,5
0.24128,0.58037,5
0.14873,0.50591,5
0.28225,0.41309,5
0.19907,0.47095,5
0.12763,0.47398,5
0.2276,0.56175,5
0.26133,0.63807,5
0.29107,0.55893,5
0.32108,0.48983,5
0.29829,0.58087,5
0.209,0.52602,5
0.2887,0.55548,5
0.19015,0.39547,5
0.2314,0.55601,5
0.24849,0.5379,5
0.31829,0.57506,5
0.19954,0.554,5
0.26077,0.53301,5
0.27605,0.5066,5
0.33782,0.45784,5
0.14426,0.42143,5
0.24945,0.33032,5
0.17602,0.43488,5
0.21818,0.69192,5
0.34033,0.41372,5
0.24249,0.46304,5
0.39593,0.64197,5
0.20314,0.55455,5
0.209,0.41337,5
0.25892,0.65171,5
0.30006,0.57401,5
0.32279,0.53325,5
0.097363,0.56503,5
0.25009,0.46354,5
0.19896,0.59123,5
0.24809,0.52711,5
0.17637,0.55172,5
0.26822,0.51159,5
0.37645,0.54356,5
0.23536,0.50214,5
0.34994,0.5522,5
0.13966,0.49223,5
0.19201,0.51141,5
0.30947,0.47083,5
0.22016,0.48205,5
0.097553,0.48964,5
0.34967,0.49948,5
0.22449,0.5293,5
0.27364,0.53979,5
0.2282,0.57114,5
0.23025,0.57921,5
0.30256,0.51371,5
0.19308,0.5004,5
0.19112,0.45268,5
0.34996,0.42121,5
0.2255,0.40629,5
0.20451,0.54368,5
0.31007,0.43212,5
0.33592,0.45582,5
0.30509,0.519,5
0.23693,0.48925,5
0.37042,0.64641,5
0.15684,0.50069,5
0.18327,0.31407,5
0.37099,0.50228,5
0.20922,0.48359,5
0.12794,0.47009,5
0.26163,0.67691,5
0.33717,0.46256,5
0.13166,0.50956,5
0.27004,0.5123,5
0.28343,0.43303,5
0.30239,0.42784,5
0.27035,0.58125,5
0.16039,0.58087,5
0.35354,0.57138,5
0.21835,0.42109,5
0.22735,0.45049,5
