2,2,2,2,2,2,2,2,11,11,11,11,11,11,11,11,11,11,11,11,11,1,11,11,11,11,1,1
2,2,2,2,2,2,2,2,11,11,11,11,11,11,11,11,11,11,11,11,11,1,11,11,11,11,1,1
2,2,2,2,2,2,2,2,11,11,11,11,11,11,11,11,11,11,11,11,11,1,11,11,11,11,1,1
2,2,2,2,2,2,2,2,11,11,11,11,11,11,11,11,11,11,11,11,11,1,11,11,11,11,1,1
2,2,2,2,2,2,2,2,11,11,11,11,11,11,11,11,11,11,11,11,11,1,11,11,11,11,1,1
2,2,2,2,2,2,2,2,11,11,11,11,11,11,11,11,11,11,11,11,11,1,11,11,11,11,1,1
2,2,2,2,2,2,2,2,11,11,11,11,11,11,11,11,11,11,11,11,11,1,11,11,11,11,1,1
2,2,2,2,2,2,2,2,11,11,11,11,11,11,11,11,11,11,11,11,11,1,11,11,11,11,1,1
2,2,2,2,2,2,2,2,11,11,11,11,11,11,11,11,11,11,11,11,11,1,11,11,11,11,1,1
2,2,2,2,2,2,2,2,11,11,11,11,11,11,11,11,11,11,11,11,11,1,11,11,11,11,1,1
2,2,2,2,2,2,2,2,11,11,11,11,11,11,11,11,11,11,11,11,11,1,11,11,11,11,1,1
2,2,2,2,2,2,2,2,11,11,11,11,11,11,11,11,11,11,11,11,11,1,11,11,11,11,1,1
2,2,2,2,2,2,2,2,11,11,11,11,11,11,11,11,11,11,11,11,11,1,11,11,11,11,1,1
2,2,2,2,2,2,2,2,11,11,11,11,11,11,11,11,11,11,11,11,11,1,11,11,11,11,2,1
2,2,2,2,2,2,2,2,11,11,11,11,11,11,11,11,11,11,11,11,11,1,11,11,11,11,2,1
2,2,2,2,2,2,2,2,11,11,11,11,11,11,11,11,11,11,11,11,11,1,11,11,11,11,2,1
2,2,2,2,2,2,2,2,11,11,11,11,11,11,11,11,11,11,11,11,11,1,11,11,11,11,2,1
2,2,2,2,2,2,2,2,11,11,11,11,11,11,11,11,11,11,11,11,11,1,11,11,11,11,2,1
2,2,2,2,2,2,2,2,11,11,11,11,11,11,11,11,11,11,11,11,11,1,11,11,11,11,2,1
2,2,2,2,2,2,2,2,11,11,11,11,11,11,11,11,7,7,7,7,7,1,7,7,7,7,2,1
2,2,2,2,2,2,2,2,11,11,11,11,11,11,11,11,11,11,11,11,11,1,11,11,11,11,2,1
2,2,2,2,2,2,2,2,11,11,11,11,11,11,11,11,11,11,11,11,11,1,11,11,11,11,2,1
2,2,2,2,2,2,2,2,11,11,11,11,11,11,11,11,7,7,7,7,7,1,7,7,7,7,2,1
2,2,2,2,2,2,2,2,11,11,11,11,11,11,11,11,11,11,11,11,11,1,11,11,11,11,2,1
2,2,2,2,2,2,2,2,11,11,11,11,11,11,11,11,11,11,11,11,11,1,11,11,11,11,2,1
2,2,2,2,2,2,2,2,11,11,11,11,11,11,11,11,7,7,7,7,7,1,7,7,7,7,2,1
2,2,2,2,2,2,2,2,11,11,11,11,11,11,11,11,11,11,11,11,11,1,11,11,11,11,3,1
2,2,2,2,2,2,2,2,11,11,11,11,11,11,11,11,11,11,11,11,11,1,11,11,11,11,3,1
2,2,2,2,2,2,2,2,11,11,11,11,11,11,11,11,11,11,11,11,11,1,11,11,11,11,3,1
2,2,2,2,2,2,2,2,11,11,11,11,11,11,11,11,11,11,11,11,11,1,11,11,11,11,3,1
2,2,2,2,2,2,2,2,11,11,11,11,11,11,11,11,7,7,7,7,7,1,7,7,7,7,3,1
2,2,2,2,2,2,2,2,11,11,11,11,11,11,11,11,7,7,7,7,7,1,7,7,7,7,3,1
2,2,2,2,2,2,2,2,11,11,11,11,11,11,11,11,11,11,11,11,11,1,11,11,11,11,3,1
2,2,2,2,2,2,2,2,11,11,11,11,11,11,11,11,11,11,11,11,11,1,11,11,11,11,3,1
2,2,2,2,2,2,2,2,11,11,11,11,11,11,11,11,7,7,7,7,7,1,7,7,7,7,3,1
2,2,2,2,2,2,2,2,11,11,11,11,11,11,11,11,7,7,7,7,7,1,7,7,7,7,3,1
2,2,2,2,2,2,2,2,11,11,11,11,11,11,11,11,7,7,7,7,7,1,7,7,7,7,3,1
2,2,2,2,2,2,2,2,11,11,11,11,11,11,11,11,7,7,7,7,7,1,7,7,7,7,3,1
2,2,2,2,2,2,2,2,11,11,11,11,11,11,11,11,7,7,7,7,7,1,7,7,7,7,3,1
2,2,2,2,2,2,2,2,11,11,11,11,11,11,11,11,7,7,7,7,7,1,7,7,7,7,3,1
2,2,2,2,2,2,2,2,11,11,11,11,11,11,11,11,11,11,11,11,11,1,11,11,11,11,4,1
2,2,2,2,2,2,2,2,11,11,11,11,11,11,11,11,11,11,11,11,11,1,11,11,11,11,4,1
2,2,2,2,2,2,2,2,11,11,11,11,11,11,11,11,11,11,11,11,11,1,11,11,11,11,4,1
2,2,2,2,2,2,2,2,11,11,11,11,11,11,11,11,11,11,11,11,11,1,11,11,11,11,4,1
2,2,2,2,2,2,2,2,11,11,11,11,11,11,11,11,11,11,11,11,11,1,11,11,11,11,4,1
2,2,2,2,2,2,2,2,11,11,11,11,11,11,11,11,11,11,11,11,11,1,11,11,11,11,4,1
2,2,2,2,2,2,2,2,11,11,11,11,11,11,11,11,11,11,11,11,11,1,11,11,11,11,4,1
2,2,2,2,2,2,2,2,11,11,11,11,11,11,11,11,11,11,11,11,11,1,11,11,11,11,4,1
2,2,2,2,2,2,2,2,11,11,11,11,11,11,11,11,11,11,11,11,11,1,11,11,11,11,4,1
2,2,2,2,2,2,2,2,11,11,11,11,11,11,11,11,11,11,11,11,11,1,11,11,11,11,4,1
2,2,2,2,2,2,2,2,11,11,11,11,11,11,11,11,11,11,11,11,11,1,11,11,11,11,4,1
2,2,2,2,2,2,2,2,11,11,11,11,11,11,11,11,11,11,11,11,11,1,11,11,11,11,4,1
2,2,2,2,2,2,2,2,11,11,11,11,11,11,11,11,11,11,11,11,11,1,11,11,11,11,4,1
2,2,2,2,2,2,2,2,11,11,11,11,11,11,11,11,11,11,11,11,11,1,11,11,11,11,5,1
2,2,2,2,2,2,2,2,11,11,11,11,11,11,11,11,11,11,11,11,11,1,11,11,11,11,5,1
2,2,2,2,2,2,2,2,11,11,11,11,11,11,11,11,7,7,7,7,7,1,7,7,7,7,5,1
2,2,2,2,2,2,2,2,11,11,11,11,11,11,11,11,7,7,7,7,7,1,7,7,7,7,5,1
2,2,2,2,2,2,2,2,11,11,11,11,11,11,11,11,7,7,7,7,7,1,7,7,7,7,5,1
2,2,2,2,2,2,2,2,11,11,11,11,11,11,11,11,11,11,11,11,11,1,11,11,11,11,5,1
2,2,2,2,2,2,2,2,11,11,11,11,11,11,11,11,11,11,11,11,11,1,11,11,11,11,5,1
2,2,2,2,2,2,2,2,11,11,11,11,11,11,11,11,7,7,7,7,7,1,7,7,7,7,5,1
2,2,2,2,2,2,2,2,11,11,11,11,11,11,11,11,7,7,7,7,7,1,7,7,7,7,5,1
2,2,2,2,2,2,2,2,11,11,11,11,11,11,11,11,11,11,11,11,11,1,11,11,11,11,5,1
2,2,2,2,2,2,2,2,11,11,11,11,11,11,11,11,7,7,7,7,7,1,7,7,7,7,5,1
2,2,2,2,2,2,2,2,11,11,11,11,11,11,11,11,7,7,7,7,7,1,7,7,7,7,5,1
2,2,2,2,2,2,2,2,11,11,11,11,11,11,11,11,11,11,11,11,11,1,11,11,11,11,5,1
1,1,1,1,1,1,1,1,1,1,1,1,1,1,17,17,17,17,17,17,17,1,17,17,1,1,5,1
2,2,2,2,2,2,2,2,11,11,11,11,11,11,11,11,7,7,7,7,7,1,7,7,7,7,6,1
2,2,2,2,2,2,2,2,11,11,11,11,11,11,11,11,7,7,7,7,7,1,7,7,7,7,6,1
2,2,2,2,2,2,2,2,11,11,11,11,11,11,11,11,7,7,7,7,7,1,7,7,7,7,6,1
2,2,2,2,2,2,2,2,11,11,11,11,11,11,11,11,7,7,7,7,7,1,7,7,7,7,6,1
2,2,2,2,2,2,2,2,11,11,11,11,11,11,11,11,7,7,7,7,7,1,7,7,7,7,6,1
2,2,2,2,2,2,2,2,11,11,11,11,11,11,11,11,7,7,7,7,7,1,7,7,7,7,6,1
2,2,2,2,2,2,2,2,11,11,11,11,11,11,11,11,7,7,7,7,7,1,7,7,7,7,6,1
2,2,2,2,2,2,2,2,11,11,11,11,11,11,11,11,7,7,7,7,7,1,7,7,7,7,6,1
2,2,2,2,2,2,2,2,11,11,11,11,11,11,11,11,7,7,7,7,7,1,7,7,7,7,6,1
2,2,2,2,2,2,2,2,11,11,11,11,11,11,11,11,7,7,7,7,7,1,7,7,7,7,6,1
2,2,2,2,2,2,2,2,11,11,11,11,11,11,11,11,7,7,7,7,7,1,7,7,7,7,6,1
2,2,2,2,2,2,2,2,11,11,11,11,11,11,11,11,7,7,7,7,7,1,7,7,7,7,6,1
2,2,2,2,2,2,2,2,11,11,11,11,11,11,11,11,7,7,7,7,7,1,7,7,7,7,6,1
1,1,1,1,1,1,1,1,1,1,1,1,1,1,17,17,17,17,17,17,17,1,17,17,1,1,6,1
2,2,2,2,7,7,7,7,2,2,13,13,13,13,13,13,19,19,19,19,19,1,19,19,19,19,7,1
2,2,2,2,7,7,7,7,2,2,13,13,13,13,13,13,19,19,19,19,19,1,19,19,19,19,7,1
2,2,2,2,7,7,7,7,2,2,13,13,13,13,13,13,19,19,19,19,19,1,19,19,19,19,7,1
2,2,2,2,7,7,7,7,2,2,13,13,13,13,13,13,19,19,19,19,19,1,19,19,19,19,7,1
2,2,2,2,7,7,7,7,2,2,13,13,13,13,13,13,19,19,19,19,19,1,19,19,19,19,7,1
2,2,2,2,7,7,7,7,2,2,13,13,13,13,13,13,19,19,19,19,19,1,19,19,19,19,7,1
2,2,2,2,7,7,7,7,2,2,13,13,13,13,13,13,19,19,19,19,19,1,19,19,19,19,7,1
2,2,2,2,7,7,7,7,2,2,13,13,13,13,13,13,19,19,19,19,19,1,19,19,19,19,7,1
2,2,2,2,7,7,7,7,7,7,7,7,7,7,7,7,19,19,19,19,19,1,19,19,19,19,7,1
2,2,2,2,7,7,7,7,7,7,7,7,7,7,7,7,19,19,19,19,19,1,19,19,19,19,7,1
2,2,2,2,7,7,7,7,7,7,7,7,7,7,7,7,19,19,19,19,19,1,19,19,19,19,7,1
2,2,2,2,7,7,7,7,7,7,7,7,7,7,7,7,19,19,19,19,19,1,19,19,19,19,7,1
2,2,2,2,7,7,7,7,7,7,7,7,7,7,7,7,19,19,19,19,19,1,19,19,19,19,7,1
2,2,2,2,7,7,7,7,2,2,13,13,13,13,13,13,19,19,19,19,19,1,19,19,19,19,8,1
2,2,2,2,7,7,7,7,2,2,13,13,13,13,13,13,19,19,19,19,19,1,19,19,19,19,8,1
2,2,2,2,7,7,7,7,2,2,13,13,13,13,13,13,19,19,19,19,19,1,19,19,19,19,8,1
2,2,2,2,7,7,7,7,2,2,13,13,13,13,13,13,19,19,19,19,19,1,19,19,19,19,8,1
2,2,2,2,7,7,7,7,2,2,13,13,13,13,13,13,19,19,19,19,19,1,19,19,19,19,8,1
2,2,2,2,7,7,7,7,7,7,7,7,7,7,7,7,19,19,19,19,19,1,19,19,19,19,8,1
2,2,2,2,7,7,7,7,7,7,7,7,7,7,7,7,19,19,19,19,19,1,19,19,19,19,8,1
2,2,2,2,7,7,7,7,7,7,7,7,7,7,7,7,19,19,19,19,19,1,19,19,19,19,8,1
2,2,2,2,7,7,7,7,7,7,7,7,7,7,7,7,19,19,19,19,19,1,19,19,19,19,8,1
2,2,2,2,7,7,7,7,7,7,7,7,7,7,7,7,19,19,19,19,19,1,19,19,19,19,8,1
2,2,2,2,7,7,7,7,7,7,7,7,7,7,7,7,19,19,19,19,19,1,19,19,19,19,8,1
2,2,2,2,7,7,7,7,7,7,7,7,7,7,7,7,19,19,19,19,19,1,19,19,19,19,8,1
2,2,2,2,7,7,7,7,7,7,7,7,7,7,7,7,19,19,19,19,19,1,19,19,19,19,8,1
2,2,2,2,7,7,7,7,2,2,13,13,13,13,13,13,13,13,13,13,13,1,13,13,13,13,9,1
2,2,2,2,7,7,7,7,2,2,13,13,13,13,13,13,13,13,13,13,13,1,13,13,13,13,9,1
2,2,2,2,7,7,7,7,2,2,13,13,13,13,13,13,13,13,13,13,13,1,13,13,13,13,9,1
2,2,2,2,7,7,7,7,2,2,13,13,13,13,13,13,13,13,13,13,13,1,13,13,13,13,9,1
2,2,2,2,7,7,7,7,2,2,13,13,13,13,13,13,13,13,13,13,13,1,13,13,13,13,9,1
2,2,2,2,7,7,7,7,7,7,7,7,7,7,7,7,13,13,13,13,13,1,13,13,13,13,9,1
2,2,2,2,7,7,7,7,7,7,7,7,7,7,7,7,13,13,13,13,13,1,13,13,13,13,9,1
2,2,2,2,7,7,7,7,7,7,7,7,7,7,7,7,13,13,13,13,13,1,13,13,13,13,9,1
2,2,2,2,7,7,7,7,7,7,7,7,7,7,7,7,13,13,13,13,13,1,13,13,13,13,9,1
2,2,2,2,7,7,7,7,7,7,7,7,7,7,7,7,13,13,13,13,13,1,13,13,13,13,9,1
2,2,2,2,7,7,7,7,7,7,7,7,7,7,7,7,13,13,13,13,13,1,13,13,13,13,9,1
2,2,2,2,7,7,7,7,7,7,7,7,7,7,7,7,13,13,13,13,13,1,13,13,13,13,9,1
2,2,2,2,7,7,7,7,7,7,7,7,7,7,7,7,13,13,13,13,13,1,13,13,13,13,9,1
2,2,2,2,7,7,7,7,2,2,13,13,13,13,13,13,13,13,13,13,13,1,13,13,13,13,10,1
2,2,2,2,7,7,7,7,2,2,13,13,13,13,13,13,13,13,13,13,13,1,13,13,13,13,10,1
2,2,2,2,7,7,7,7,2,2,13,13,13,13,13,13,13,13,13,13,13,1,13,13,13,13,10,1
2,2,2,2,7,7,7,7,2,2,13,13,13,13,13,13,13,13,13,13,13,1,13,13,13,13,10,1
2,2,2,2,7,7,7,7,2,2,13,13,13,13,13,13,13,13,13,13,13,1,13,13,13,13,10,1
2,2,2,2,7,7,7,7,7,7,2,2,2,2,2,2,2,2,2,2,2,1,2,2,2,2,10,1
2,2,2,2,7,7,7,7,7,7,2,2,2,2,2,2,2,2,2,2,2,1,2,2,2,2,10,1
2,2,2,2,7,7,7,7,7,7,2,2,2,2,2,2,13,13,13,13,13,1,13,13,13,13,10,1
2,2,2,2,7,7,7,7,7,7,7,7,7,7,7,7,13,13,13,13,13,1,13,13,13,13,10,1
2,2,2,2,7,7,7,7,7,7,7,7,7,7,7,7,13,13,13,13,13,1,13,13,13,13,10,1
2,2,2,2,7,7,7,7,7,7,7,7,7,7,7,7,13,13,13,13,13,1,13,13,13,13,10,1
2,2,2,2,7,7,7,7,7,7,7,7,7,7,7,7,13,13,13,13,13,1,13,13,13,13,10,1
2,2,2,2,7,7,7,7,7,7,7,7,7,7,7,7,13,13,13,13,13,1,13,13,13,13,10,1
2,2,2,2,7,7,7,7,2,2,2,2,2,2,2,2,2,2,2,2,2,1,2,2,2,2,11,1
2,2,2,2,7,7,7,7,2,2,2,2,2,2,2,2,2,2,2,2,2,1,2,2,2,2,11,1
2,2,2,2,7,7,7,7,2,2,2,2,2,2,2,2,2,2,2,2,2,1,2,2,2,2,11,1
2,2,2,2,7,7,7,7,7,7,2,2,2,2,2,2,2,2,2,2,2,1,2,2,2,2,11,1
2,2,2,2,7,7,7,7,2,2,2,2,2,2,2,2,2,2,2,2,2,1,2,2,2,2,11,1
2,2,2,2,7,7,7,7,7,7,2,2,2,2,2,2,2,2,2,2,2,1,2,2,2,2,11,1
2,2,2,2,7,7,7,7,7,7,2,2,2,2,2,2,2,2,2,2,2,1,2,2,2,2,11,1
2,2,2,2,7,7,7,7,7,7,2,2,2,2,2,2,2,2,2,2,2,1,2,2,2,2,11,1
2,2,2,2,7,7,7,7,7,7,2,2,2,2,2,2,2,2,2,2,2,1,2,2,2,2,11,1
2,2,2,2,7,7,7,7,7,7,2,2,2,2,2,2,2,2,2,2,2,1,2,2,2,2,11,1
2,2,2,2,7,7,7,7,7,7,2,2,2,2,2,2,2,2,2,2,2,1,2,2,2,2,11,1
2,2,2,2,7,7,7,7,7,7,2,2,2,2,2,2,2,2,2,2,2,1,2,2,2,2,11,1
2,2,2,2,7,7,7,7,7,7,2,2,2,2,2,2,2,2,2,2,2,1,2,2,2,2,11,1
2,2,2,2,7,7,9,9,9,9,9,9,9,9,9,9,9,9,9,9,9,1,9,9,9,9,12,1
2,2,2,2,7,7,9,9,9,9,9,9,9,9,9,9,9,9,9,9,9,1,9,9,9,9,12,1
2,2,2,2,7,7,9,9,9,9,9,9,9,9,9,9,9,9,9,9,9,1,9,9,9,9,12,1
2,2,2,2,7,7,9,9,9,9,9,9,9,9,9,9,9,9,9,9,9,1,9,9,9,9,12,1
2,2,2,2,7,7,9,9,9,9,9,9,9,9,9,9,9,9,9,9,9,1,9,9,9,9,12,1
2,2,2,2,7,7,9,9,9,9,9,9,9,9,9,9,9,9,9,9,9,1,9,9,9,9,12,1
2,2,2,2,7,7,9,9,9,9,9,9,9,9,9,9,9,9,9,9,9,1,9,9,9,9,12,1
2,2,2,2,7,7,9,9,9,9,9,9,9,9,9,9,9,9,9,9,9,1,9,9,9,9,12,1
2,2,2,2,7,7,9,9,9,9,9,9,9,9,9,9,9,9,9,9,9,1,9,9,9,9,12,1
2,2,2,2,7,7,9,9,9,9,9,9,9,9,9,9,9,9,9,9,9,1,9,9,9,9,12,1
2,2,2,2,7,7,9,9,9,9,9,9,9,9,9,9,9,9,9,9,9,1,9,9,9,9,12,1
2,2,2,2,7,7,9,9,9,9,9,9,9,9,9,9,9,9,9,9,9,1,9,9,9,9,12,1
2,2,2,2,7,7,9,9,9,9,9,9,9,9,9,9,9,9,9,9,9,1,9,9,9,9,12,1
1,1,1,1,1,1,1,1,1,1,1,1,1,1,1,1,1,1,1,1,1,1,1,1,26,26,13,1
1,1,1,1,1,1,1,1,1,1,1,1,1,1,1,1,1,1,1,1,1,1,1,1,26,26,13,1
1,1,1,1,1,1,1,1,1,1,1,1,1,1,1,1,1,1,1,1,1,1,1,1,26,26,13,1
1,1,1,1,1,1,1,1,1,1,1,1,1,1,1,1,1,1,1,1,1,1,1,1,26,26,13,1
1,1,1,1,1,1,1,1,1,1,1,1,1,1,1,1,1,1,1,1,1,1,1,1,26,26,13,1
1,1,1,1,1,1,1,1,1,1,1,1,1,1,1,1,1,1,1,1,1,1,1,1,26,26,13,1
1,1,1,1,1,1,1,1,1,1,1,1,1,1,1,1,1,1,1,1,1,1,1,1,26,26,13,1
1,1,1,1,1,1,1,1,1,1,1,1,1,1,1,1,1,1,1,1,1,1,1,1,26,26,13,1
1,1,1,1,1,1,1,1,1,1,1,1,1,1,1,1,1,1,1,1,1,1,1,1,26,26,13,1
1,1,1,1,1,1,1,1,1,1,1,1,1,1,1,1,1,1,1,1,1,1,1,1,26,26,13,1
1,1,1,1,1,1,1,1,1,1,1,1,1,1,1,1,1,1,1,1,1,1,1,1,26,26,13,1
1,1,1,1,1,1,1,1,1,1,1,1,1,1,1,1,1,1,1,1,1,1,1,1,26,26,13,1
1,1,1,1,1,1,1,1,1,1,1,1,1,1,1,1,1,1,1,1,1,1,1,1,26,26,13,1
2,2,3,3,3,3,3,3,3,12,12,12,12,12,12,12,12,12,12,12,12,1,12,12,12,12,14,1
2,2,3,3,3,3,3,3,3,12,12,12,12,12,12,12,12,12,12,12,12,1,12,12,12,12,14,1
2,2,3,3,3,3,3,3,3,12,12,12,12,12,12,12,12,12,12,12,12,1,12,12,12,12,14,1
2,2,3,3,3,3,3,3,3,12,12,12,12,12,12,12,12,12,12,12,12,1,12,12,12,12,14,1
2,2,3,3,3,3,3,3,3,12,12,12,12,12,12,12,12,12,12,12,12,1,12,12,12,12,14,1
2,2,3,3,3,3,3,3,3,12,12,12,12,12,12,12,12,12,12,12,12,1,12,12,12,12,14,1
2,2,3,3,3,3,3,3,3,12,12,12,12,12,12,12,12,12,12,12,12,1,12,12,12,12,14,1
2,2,3,3,3,3,3,3,3,12,12,12,12,12,12,12,12,12,12,12,12,1,12,12,12,12,14,1
2,2,3,3,3,3,3,3,3,12,12,12,12,12,12,12,12,12,12,12,12,1,12,12,12,12,14,1
2,2,3,3,3,3,3,3,3,12,12,12,12,12,12,12,12,12,12,12,12,1,12,12,12,12,14,1
2,2,3,3,3,3,3,3,3,12,12,12,12,12,12,12,12,12,12,12,12,1,12,12,12,12,14,1
2,2,3,3,3,3,3,3,3,12,12,12,12,12,12,12,12,12,12,12,12,1,12,12,12,12,14,1
2,2,3,3,3,3,3,3,3,12,12,12,12,12,12,12,12,12,12,12,12,1,12,12,12,12,14,1
2,2,3,3,3,3,3,3,3,12,12,6,6,6,6,6,6,6,6,6,6,1,6,12,12,12,15,1
2,2,3,3,3,3,3,3,3,12,12,6,6,6,6,6,6,6,6,6,6,1,6,12,12,12,15,1
2,2,3,3,3,3,3,3,3,12,12,6,6,6,6,6,6,6,6,6,6,1,6,12,12,12,15,1
2,2,3,3,3,3,3,3,3,12,12,6,6,6,6,6,6,6,6,6,6,1,6,12,12,12,15,1
2,2,3,3,3,3,3,3,3,12,12,6,6,6,6,6,6,6,6,6,6,1,6,12,12,12,15,1
2,2,3,3,3,3,3,3,3,12,12,6,6,6,6,6,6,6,6,6,6,1,6,12,12,12,15,1
2,2,3,3,3,3,3,3,3,12,12,6,6,6,6,6,6,6,6,6,6,1,6,12,12,12,15,1
2,2,3,3,3,3,3,3,3,12,12,6,6,6,6,6,6,6,6,6,6,1,6,12,12,12,15,1
2,2,3,3,3,3,3,3,3,12,12,6,6,6,6,6,6,6,6,6,6,1,6,12,12,12,15,1
2,2,3,3,3,3,3,3,3,12,12,6,6,6,6,6,6,6,6,6,6,1,6,12,12,12,15,1
2,2,3,3,3,3,3,3,3,12,12,6,6,6,6,6,6,6,6,6,6,1,6,12,12,12,15,1
2,2,3,3,3,3,3,3,3,12,12,6,6,6,6,6,6,6,6,6,6,1,6,12,12,12,15,1
2,2,3,3,3,3,3,3,3,12,12,6,6,6,6,6,6,6,6,6,6,1,6,12,12,12,15,1
2,2,3,3,3,3,3,3,3,12,12,6,6,6,6,6,6,6,6,6,6,1,6,3,3,3,16,1
2,2,3,3,3,3,3,3,3,12,12,6,6,6,6,6,6,6,6,6,6,1,6,3,3,3,16,1
2,2,3,3,3,3,3,3,3,12,12,6,6,6,6,6,6,6,6,6,6,1,6,3,3,3,16,1
2,2,3,3,3,3,3,3,3,12,12,6,6,6,6,6,6,6,6,6,6,1,6,3,3,3,16,1
2,2,3,3,3,3,3,3,3,12,12,6,6,6,6,6,6,6,6,6,6,1,6,3,3,3,16,1
2,2,3,3,3,3,3,3,3,12,12,6,6,6,6,6,6,6,6,6,6,1,6,3,3,3,16,1
2,2,3,3,3,3,3,3,3,12,12,6,6,6,6,6,6,6,6,6,6,1,6,3,3,3,16,1
2,2,3,3,3,3,3,3,3,12,12,6,6,6,6,6,6,6,6,6,6,1,6,3,3,3,16,1
2,2,3,3,3,3,3,3,3,12,12,6,6,6,6,6,6,6,6,6,6,1,6,3,3,3,16,1
2,2,3,3,3,3,3,3,3,12,12,6,6,6,6,6,6,6,6,6,6,1,6,3,3,3,16,1
2,2,3,3,3,3,3,3,3,12,12,6,6,6,6,6,6,6,6,6,6,1,6,3,3,3,16,1
2,2,3,3,3,3,3,3,3,12,12,6,6,6,6,6,6,6,6,6,6,1,6,3,3,3,16,1
2,2,3,6,6,6,6,6,6,6,6,14,14,14,14,14,14,14,14,14,14,1,14,14,14,14,16,1
2,2,3,3,3,3,3,3,3,12,12,6,6,6,6,6,6,6,6,6,6,1,6,3,3,3,17,1
2,2,3,3,3,3,3,3,3,12,12,6,6,6,6,6,6,6,6,6,6,1,6,3,3,3,17,1
2,2,3,3,3,3,3,3,3,12,12,6,6,6,6,6,6,6,6,6,6,1,6,3,3,3,17,1
2,2,3,3,3,3,3,3,3,12,12,6,6,6,6,6,6,6,6,6,6,1,6,3,3,3,17,1
2,2,3,3,3,3,3,3,3,12,12,6,6,6,6,6,6,6,6,6,6,1,6,3,3,3,17,1
2,2,3,3,3,3,3,3,3,12,12,6,6,6,6,6,6,6,6,6,6,1,6,3,3,3,17,1
2,2,3,3,3,3,3,3,3,12,12,6,6,6,6,6,6,6,6,6,6,1,6,3,3,3,17,1
2,2,3,3,3,3,3,3,3,12,12,6,6,6,6,6,6,6,6,6,6,1,6,3,3,3,17,1
2,2,3,3,3,3,3,3,3,12,12,6,6,6,6,6,6,6,6,6,6,1,6,3,3,3,17,1
2,2,3,3,3,3,3,3,3,12,12,6,6,6,6,6,6,6,6,6,6,1,6,3,3,3,17,1
2,2,3,3,3,3,3,3,3,12,12,6,6,6,6,6,6,6,6,6,6,1,6,3,3,3,17,1
2,2,3,3,3,3,3,3,3,12,12,6,6,6,6,6,6,6,6,6,6,1,6,3,3,3,17,1
2,2,3,3,3,3,3,3,3,12,12,6,6,6,6,6,6,6,6,6,6,1,6,3,3,3,17,1
2,2,3,3,3,3,3,3,3,12,12,6,6,6,6,6,6,6,6,6,6,1,6,3,3,3,18,1
2,2,3,3,3,3,3,3,3,12,12,6,6,6,6,6,6,6,6,6,6,1,6,3,3,3,18,1
2,2,3,3,3,3,3,3,3,12,12,6,6,6,6,6,6,6,6,6,6,1,6,3,3,3,18,1
2,2,3,3,3,3,3,3,3,12,12,6,6,6,6,6,6,6,6,6,6,1,6,3,3,3,18,1
2,2,3,3,3,3,3,3,3,12,12,6,6,6,6,6,6,6,6,6,6,1,6,3,3,3,18,1
2,2,3,3,3,3,3,3,3,12,12,6,6,6,6,6,6,6,6,6,6,1,6,3,3,3,18,1
2,2,3,3,3,3,3,3,3,12,12,6,6,6,6,6,6,6,6,6,6,1,6,3,3,3,18,1
2,2,3,3,3,3,3,3,3,12,12,6,6,6,6,6,6,6,6,6,6,1,6,3,3,3,18,1
2,2,3,3,3,3,3,3,3,12,12,6,6,6,6,6,6,6,6,6,6,1,6,3,3,3,18,1
2,2,3,3,3,3,3,3,3,12,12,6,6,6,6,6,6,6,6,6,6,1,6,3,3,3,18,1
2,2,3,3,3,3,3,3,3,12,12,6,6,6,6,6,6,6,6,6,6,1,6,3,3,3,18,1
2,2,3,3,3,3,3,3,3,12,12,6,6,6,6,6,6,6,6,6,6,1,6,3,3,3,18,1
2,2,3,3,3,3,3,3,3,12,12,6,6,6,6,6,6,6,6,6,6,1,6,3,3,3,18,1
2,2,3,6,6,6,6,6,6,6,6,14,14,14,14,14,14,14,14,14,14,1,14,14,14,14,19,1
2,2,3,6,6,6,6,6,6,6,6,14,14,14,14,14,14,14,14,14,14,1,14,14,14,14,19,1
2,2,3,6,6,6,6,6,6,6,6,14,14,14,14,14,14,14,14,14,14,1,14,14,14,14,19,1
2,2,3,6,6,6,6,6,6,6,6,14,14,14,14,14,14,14,14,14,14,1,14,14,14,14,19,1
2,2,3,6,6,6,6,6,6,6,6,14,14,14,14,14,14,14,14,14,14,1,14,14,14,14,19,1
2,2,3,6,6,6,6,6,6,6,6,14,14,14,14,14,14,14,14,14,14,1,14,14,14,14,19,1
2,2,3,6,6,6,6,6,6,6,6,14,14,14,14,14,14,14,14,14,14,1,14,14,14,14,19,1
2,2,3,6,6,6,6,6,6,6,6,14,14,14,14,14,14,14,14,14,14,1,14,14,14,14,19,1
2,2,3,6,6,6,6,6,6,6,6,14,14,14,14,14,14,14,14,14,14,1,14,14,14,14,19,1
2,2,3,6,6,6,6,6,6,6,6,14,14,14,14,14,14,14,14,14,14,1,14,14,14,14,19,1
2,2,3,6,6,6,6,6,6,6,6,14,14,14,14,14,14,14,14,14,14,1,14,14,14,14,19,1
2,2,3,6,6,6,6,6,6,6,6,14,14,14,14,14,14,14,14,14,14,1,14,14,14,14,19,1
2,2,3,6,6,6,6,6,6,6,6,14,14,14,14,14,14,14,14,14,14,1,14,14,14,14,19,1
2,2,3,6,6,6,6,6,6,6,6,14,14,14,14,14,14,14,14,14,14,1,14,14,14,14,20,1
2,2,3,6,6,6,6,6,6,6,6,14,14,14,14,14,14,14,14,14,14,1,14,14,14,14,20,1
2,2,3,6,6,6,6,6,6,6,6,14,14,14,14,14,14,14,14,14,14,1,14,14,14,14,20,1
1,1,1,1,1,1,1,1,1,1,1,1,1,1,1,1,1,1,1,1,1,1,1,1,26,26,20,1
2,2,3,6,6,6,6,6,6,6,6,14,14,14,14,14,14,14,14,14,14,1,14,14,14,14,20,1
2,2,3,6,6,6,6,6,6,6,6,14,14,14,14,14,14,14,14,14,14,1,14,14,14,14,20,1
2,2,3,6,6,6,6,6,6,6,6,14,14,14,14,14,14,14,14,14,14,1,14,14,14,14,20,1
1,1,3,6,6,6,6,6,6,6,6,14,14,14,1,1,1,1,1,1,1,1,1,1,26,26,20,1
2,2,3,6,6,6,6,6,6,6,6,14,14,14,14,14,14,14,14,14,14,1,14,14,14,14,20,1
1,1,1,1,1,1,1,1,1,1,1,1,1,1,1,1,1,1,1,1,1,1,1,1,26,26,20,1
2,2,3,6,6,6,6,6,6,6,6,14,14,14,14,14,14,14,14,14,14,1,14,14,14,14,20,1
2,2,3,6,6,6,6,6,6,6,6,14,14,14,14,14,14,14,14,14,14,1,14,14,14,14,20,1
2,2,3,6,6,6,6,6,6,6,6,14,14,14,14,14,14,14,14,14,14,1,14,14,14,14,20,1
2,2,3,3,3,3,3,3,3,3,3,3,3,3,3,3,3,3,3,3,3,1,3,25,25,25,21,1
2,2,3,3,3,3,3,3,3,3,3,3,3,3,3,3,3,3,3,3,3,1,3,25,25,25,21,1
2,2,3,3,3,3,3,3,3,3,3,3,3,3,3,3,3,3,3,3,3,1,3,25,25,25,21,1
2,2,3,3,3,3,3,3,3,3,3,3,3,3,3,3,3,3,3,3,3,1,3,25,25,25,21,1
2,2,3,3,3,3,3,3,3,3,3,3,3,3,3,3,3,3,3,3,3,1,3,25,25,25,21,1
2,2,3,3,3,3,3,3,3,3,3,3,3,3,3,3,3,3,3,3,3,1,3,25,25,25,21,1
2,2,3,3,3,3,3,3,3,3,3,3,3,3,3,3,3,3,3,3,3,1,3,25,25,25,21,1
1,1,1,1,1,1,1,1,1,1,1,1,1,1,1,1,1,1,1,1,1,1,1,1,26,26,21,1
1,1,1,1,1,1,1,1,1,1,1,1,1,1,1,1,1,1,1,1,1,1,1,1,26,26,21,1
1,1,1,1,1,1,1,1,1,1,1,1,1,1,1,1,1,1,1,1,1,1,1,1,26,26,21,1
1,1,1,1,1,1,1,1,1,1,1,1,1,1,1,1,1,1,1,1,1,1,1,1,26,26,21,1
1,1,1,1,1,1,1,1,1,1,1,1,1,1,1,1,1,1,1,1,1,1,1,1,26,26,21,1
1,1,1,1,1,1,1,1,1,1,1,1,1,1,1,1,1,1,1,1,1,1,1,1,26,26,21,1
2,2,3,3,3,3,3,3,3,3,3,3,3,3,3,3,3,3,3,3,3,1,3,6,6,6,22,1
2,2,3,3,3,3,3,3,3,3,3,3,3,3,3,3,3,3,3,3,3,1,3,6,6,6,22,1
2,2,3,3,3,3,3,3,3,3,3,3,3,3,3,3,3,3,3,3,3,1,3,6,6,6,22,1
2,2,3,3,3,3,3,3,3,3,3,3,3,3,3,3,3,3,3,3,3,1,3,6,6,6,22,1
2,2,3,3,3,3,3,3,3,3,3,3,3,3,3,3,3,3,3,3,3,1,3,6,6,6,22,1
1,1,1,1,1,1,1,1,1,1,1,1,1,1,1,1,1,1,1,1,1,1,1,1,26,26,22,1
1,1,1,1,1,1,1,1,1,1,1,1,1,1,1,1,1,1,1,1,1,1,1,1,26,26,22,1
1,1,1,1,1,1,1,1,1,1,1,1,1,1,1,1,1,1,1,1,1,1,1,1,26,26,22,1
1,1,1,1,1,1,1,1,1,1,1,1,1,1,1,1,1,1,1,1,1,1,1,1,26,26,22,1
1,1,1,1,1,1,1,1,1,1,1,1,1,1,1,1,1,1,1,1,1,1,1,1,26,26,22,1
1,1,1,1,1,1,1,1,1,1,1,1,1,1,1,1,1,1,1,1,1,1,1,1,26,26,22,1
1,1,1,1,1,1,1,1,1,1,1,1,1,1,1,1,1,1,1,1,1,1,1,1,26,26,22,1
1,1,1,1,1,1,1,1,1,1,1,1,1,1,1,1,1,1,1,1,1,1,1,1,26,26,22,1
2,2,3,3,3,3,3,3,3,3,3,3,3,3,3,3,3,3,3,3,3,1,3,6,6,6,23,1
2,2,3,3,3,3,3,3,3,3,3,3,3,3,3,3,3,3,3,3,3,1,3,6,6,6,23,1
2,2,3,3,3,3,3,3,3,3,3,3,3,3,3,3,3,3,3,3,3,1,3,6,6,6,23,1
2,2,3,3,3,3,3,3,3,3,3,3,3,3,3,3,3,3,3,3,3,1,3,6,6,6,23,1
2,2,3,3,3,3,3,3,3,3,3,3,3,3,3,3,3,3,3,3,3,1,3,6,6,6,23,1
2,2,3,6,6,6,6,6,6,6,6,14,14,14,14,14,14,14,14,14,14,1,14,14,14,14,23,1
2,2,3,3,3,3,3,3,3,3,3,3,3,3,3,3,3,3,3,3,3,1,3,6,6,6,23,1
2,2,3,3,3,3,3,3,3,3,3,3,3,3,3,3,3,3,3,3,3,1,3,6,6,6,23,1
2,2,3,3,3,3,3,3,3,3,3,3,3,3,3,3,3,3,3,3,3,1,3,6,6,6,23,1
2,2,3,3,3,3,3,3,3,3,3,3,3,3,3,3,3,3,3,3,3,1,3,6,6,6,23,1
2,2,3,3,3,3,3,3,3,3,3,3,3,3,3,3,3,3,3,3,3,1,3,6,6,6,23,1
2,2,3,3,3,3,3,3,3,3,3,3,3,3,3,3,3,3,3,3,3,1,3,6,6,6,23,1
2,2,3,3,3,3,3,3,3,3,3,3,3,3,3,3,3,3,3,3,3,1,3,6,6,6,23,1
2,2,3,3,3,3,3,3,3,3,3,3,3,3,3,3,3,3,3,3,3,1,3,25,25,25,24,1
2,2,3,3,3,3,3,3,3,3,3,3,3,3,3,3,3,3,3,3,3,1,3,25,25,25,24,1
2,2,3,3,3,3,3,3,3,3,3,3,3,3,3,3,3,3,3,3,3,1,3,25,25,25,24,1
2,2,3,3,3,3,3,3,3,3,3,3,3,3,3,3,3,3,3,3,3,1,3,25,25,25,24,1
2,2,3,3,3,3,3,3,3,3,3,3,3,3,3,3,3,3,3,3,3,1,3,25,25,25,24,1
2,2,3,3,3,3,3,3,3,3,3,3,3,3,3,3,3,3,3,3,3,1,3,25,25,25,24,1
2,2,3,3,3,3,3,3,3,3,3,3,3,3,3,3,3,3,3,3,3,1,3,25,25,25,24,1
1,1,1,1,1,1,1,1,1,1,1,1,1,1,1,1,1,1,1,1,1,1,1,1,26,26,24,1
2,2,3,3,3,3,3,3,3,3,3,3,3,3,3,3,3,3,3,3,3,1,3,25,25,25,25,1
2,2,3,3,3,3,3,3,3,3,3,3,3,3,3,3,3,3,3,3,3,1,3,25,25,25,25,1
2,2,3,3,3,3,3,3,3,3,3,3,3,3,3,3,3,3,3,3,3,1,3,25,25,25,25,1
2,2,3,3,3,3,3,3,3,3,3,3,3,3,3,3,3,3,3,3,3,1,3,25,25,25,25,1
2,2,3,3,3,3,3,3,3,3,3,3,3,3,3,3,3,3,3,3,3,1,3,25,25,25,25,1
2,2,3,3,3,3,3,3,3,3,3,3,3,3,3,3,3,3,3,3,3,1,3,25,25,25,25,1
2,2,3,3,3,3,3,3,3,3,3,3,3,3,3,3,3,3,3,3,3,1,3,25,25,25,25,1
2,2,3,3,3,3,3,3,3,3,3,3,3,3,3,3,3,3,3,3,3,1,3,25,25,25,25,1
2,2,3,3,3,3,3,3,3,3,3,3,3,3,3,3,3,3,3,3,3,1,3,25,25,25,25,1
2,2,3,3,3,3,3,3,3,3,3,3,3,3,3,3,3,3,3,3,3,1,3,25,25,25,25,1
2,2,3,3,3,3,3,3,3,3,3,3,3,3,3,3,3,3,3,3,3,1,3,25,25,25,25,1
2,2,3,3,3,3,3,3,3,3,3,3,3,3,3,3,3,3,3,3,3,1,3,25,25,25,25,1
2,2,3,3,3,3,3,3,3,3,3,3,3,3,3,3,3,3,3,3,3,1,3,25,25,25,25,1
1,1,1,1,1,1,1,1,1,1,1,1,1,1,17,17,17,17,17,17,17,1,17,17,1,1,26,1
1,1,1,1,1,1,1,1,1,1,1,1,1,1,17,17,17,17,17,17,17,1,17,17,1,1,26,1
1,1,1,1,1,1,1,1,1,1,1,1,1,1,17,17,17,17,17,17,17,1,17,17,1,1,26,1
1,1,1,1,1,1,1,1,1,1,1,1,1,1,17,17,17,17,17,17,17,1,17,17,1,1,26,1
1,1,1,1,1,1,1,1,1,1,1,1,1,1,17,17,17,17,17,17,17,1,17,17,1,1,26,1
1,1,1,1,1,1,1,1,1,1,1,1,1,1,17,17,17,17,17,17,17,1,17,17,1,1,26,1
1,1,1,1,1,1,1,1,1,1,1,1,1,1,17,17,17,17,17,17,17,1,17,17,1,1,26,1
1,1,1,1,1,1,1,1,1,1,1,1,1,1,17,17,17,17,17,17,17,1,17,17,1,1,26,1
1,1,1,1,1,1,1,1,1,1,1,1,1,1,17,17,17,17,17,17,17,1,17,17,1,1,26,1
1,1,1,1,1,1,1,1,1,1,1,1,1,1,17,17,17,17,17,17,17,1,17,17,1,1,26,1
1,1,1,1,1,1,1,1,1,1,1,1,1,1,17,17,17,17,17,17,17,1,17,17,1,1,26,1
1,1,1,1,1,1,1,1,1,1,1,1,1,1,17,17,17,17,17,17,17,1,17,17,1,1,26,1
1,1,1,1,1,1,1,1,1,1,1,1,1,1,17,17,17,17,17,17,17,1,17,17,1,1,26,1
1,1,1,1,1,1,1,1,1,1,1,1,1,1,17,17,17,17,17,17,17,1,17,17,1,1,26,1
1,1,1,1,1,1,1,1,1,1,1,1,1,1,17,17,17,17,17,17,17,1,17,17,1,1,26,1
3,3,5,5,5,8,8,8,8,8,8,8,15,15,15,15,15,15,15,15,15,2,15,15,15,27,27,2
3,3,5,5,5,8,8,8,8,8,8,8,15,15,15,15,15,15,15,15,15,2,15,15,15,27,27,2
3,3,5,5,5,8,8,8,8,8,8,8,15,15,15,15,15,15,15,15,15,2,15,15,15,27,27,2
2,4,4,4,4,4,4,4,4,4,4,4,4,4,4,4,4,4,4,22,22,1,22,22,22,22,28,1
2,4,4,4,4,4,4,4,4,4,4,4,4,4,4,4,4,4,4,22,22,1,22,22,22,22,28,1
2,4,4,4,4,4,4,4,4,4,4,4,4,4,4,4,4,4,4,22,22,1,22,22,22,22,28,1
2,4,4,4,4,4,4,4,4,4,4,4,4,4,4,4,4,4,4,22,22,1,22,22,22,22,28,1
2,4,4,4,4,4,4,4,4,4,4,4,4,4,4,4,4,4,4,22,22,1,22,22,22,22,28,1
2,4,4,4,4,4,4,4,4,4,4,4,4,4,4,4,4,4,4,22,22,1,22,22,22,22,28,1
2,4,4,4,4,4,4,4,4,4,4,4,4,4,4,4,4,4,4,22,22,1,22,22,22,22,28,1
2,4,4,4,4,4,4,4,4,4,4,4,4,4,4,4,4,4,4,22,22,1,22,22,22,22,28,1
2,4,4,4,4,4,4,4,4,4,4,4,4,4,4,4,4,4,4,22,22,1,22,22,22,22,28,1
2,4,4,4,4,4,4,4,4,4,4,4,4,4,4,4,4,4,4,22,22,1,22,22,22,22,28,1
2,4,4,4,4,4,4,4,4,4,4,4,4,4,4,4,4,4,4,22,22,1,22,22,22,22,28,1
2,4,4,4,4,4,4,4,4,4,4,4,4,4,4,4,4,4,4,22,22,1,22,22,22,22,28,1
2,4,4,4,4,4,4,4,4,4,4,4,4,4,4,4,4,4,4,22,22,1,22,22,22,22,28,1
2,4,4,4,4,4,4,4,4,4,4,4,4,4,4,4,4,4,4,22,22,1,22,22,22,22,28,1
2,4,4,4,4,4,4,4,4,4,4,4,4,4,4,4,4,4,4,22,22,1,22,22,22,22,29,1
2,4,4,4,4,4,4,4,4,4,4,4,4,4,4,4,4,4,4,22,22,1,22,22,22,22,29,1
2,4,4,4,4,4,4,4,4,4,4,4,4,4,4,4,4,4,4,22,22,1,22,22,22,22,29,1
2,4,4,4,4,4,4,4,4,4,4,4,4,4,4,18,18,18,4,22,22,1,22,22,22,22,29,1
2,4,4,4,4,4,4,4,4,4,4,4,4,4,4,4,4,4,4,22,22,1,22,22,22,22,29,1
2,4,4,4,4,4,4,4,4,4,4,4,4,4,4,4,4,4,4,22,22,1,22,22,22,22,29,1
2,4,4,4,4,4,4,4,4,4,4,4,4,4,4,18,18,18,18,22,22,1,22,22,22,22,29,1
2,4,4,4,4,4,4,4,4,4,4,4,4,4,4,18,18,18,18,22,22,1,22,22,22,22,29,1
2,4,4,4,4,4,4,4,4,4,4,4,4,4,4,18,18,18,18,22,22,1,22,22,22,22,29,1
2,4,4,4,4,4,4,4,4,4,4,4,4,4,4,18,18,18,18,22,22,1,22,22,22,22,29,1
2,4,4,4,4,4,4,4,4,4,4,4,4,4,4,18,18,18,18,22,22,1,22,22,22,22,29,1
2,4,4,4,4,4,4,4,4,4,4,4,4,4,4,18,18,18,4,22,22,1,22,22,22,22,29,1
2,4,4,4,4,4,4,4,4,4,4,4,4,4,4,18,18,18,18,22,22,1,22,22,22,22,29,1
2,4,4,4,4,4,4,4,4,4,4,4,4,4,4,18,18,18,18,22,22,1,22,22,22,22,29,1
1,1,1,1,1,1,1,1,1,1,1,1,1,1,17,17,17,17,17,17,17,1,17,17,17,17,30,1
1,1,1,1,1,1,1,1,1,1,1,1,1,1,17,17,17,17,17,17,17,1,17,17,17,17,30,1
1,1,1,1,1,1,1,1,1,1,1,1,1,1,17,17,17,17,17,17,17,1,17,17,17,17,30,1
1,1,1,1,1,1,1,1,1,1,1,1,1,1,17,17,17,17,17,17,17,1,17,17,17,17,30,1
1,1,1,1,1,1,1,1,1,1,1,1,1,1,17,17,17,17,17,17,17,1,17,17,17,17,30,1
1,1,1,1,1,1,1,1,1,1,1,1,1,1,17,17,17,17,17,17,17,1,17,17,17,17,30,1
1,1,1,1,1,1,1,1,1,1,1,1,1,1,17,17,17,17,17,17,17,1,17,17,17,17,30,1
1,1,1,1,1,1,1,1,1,1,1,1,1,1,17,17,17,17,17,17,17,1,17,17,17,17,30,1
1,1,1,1,1,1,1,1,1,1,1,1,1,1,17,17,17,17,17,17,17,1,17,17,17,17,30,1
1,1,1,1,1,1,1,1,1,1,1,1,1,1,17,17,17,17,17,17,17,1,17,17,17,17,30,1
1,1,1,1,1,1,1,1,1,1,1,1,1,1,17,17,17,17,17,17,17,1,17,17,17,17,30,1
1,1,1,1,1,1,1,1,1,1,1,1,1,1,17,17,17,17,17,17,17,1,17,17,17,17,30,1
1,1,1,1,1,1,1,1,1,1,1,1,1,1,17,17,17,17,17,17,17,1,17,17,17,17,30,1
1,1,1,1,1,1,1,1,1,1,1,1,1,1,17,17,17,17,17,17,17,1,17,17,17,17,30,1
1,1,1,1,1,1,1,1,1,1,1,1,1,1,17,17,17,17,17,17,17,1,17,17,17,17,31,1
1,1,1,1,1,1,1,1,1,1,1,1,1,1,17,17,17,17,17,17,17,1,17,17,17,17,31,1
1,1,1,1,1,1,1,1,1,1,1,1,1,1,17,17,17,17,17,17,17,1,17,17,17,17,31,1
1,1,1,1,1,1,1,1,1,1,1,1,1,1,17,17,17,17,17,17,17,1,17,17,17,17,31,1
1,1,1,1,1,1,1,1,1,1,1,1,1,1,17,17,17,17,17,17,17,1,17,17,17,17,31,1
1,1,1,1,1,1,1,1,1,1,1,1,1,1,17,17,17,17,17,17,17,1,17,17,17,17,31,1
1,1,1,1,1,1,1,1,1,1,1,1,1,1,17,17,17,17,17,17,17,1,17,17,17,17,31,1
1,1,1,1,1,1,1,1,1,1,1,1,1,1,17,17,17,17,17,17,17,1,17,17,17,17,31,1
1,1,1,1,1,1,1,1,1,1,1,1,1,1,17,17,17,17,17,17,17,1,17,17,17,17,31,1
1,1,1,1,1,1,1,1,1,1,1,1,1,1,17,17,17,17,17,17,17,1,17,17,17,17,31,1
1,1,1,1,1,1,1,1,1,1,1,1,1,1,17,17,17,17,17,17,17,1,17,17,17,17,31,1
1,1,1,1,1,1,1,1,1,1,1,1,1,1,17,17,17,17,17,17,17,1,17,17,17,17,31,1
1,1,1,1,1,1,1,1,1,1,1,1,1,1,17,17,17,17,17,17,17,1,17,17,17,17,31,1
1,1,1,1,1,1,1,1,1,1,1,1,1,1,17,17,17,17,17,17,17,1,17,17,17,17,31,1
2,4,4,4,4,4,4,4,4,4,4,4,4,4,4,4,4,4,21,21,21,1,21,21,21,21,32,1
2,4,4,4,4,4,4,4,4,4,4,4,4,4,4,4,4,4,21,21,21,1,21,21,21,21,32,1
2,4,4,4,4,4,4,4,4,4,4,4,4,4,4,4,4,4,21,21,21,1,21,21,21,21,32,1
2,4,4,4,4,4,4,4,4,4,4,4,4,4,4,4,4,4,21,21,21,1,21,21,21,21,32,1
2,4,4,4,4,4,4,4,4,4,4,4,4,4,4,4,4,4,21,21,21,1,21,21,21,21,32,1
2,4,4,4,4,4,4,4,4,4,4,4,4,4,4,4,4,4,21,21,21,1,21,21,21,21,32,1
2,4,4,4,4,4,4,4,4,4,4,4,4,4,4,4,4,4,21,21,21,1,21,21,21,21,32,1
2,4,4,4,4,4,4,4,4,4,4,4,4,4,4,18,18,18,21,21,21,1,21,21,21,21,32,1
2,4,4,4,4,4,4,4,4,4,4,4,4,4,4,18,18,18,21,21,21,1,21,21,21,21,32,1
2,4,4,4,4,4,4,4,4,4,4,4,4,4,4,18,18,18,21,21,21,1,21,21,21,21,32,1
2,4,4,4,4,4,4,4,4,4,4,4,4,4,4,18,18,18,21,21,21,1,21,21,21,21,32,1
2,4,4,4,4,4,4,4,4,4,4,4,4,4,4,4,4,4,21,21,21,1,21,21,21,21,32,1
2,4,4,4,4,4,4,4,4,4,4,4,4,4,4,4,4,4,21,21,21,1,21,21,21,21,32,1
2,4,4,4,4,4,4,4,4,4,4,4,4,4,4,4,4,4,21,21,21,1,21,21,21,21,32,1
1,1,1,1,1,1,1,1,1,1,1,1,1,1,17,17,17,17,17,17,17,1,17,17,1,1,33,1
1,1,1,1,1,1,1,1,1,1,1,1,1,1,17,17,17,17,17,17,17,1,17,17,1,1,33,1
1,1,1,1,1,1,1,1,1,1,1,1,1,1,17,17,17,17,17,17,17,1,17,17,1,1,33,1
1,1,1,1,1,1,1,1,1,1,1,1,1,1,17,17,17,17,17,17,17,1,17,17,1,1,33,1
1,1,1,1,1,1,1,1,1,1,1,1,1,1,17,17,17,17,17,17,17,1,17,17,1,1,33,1
1,1,1,1,1,1,1,1,1,1,1,1,1,1,17,17,17,17,17,17,17,1,17,17,1,1,33,1
1,1,1,1,1,1,1,1,1,1,1,1,1,1,17,17,17,17,17,17,17,1,17,17,1,1,33,1
1,1,1,1,1,1,1,1,1,1,1,1,1,1,17,17,17,17,17,17,17,1,17,17,1,1,33,1
1,1,1,1,1,1,1,1,1,1,1,1,1,1,17,17,17,17,17,17,17,1,17,17,1,1,33,1
1,1,1,1,1,1,1,1,1,1,1,1,1,1,17,17,17,17,17,17,17,1,17,17,1,1,33,1
1,1,1,1,1,1,1,1,1,1,1,1,1,1,17,17,17,17,17,17,17,1,17,17,1,1,33,1
1,1,1,1,1,1,1,1,1,1,1,1,1,1,17,17,17,17,17,17,17,1,17,17,1,1,33,1
1,1,1,1,1,1,1,1,1,1,1,1,1,1,17,17,17,17,17,17,17,1,17,17,1,1,33,1
1,1,1,1,1,1,1,1,1,1,1,1,1,1,17,17,17,17,17,17,17,1,17,17,1,1,33,1
2,4,4,4,4,4,4,4,4,4,4,4,4,4,4,4,4,4,4,4,4,1,4,4,4,4,34,1
2,4,4,4,4,4,4,4,4,4,4,4,4,4,4,4,4,4,4,4,4,1,4,4,4,4,34,1
2,4,4,4,4,4,4,4,4,4,4,4,4,4,4,4,4,4,4,4,4,1,4,4,4,4,34,1
2,4,4,4,4,4,4,4,4,4,4,4,4,4,4,4,4,4,4,4,4,1,4,4,4,4,34,1
2,4,4,4,4,4,4,4,4,4,4,4,4,4,4,4,4,4,4,4,4,1,4,4,4,4,34,1
2,4,4,4,4,4,4,4,4,4,4,4,4,4,4,4,4,4,4,4,4,1,4,4,4,4,34,1
2,4,4,4,4,4,4,4,4,4,4,4,4,4,4,4,4,4,4,4,4,1,4,4,4,4,34,1
2,4,4,4,4,4,4,4,4,4,4,4,4,4,4,4,4,4,4,4,4,1,4,4,4,4,34,1
2,4,4,4,4,4,4,4,4,4,4,4,4,4,4,4,4,4,4,4,4,1,4,4,4,4,34,1
2,4,4,4,4,4,4,4,4,4,4,4,4,4,4,4,4,4,4,4,4,1,4,4,4,4,34,1
2,4,4,4,4,4,4,4,4,4,4,4,4,4,4,4,4,4,4,4,4,1,4,4,4,4,34,1
2,4,4,4,4,4,4,4,4,4,4,4,4,4,4,4,4,4,4,4,4,1,4,4,4,4,34,1
2,4,4,4,4,4,4,4,4,4,4,4,4,4,4,4,4,4,4,4,4,1,4,4,4,4,34,1
2,4,4,4,4,4,4,4,4,4,4,4,4,4,4,4,4,4,4,4,4,1,4,4,4,4,34,1
2,4,4,4,4,4,4,4,4,4,4,4,4,4,4,4,4,4,4,4,4,1,4,4,4,4,35,1
2,4,4,4,4,4,4,4,4,4,4,4,4,4,4,4,4,4,4,4,4,1,4,4,4,4,35,1
2,4,4,4,4,4,4,4,4,4,4,4,4,4,4,4,4,4,4,4,4,1,4,4,4,4,35,1
2,4,4,4,4,4,4,4,4,4,4,4,4,4,4,4,4,4,4,4,4,1,4,4,4,4,35,1
2,4,4,4,4,4,4,4,4,4,4,4,4,4,4,4,4,4,4,4,4,1,4,4,4,4,35,1
2,4,4,4,4,4,4,4,4,4,4,4,4,4,4,4,4,4,4,4,4,1,4,4,4,4,35,1
2,4,4,4,4,4,4,4,4,4,4,4,4,4,4,4,4,4,18,18,18,1,18,18,18,18,35,1
2,4,4,4,4,4,4,4,4,4,4,4,4,4,4,18,18,18,18,18,18,1,18,18,18,18,35,1
2,4,4,4,4,4,4,4,4,4,4,4,4,4,4,18,18,18,18,18,18,1,18,18,18,18,35,1
2,4,4,4,4,4,4,4,4,4,4,4,4,4,4,18,18,18,18,18,18,1,18,18,18,18,35,1
2,4,4,4,4,4,4,4,4,4,4,4,4,4,4,18,18,18,18,18,18,1,18,18,18,18,35,1
2,4,4,4,4,4,4,4,4,4,4,4,4,4,4,18,18,18,18,18,18,1,18,18,18,18,35,1
2,4,4,4,4,4,4,4,4,4,4,4,4,4,4,18,18,18,18,18,18,1,18,18,18,18,35,1
2,4,4,4,4,4,4,4,4,4,4,4,4,4,4,18,18,18,18,18,18,1,18,18,18,18,35,1
2,4,4,4,4,4,4,4,4,4,4,4,4,4,4,4,4,4,4,4,4,1,4,4,4,4,36,1
2,4,4,4,4,4,4,4,4,4,4,4,4,4,4,4,4,4,4,4,4,1,4,4,4,4,36,1
2,4,4,4,4,4,4,4,4,4,4,4,4,4,4,4,4,4,4,4,4,1,4,4,4,4,36,1
2,4,4,4,4,4,4,4,4,4,4,4,4,4,4,4,4,4,4,4,4,1,4,4,4,4,36,1
2,4,4,4,4,4,4,4,4,4,4,4,4,4,4,4,4,4,4,4,4,1,4,4,4,4,36,1
2,4,4,4,4,4,4,4,4,4,4,4,4,4,4,4,4,4,4,4,4,1,4,4,4,4,36,1
2,4,4,4,4,4,4,4,4,4,4,4,4,4,4,4,4,4,18,18,18,1,18,18,18,18,36,1
2,4,4,4,4,4,4,4,4,4,4,4,4,4,4,4,4,4,4,4,4,1,4,4,4,4,36,1
2,4,4,4,4,4,4,4,4,4,4,4,4,4,4,18,18,18,18,18,18,1,18,18,18,18,36,1
2,4,4,4,4,4,4,4,4,4,4,4,4,4,4,18,18,18,18,18,18,1,18,18,18,18,36,1
2,4,4,4,4,4,4,4,4,4,4,4,4,4,4,4,4,4,4,4,4,1,4,4,4,4,36,1
2,4,4,4,4,4,4,4,4,4,4,4,4,4,4,4,4,4,4,4,4,1,4,4,4,4,36,1
2,4,4,4,4,4,4,4,4,4,4,4,4,4,4,18,18,18,18,18,18,1,18,18,18,18,36,1
2,4,4,4,4,4,4,4,4,4,4,4,4,4,4,18,18,18,18,18,18,1,18,18,18,18,36,1
2,4,4,4,4,4,4,4,4,4,4,4,4,4,4,18,18,18,18,18,18,1,18,18,18,18,37,1
2,4,4,4,4,4,4,4,4,4,4,4,4,4,4,18,18,18,18,18,18,1,18,18,18,18,37,1
2,4,4,4,4,4,4,4,4,4,4,4,4,4,4,18,18,18,18,18,18,1,18,18,18,18,37,1
2,4,4,4,4,4,4,4,4,4,4,4,4,4,4,18,18,18,18,18,18,1,18,18,18,18,37,1
2,4,4,4,4,4,4,4,4,4,4,4,4,4,4,18,18,18,18,18,18,1,18,18,18,18,37,1
2,4,4,4,4,4,4,4,4,4,4,4,4,4,4,18,18,18,18,18,18,1,18,18,18,18,37,1
2,4,4,4,4,4,4,4,4,4,4,4,4,4,4,18,18,18,18,18,18,1,18,18,18,18,37,1
2,4,4,4,4,4,4,4,4,4,4,4,4,4,4,18,18,18,18,18,18,1,18,18,18,18,37,1
2,4,4,4,4,4,4,4,4,4,4,4,4,4,4,18,18,18,18,18,18,1,18,18,18,18,37,1
2,4,4,4,4,4,4,4,4,4,4,4,4,4,4,18,18,18,18,18,18,1,18,18,18,18,37,1
2,4,4,4,4,4,4,4,4,4,4,4,4,4,4,18,18,18,18,18,18,1,18,18,18,18,37,1
2,4,4,4,4,4,4,4,4,4,4,4,4,4,4,18,18,18,18,18,18,1,18,18,18,18,37,1
2,4,4,4,4,4,4,4,4,4,4,4,4,4,4,18,18,18,18,18,18,1,18,18,18,18,37,1
2,4,4,4,4,4,4,4,4,4,4,4,4,4,4,18,18,18,18,18,18,1,18,18,18,18,37,1
1,1,1,1,1,1,1,1,1,1,1,1,1,1,17,17,17,17,17,17,17,1,17,17,1,1,38,1
1,1,1,1,1,1,1,1,1,1,1,1,1,1,17,17,17,17,17,17,17,1,17,17,1,1,38,1
2,4,4,4,4,4,4,4,4,4,4,4,4,4,4,18,18,18,18,18,18,1,18,18,18,18,38,1
1,1,1,1,1,1,1,1,1,1,1,1,1,1,17,17,17,17,17,17,17,1,17,17,1,1,38,1
1,1,1,1,1,1,1,1,1,1,1,1,1,1,17,17,17,17,17,17,17,1,17,17,17,17,38,1
2,4,4,4,4,4,4,4,4,4,4,4,4,4,4,18,18,18,18,18,18,1,18,18,18,18,38,1
1,1,1,1,1,1,1,1,1,1,1,1,1,1,17,17,17,17,17,17,17,1,17,17,17,17,38,1
2,4,4,4,4,4,4,4,4,4,4,4,4,4,4,18,18,18,18,18,18,1,18,18,18,18,38,1
2,4,4,4,4,4,4,4,4,4,4,4,4,4,4,18,18,18,18,18,18,1,18,18,18,18,38,1
2,4,4,4,4,4,4,4,4,4,4,4,4,4,4,18,18,18,18,18,18,1,18,18,18,18,38,1
1,1,1,1,1,1,1,1,1,1,1,1,1,1,17,17,17,17,17,17,17,1,17,17,17,17,38,1
1,1,1,1,1,1,1,1,1,1,1,1,1,1,17,17,17,17,17,17,17,1,17,17,17,17,38,1
1,1,1,1,1,1,1,1,1,1,1,1,1,1,17,17,17,17,17,17,17,1,17,17,1,1,38,1
1,1,1,1,1,1,1,1,1,1,1,1,1,1,17,17,17,17,17,17,17,1,17,17,17,17,39,1
1,1,1,1,1,1,1,1,1,1,1,1,1,1,17,17,17,17,17,17,17,1,17,17,17,17,39,1
1,1,1,1,1,1,1,1,1,1,1,1,1,1,17,17,17,17,17,17,17,1,17,17,17,17,39,1
1,1,1,1,1,1,1,1,1,1,1,1,1,1,17,17,17,17,17,17,17,1,17,17,17,17,39,1
1,1,1,1,1,1,1,1,1,1,1,1,1,1,17,17,17,17,17,17,17,1,17,17,17,17,39,1
1,1,1,1,1,1,1,1,1,1,1,1,1,1,17,17,17,17,17,17,17,1,17,17,17,17,39,1
1,1,1,1,1,1,1,1,1,1,1,1,1,1,17,17,17,17,17,17,17,1,17,17,17,17,39,1
1,1,1,1,1,1,1,1,1,1,1,1,1,1,17,17,17,17,17,17,17,1,17,17,17,17,39,1
1,1,1,1,1,1,1,1,1,1,1,1,1,1,17,17,17,17,17,17,17,1,17,17,17,17,39,1
1,1,1,1,1,1,1,1,1,1,1,1,1,1,17,17,17,17,17,17,17,1,17,17,17,17,39,1
1,1,1,1,1,1,1,1,1,1,1,1,1,1,17,17,17,17,17,17,17,1,17,17,17,17,39,1
1,1,1,1,1,1,1,1,1,1,1,1,1,1,17,17,17,17,17,17,17,1,17,17,17,17,39,1
1,1,1,1,1,1,1,1,1,1,1,1,1,1,17,17,17,17,17,17,17,1,17,17,17,17,39,1
1,1,1,1,1,1,1,1,1,1,1,1,1,1,17,17,17,17,17,17,17,1,17,17,17,17,39,1
2,4,4,4,4,4,4,10,10,10,10,10,10,10,10,10,10,10,10,10,10,1,24,24,24,24,40,1
2,4,4,4,4,4,4,10,10,10,10,10,10,10,10,10,10,10,10,10,10,1,24,24,24,24,40,1
2,4,4,4,4,4,4,10,10,10,10,10,10,10,10,10,10,10,10,10,10,1,24,24,24,24,40,1
2,4,4,4,4,4,4,10,10,10,10,10,10,10,10,10,10,10,10,10,10,1,24,24,24,24,40,1
2,4,4,4,4,4,4,10,10,10,10,10,10,10,10,10,10,10,10,10,10,1,24,24,24,24,40,1
2,4,4,4,4,4,4,10,10,10,10,10,10,10,10,10,10,10,10,10,10,1,24,24,24,24,40,1
2,4,4,4,4,4,4,10,10,10,10,10,10,10,10,10,10,10,10,10,10,1,24,24,24,24,40,1
2,4,4,4,4,4,4,10,10,10,10,10,10,10,10,10,10,10,10,10,10,1,24,24,24,24,40,1
2,4,4,4,4,4,4,10,10,10,10,10,10,10,10,10,10,10,10,10,10,1,24,24,24,24,40,1
2,4,4,4,4,4,4,10,10,10,10,10,10,10,10,10,10,10,10,10,10,1,24,24,24,24,40,1
2,4,4,4,4,4,4,10,10,10,10,10,10,10,10,10,10,10,10,10,10,1,24,24,24,24,40,1
2,4,4,4,4,4,4,10,10,10,10,10,10,10,10,10,10,10,10,10,10,1,24,24,24,24,40,1
2,4,4,4,4,4,4,10,10,10,10,10,10,10,10,10,10,10,10,10,10,1,24,24,24,24,40,1
2,4,4,4,4,4,4,10,10,10,10,10,10,10,10,10,10,10,10,10,10,1,24,24,24,24,40,1
1,1,1,1,1,1,1,1,1,1,1,1,1,1,17,17,17,17,17,17,17,1,17,17,17,17,41,1
1,1,1,1,1,1,1,1,1,1,1,1,1,1,17,17,17,17,17,17,17,1,17,17,17,17,41,1
1,1,1,1,1,1,1,1,1,1,1,1,1,1,17,17,17,17,17,17,17,1,17,17,17,17,41,1
1,1,1,1,1,1,1,1,1,1,1,1,1,1,17,17,17,17,17,17,17,1,17,17,17,17,41,1
1,1,1,1,1,1,1,1,1,1,1,1,1,1,17,17,17,17,17,17,17,1,17,17,17,17,41,1
1,1,1,1,1,1,1,1,1,1,1,1,1,1,17,17,17,17,17,17,17,1,17,17,17,17,41,1
1,1,1,1,1,1,1,1,1,1,1,1,1,1,17,17,17,17,17,17,17,1,17,17,17,17,41,1
1,1,1,1,1,1,1,1,1,1,1,1,1,1,17,17,17,17,17,17,17,1,17,17,17,17,41,1
1,1,1,1,1,1,1,1,1,1,1,1,1,1,17,17,17,17,17,17,17,1,17,17,17,17,41,1
1,1,1,1,1,1,1,1,1,1,1,1,1,1,17,17,17,17,17,17,17,1,17,17,17,17,41,1
1,1,1,1,1,1,1,1,1,1,1,1,1,1,17,17,17,17,17,17,17,1,17,17,17,17,41,1
1,1,1,1,1,1,1,1,1,1,1,1,1,1,17,17,17,17,17,17,17,1,17,17,17,17,41,1
1,1,1,1,1,1,1,1,1,1,1,1,1,1,17,17,17,17,17,17,17,1,17,17,17,17,41,1
1,1,1,1,1,1,1,1,1,1,1,1,1,1,17,17,17,17,17,17,17,1,17,17,17,17,41,1
1,1,1,1,1,1,1,1,1,1,1,1,1,1,17,17,17,17,17,17,17,1,17,17,1,1,42,1
1,1,1,1,1,1,1,1,1,1,1,1,1,1,17,17,17,17,17,17,17,1,17,17,1,1,42,1
1,1,1,1,1,1,1,1,1,1,1,1,1,1,17,17,17,17,17,17,17,1,17,17,1,1,42,1
1,1,1,1,1,1,1,1,1,1,1,1,1,1,17,17,17,17,17,17,17,1,17,17,1,1,42,1
1,1,1,1,1,1,1,1,1,1,1,1,1,1,17,17,17,17,17,17,17,1,17,17,1,1,42,1
1,1,1,1,1,1,1,1,1,1,1,1,1,1,17,17,17,17,17,17,17,1,17,17,1,1,42,1
1,1,1,1,1,1,1,1,1,1,1,1,1,1,17,17,17,17,17,17,17,1,17,17,1,1,42,1
1,1,1,1,1,1,1,1,1,1,1,1,1,1,17,17,17,17,17,17,17,1,17,17,1,1,42,1
1,1,1,1,1,1,1,1,1,1,1,1,1,1,17,17,17,17,17,17,17,1,17,17,1,1,42,1
1,1,1,1,1,1,1,1,1,1,1,1,1,1,17,17,17,17,17,17,17,1,17,17,1,1,42,1
1,1,1,1,1,1,1,1,1,1,1,1,1,1,17,17,17,17,17,17,17,1,17,17,1,1,42,1
1,1,1,1,1,1,1,1,1,1,1,1,1,1,17,17,17,17,17,17,17,1,17,17,1,1,42,1
1,1,1,1,1,1,1,1,1,1,1,1,1,1,17,17,17,17,17,17,17,1,17,17,1,1,42,1
1,1,1,1,1,1,1,1,1,1,1,1,1,1,17,17,17,17,17,17,17,1,17,17,1,1,42,1
2,4,4,4,4,4,4,10,10,10,10,10,10,10,10,10,10,10,10,10,23,1,10,10,10,10,43,1
2,4,4,4,4,4,4,10,10,10,10,10,10,10,10,10,10,10,10,10,23,1,10,10,10,10,43,1
2,4,4,4,4,4,4,10,10,10,10,10,10,10,10,10,10,10,10,10,23,1,10,10,10,10,43,1
2,4,4,4,4,4,4,10,10,10,10,10,10,10,10,10,10,10,10,10,23,1,10,10,10,10,43,1
2,4,4,4,4,4,4,10,10,10,10,10,10,10,10,10,10,10,10,10,23,1,10,10,10,10,43,1
2,4,4,4,4,4,4,10,10,10,10,10,10,10,10,10,10,10,10,10,23,1,10,10,10,10,43,1
2,4,4,4,4,4,4,10,10,10,10,10,10,10,10,10,10,10,10,10,23,1,10,10,10,10,43,1
2,4,4,4,4,4,4,10,10,10,10,10,10,10,10,10,10,10,10,10,23,1,23,23,23,23,43,1
2,4,4,4,4,4,4,10,10,10,10,10,10,10,10,10,10,10,10,10,23,1,23,23,23,23,43,1
2,4,4,4,4,4,4,10,10,10,10,10,10,10,10,10,10,10,10,10,23,1,23,23,23,23,43,1
2,4,4,4,4,4,4,10,10,10,10,10,10,10,10,10,10,10,10,10,23,1,23,23,23,23,43,1
2,4,4,4,4,4,4,10,10,10,10,10,10,10,10,10,10,10,10,10,23,1,23,23,23,23,43,1
2,4,4,4,4,4,4,10,10,10,10,10,10,10,10,10,10,10,10,10,23,1,23,23,23,23,43,1
2,4,4,4,4,4,4,10,10,10,10,10,10,10,10,10,10,10,10,10,23,1,23,23,23,23,43,1
2,4,4,4,4,4,4,10,10,10,10,10,10,10,10,10,10,10,10,10,23,1,10,10,10,10,44,1
2,4,4,4,4,4,4,10,10,10,10,10,10,10,10,10,10,10,10,10,23,1,10,10,10,10,44,1
2,4,4,4,4,4,4,10,10,10,10,10,10,10,10,10,10,10,10,10,23,1,10,10,10,10,44,1
2,4,4,4,4,4,4,10,10,10,10,10,10,10,10,10,10,10,10,10,23,1,10,10,10,10,44,1
2,4,4,4,4,4,4,10,10,10,10,10,10,10,10,10,10,10,10,10,23,1,10,10,10,10,44,1
2,4,4,4,4,4,4,10,10,10,10,10,10,10,10,10,10,10,10,10,23,1,10,10,10,10,44,1
2,4,4,4,4,4,4,10,10,10,10,10,10,10,10,10,10,10,10,10,23,1,10,10,10,10,44,1
2,4,4,4,4,4,4,10,10,10,10,10,10,10,10,10,10,10,10,10,23,1,10,10,10,10,44,1
2,4,4,4,4,4,4,10,10,10,10,10,10,10,10,10,10,10,10,10,23,1,23,23,23,23,44,1
2,4,4,4,4,4,4,10,10,10,10,10,10,10,10,10,10,10,10,10,23,1,23,23,23,23,44,1
2,4,4,4,4,4,4,10,10,10,10,10,10,10,10,10,10,10,10,10,23,1,10,10,10,10,44,1
2,4,4,4,4,4,4,10,10,10,10,10,10,10,10,10,10,10,10,10,23,1,10,10,10,10,44,1
2,4,4,4,4,4,4,10,10,10,10,10,10,10,10,10,10,10,10,10,23,1,23,23,23,23,44,1
2,4,4,4,4,4,4,10,10,10,10,10,10,10,10,10,10,10,10,10,23,1,23,23,23,23,44,1
2,4,4,4,4,4,4,10,10,10,10,10,10,10,10,10,10,10,10,10,23,1,10,10,10,10,45,1
2,4,4,4,4,4,4,10,10,10,10,10,10,10,10,10,10,10,10,10,23,1,10,10,10,10,45,1
2,4,4,4,4,4,4,10,10,10,10,10,10,10,10,10,10,10,10,10,23,1,10,10,10,10,45,1
2,4,4,4,4,4,4,10,10,10,10,10,10,10,10,10,10,10,10,10,23,1,10,10,10,10,45,1
2,4,4,4,4,4,4,10,10,10,10,10,10,10,10,10,10,10,10,10,23,1,10,10,10,10,45,1
2,4,4,4,4,4,4,10,10,10,10,10,10,10,10,10,10,10,10,10,23,1,10,10,10,10,45,1
2,4,4,4,4,4,4,10,10,10,10,10,10,10,10,10,10,10,10,10,23,1,10,10,10,10,45,1
2,4,4,4,4,4,4,10,10,10,10,10,10,10,10,10,10,10,10,10,23,1,10,10,10,10,45,1
2,4,4,4,4,4,4,10,10,10,10,10,10,10,10,10,10,10,10,10,23,1,10,10,10,10,45,1
2,4,4,4,4,4,4,10,10,10,10,10,10,10,10,10,10,10,10,10,23,1,23,23,23,23,45,1
2,4,4,4,4,4,4,10,10,10,10,10,10,10,10,10,10,10,10,10,23,1,23,23,23,23,45,1
2,4,4,4,4,4,4,10,10,10,10,10,10,10,10,10,10,10,10,10,23,1,23,23,23,23,45,1
2,4,4,4,4,4,4,10,10,10,10,10,10,10,10,10,10,10,10,10,23,1,23,23,23,23,45,1
2,4,4,4,4,4,4,10,10,10,10,10,10,10,10,10,10,10,10,10,23,1,23,23,23,23,45,1
3,3,5,5,5,8,8,8,8,8,8,8,8,8,8,8,8,8,8,8,8,2,8,8,8,15,46,2
3,3,5,5,5,8,8,8,8,8,8,8,8,8,8,8,8,8,8,8,8,2,8,8,8,15,46,2
3,3,5,5,5,8,8,8,8,8,8,8,8,8,8,8,8,8,8,8,8,2,8,8,8,15,46,2
3,3,5,5,5,8,8,8,8,8,8,8,8,8,8,8,8,8,8,8,8,2,8,8,8,15,46,2
3,3,5,5,5,8,8,8,8,8,8,8,8,8,8,8,8,8,8,8,8,2,8,8,8,15,46,2
3,3,5,5,5,8,8,8,8,8,8,8,8,8,8,8,8,8,8,8,8,2,8,8,8,15,46,2
3,3,5,5,5,8,8,8,8,8,8,8,8,8,8,8,8,8,8,8,8,2,8,8,8,15,46,2
3,3,5,5,5,8,8,8,8,8,8,8,8,8,8,8,8,8,8,8,8,2,8,8,8,15,46,2
3,3,5,5,5,8,8,8,8,8,8,8,8,8,8,8,8,8,8,8,8,2,8,8,8,15,46,2
3,3,5,5,5,8,8,8,8,8,8,8,8,8,8,8,8,8,8,8,8,2,8,8,8,15,46,2
3,3,5,5,5,8,8,8,8,8,8,8,8,8,8,8,8,8,8,8,8,2,8,8,8,15,46,2
3,3,5,5,5,8,8,8,8,8,8,8,8,8,8,8,8,8,8,8,8,2,8,8,8,15,46,2
3,3,5,5,5,8,8,8,8,8,8,8,8,8,8,8,8,8,8,8,8,2,8,8,8,15,46,2
3,3,5,5,5,8,8,8,8,8,8,8,8,8,8,8,8,8,8,8,8,2,8,8,8,15,46,2
3,3,5,5,5,8,8,8,8,8,8,8,8,8,8,8,8,8,8,8,8,2,8,8,8,15,47,2
3,3,5,5,5,8,8,8,8,8,8,8,8,8,8,8,8,8,8,8,8,2,8,8,8,15,47,2
3,3,5,5,5,8,8,8,8,8,8,8,8,8,8,8,8,8,8,8,8,2,8,8,8,15,47,2
3,3,5,5,5,8,8,8,8,8,8,8,8,8,8,8,8,8,8,8,8,2,8,8,8,15,47,2
3,3,5,5,5,8,8,8,8,8,8,8,8,8,8,8,8,8,8,8,8,2,8,8,8,15,47,2
3,3,5,5,5,8,8,8,8,8,8,8,8,8,8,8,8,8,8,8,8,2,8,8,8,15,47,2
3,3,5,5,5,8,8,8,8,8,8,8,8,8,8,8,8,8,8,8,8,2,8,8,8,15,47,2
3,3,5,5,5,8,8,8,8,8,8,8,8,8,8,8,8,8,8,8,8,2,8,8,8,15,47,2
3,3,5,5,5,8,8,8,8,8,8,8,8,8,8,8,8,8,8,8,8,2,8,8,8,15,47,2
3,3,5,5,5,8,8,8,8,8,8,8,8,8,8,8,8,8,8,8,8,2,8,8,8,15,47,2
3,3,5,5,5,8,8,8,8,8,8,8,8,8,8,8,8,8,8,8,8,2,8,8,8,15,47,2
3,3,5,5,5,8,8,8,8,8,8,8,8,8,8,8,8,8,8,8,8,2,8,8,8,15,47,2
3,3,5,5,5,8,8,8,8,8,8,8,8,8,8,8,8,8,8,8,8,2,8,8,8,15,47,2
3,3,5,5,5,5,5,5,5,5,5,5,5,5,5,5,5,20,20,20,20,2,20,20,20,20,47,2
3,3,5,5,5,8,8,8,8,8,8,8,8,8,8,8,8,8,8,8,8,2,8,8,8,15,48,2
3,3,5,5,5,8,8,8,8,8,8,8,8,8,8,8,8,8,8,8,8,2,8,8,8,15,48,2
3,3,5,5,5,8,8,8,8,8,8,8,8,8,8,8,8,8,8,8,8,2,8,8,8,15,48,2
3,3,5,5,5,8,8,8,8,8,8,8,8,8,8,8,8,8,8,8,8,2,8,8,8,15,48,2
3,3,5,5,5,8,8,8,8,8,8,8,8,8,8,8,8,8,8,8,8,2,8,8,8,15,48,2
3,3,5,5,5,8,8,8,8,8,8,8,8,8,8,8,8,8,8,8,8,2,8,8,8,15,48,2
3,3,5,5,5,8,8,8,8,8,8,8,8,8,8,8,8,8,8,8,8,2,8,8,8,15,48,2
3,3,5,5,5,8,8,8,8,8,8,8,8,8,8,8,8,8,8,8,8,2,8,8,8,15,48,2
3,3,5,5,5,8,8,8,8,8,8,8,8,8,8,8,8,8,8,8,8,2,8,8,8,15,48,2
3,3,5,5,5,8,8,8,8,8,8,8,8,8,8,8,8,8,8,8,8,2,8,8,8,15,48,2
3,3,5,5,5,8,8,8,8,8,8,8,8,8,8,8,8,8,8,8,8,2,8,8,8,15,48,2
3,3,5,5,5,8,8,8,8,8,8,8,8,8,8,8,8,8,8,8,8,2,8,8,8,15,48,2
3,3,5,5,5,8,8,8,8,8,8,8,8,8,8,8,8,8,8,8,8,2,8,8,8,15,48,2
3,3,5,5,5,8,8,8,8,8,8,8,8,8,8,8,8,8,8,8,8,2,8,8,8,8,49,2
3,3,5,5,5,8,8,8,8,8,8,8,8,8,8,8,8,8,8,8,8,2,8,8,8,8,49,2
3,3,5,5,5,8,8,8,8,8,8,8,8,8,8,8,8,8,8,8,8,2,8,8,8,8,49,2
3,3,5,5,5,8,8,8,8,8,8,8,8,8,8,8,8,8,8,8,8,2,8,8,8,8,49,2
3,3,5,5,5,8,8,8,8,8,8,8,8,8,8,8,8,8,8,8,8,2,8,8,8,8,49,2
3,3,5,5,5,8,8,8,8,8,8,8,8,8,8,8,8,8,8,8,8,2,8,8,8,8,49,2
3,3,5,5,5,8,8,8,8,8,8,8,8,8,8,8,8,8,8,8,8,2,8,8,8,8,49,2
3,3,5,5,5,8,8,8,8,8,8,8,8,8,8,8,8,8,8,8,8,2,8,8,8,8,49,2
3,3,5,5,5,8,8,8,8,8,8,8,8,8,8,8,8,8,8,8,8,2,8,8,8,8,49,2
3,3,5,5,5,8,8,8,8,8,8,8,8,8,8,8,8,8,8,8,8,2,8,8,8,8,49,2
3,3,5,5,5,8,8,8,8,8,8,8,8,8,8,8,8,8,8,8,8,2,8,8,8,8,49,2
3,3,5,5,5,8,8,8,8,8,8,8,8,8,8,8,8,8,8,8,8,2,8,8,8,8,49,2
3,3,5,5,5,8,8,8,8,8,8,8,8,8,8,8,8,8,8,8,8,2,8,8,8,8,49,2
3,3,5,5,5,8,8,8,8,8,8,8,8,8,8,8,8,8,8,8,8,2,8,8,8,8,49,2
3,3,5,5,5,8,8,8,8,8,8,8,8,8,8,8,8,8,8,8,8,2,8,8,8,8,50,2
3,3,5,5,5,8,8,8,8,8,8,8,8,8,8,8,8,8,8,8,8,2,8,8,8,8,50,2
3,3,5,5,5,8,8,8,8,8,8,8,8,8,8,8,8,8,8,8,8,2,8,8,8,8,50,2
3,3,5,5,5,8,8,8,8,8,8,8,8,8,8,8,8,8,8,8,8,2,8,8,8,8,50,2
3,3,5,5,5,8,8,8,8,8,8,8,8,8,8,8,8,8,8,8,8,2,8,8,8,8,50,2
3,3,5,5,5,8,8,8,8,8,8,8,8,8,8,8,8,8,8,8,8,2,8,8,8,8,50,2
3,3,5,5,5,8,8,8,8,8,8,8,8,8,8,8,8,8,8,8,8,2,8,8,8,8,50,2
3,3,5,5,5,8,8,8,8,8,8,8,8,8,8,8,8,8,8,8,8,2,8,8,8,8,50,2
3,3,5,5,5,8,8,8,8,8,8,8,8,8,8,8,8,8,8,8,8,2,8,8,8,8,50,2
3,3,5,5,5,8,8,8,8,8,8,8,8,8,8,8,8,8,8,8,8,2,8,8,8,8,50,2
3,3,5,5,5,8,8,8,8,8,8,8,8,8,8,8,8,8,8,8,8,2,8,8,8,8,50,2
3,3,5,5,5,8,8,8,8,8,8,8,8,8,8,8,8,8,8,8,8,2,8,8,8,8,50,2
3,3,5,5,5,8,8,8,8,8,8,8,8,8,8,8,8,8,8,8,8,2,8,8,8,8,50,2
3,3,5,5,5,8,8,8,8,8,8,8,8,8,8,8,8,8,8,8,8,2,8,8,8,8,50,2
3,3,5,5,5,8,8,8,8,8,8,8,8,8,8,8,8,8,8,8,8,2,8,8,8,8,51,2
3,3,5,5,5,8,8,8,8,8,8,8,8,8,8,8,8,8,8,8,8,2,8,8,8,8,51,2
3,3,5,5,5,8,8,8,8,8,8,8,8,8,8,8,8,8,8,8,8,2,8,8,8,8,51,2
3,3,5,5,5,8,8,8,8,8,8,8,8,8,8,8,8,8,8,8,8,2,8,8,8,8,51,2
3,3,5,5,5,8,8,8,8,8,8,8,8,8,8,8,8,8,8,8,8,2,8,8,8,8,51,2
3,3,5,5,5,8,8,8,8,8,8,8,8,8,8,8,8,8,8,8,8,2,8,8,8,8,51,2
3,3,5,5,5,8,8,8,8,8,8,8,8,8,8,8,8,8,8,8,8,2,8,8,8,8,51,2
3,3,5,5,5,8,8,8,8,8,8,8,8,8,8,8,8,8,8,8,8,2,8,8,8,8,51,2
3,3,5,5,5,8,8,8,8,8,8,8,8,8,8,8,8,8,8,8,8,2,8,8,8,8,51,2
3,3,5,5,5,8,8,8,8,8,8,8,8,8,8,8,8,8,8,8,8,2,8,8,8,8,51,2
3,3,5,5,5,8,8,8,8,8,8,8,8,8,8,8,8,8,8,8,8,2,8,8,8,8,51,2
3,3,5,5,5,8,8,8,8,8,8,8,8,8,8,8,8,8,8,8,8,2,8,8,8,8,51,2
3,3,5,5,5,8,8,8,8,8,8,8,8,8,8,8,8,8,8,8,8,2,8,8,8,8,51,2
3,3,5,5,5,8,8,8,8,8,8,8,8,8,8,8,8,8,8,8,8,2,8,8,8,8,51,2
3,3,5,5,5,8,8,8,8,8,8,8,8,8,8,8,8,8,8,8,8,2,8,8,8,8,52,2
3,3,5,5,5,8,8,8,8,8,8,8,8,8,8,8,8,8,8,8,8,2,8,8,8,8,52,2
3,3,5,5,5,8,8,8,8,8,8,8,8,8,8,8,8,8,8,8,8,2,8,8,8,8,52,2
3,3,5,5,5,8,8,8,8,8,8,8,8,8,8,8,8,8,8,8,8,2,8,8,8,8,52,2
3,3,5,5,5,8,8,8,8,8,8,8,8,8,8,8,8,8,8,8,8,2,8,8,8,8,52,2
3,3,5,5,5,8,8,8,8,8,8,8,8,8,8,8,8,8,8,8,8,2,8,8,8,8,52,2
3,3,5,5,5,8,8,8,8,8,8,8,8,8,8,8,8,8,8,8,8,2,8,8,8,8,52,2
3,3,5,5,5,8,8,8,8,8,8,8,8,8,8,8,8,8,8,8,8,2,8,8,8,8,52,2
3,3,5,5,5,8,8,8,8,8,8,8,8,8,8,8,8,8,8,8,8,2,8,8,8,8,52,2
3,3,5,5,5,8,8,8,8,8,8,8,8,8,8,8,8,8,8,8,8,2,8,8,8,8,52,2
3,3,5,5,5,8,8,8,8,8,8,8,8,8,8,8,8,8,8,8,8,2,8,8,8,8,52,2
3,3,5,5,5,8,8,8,8,8,8,8,8,8,8,8,8,8,8,8,8,2,8,8,8,8,52,2
3,3,5,5,5,8,8,8,8,8,8,8,8,8,8,8,8,8,8,8,8,2,8,8,8,8,52,2
3,3,5,5,5,8,8,8,8,8,8,8,8,8,8,8,8,8,8,8,8,2,8,8,8,8,52,2
3,3,5,5,5,8,8,8,8,8,8,8,8,8,8,8,8,8,8,8,8,2,8,8,8,8,53,2
3,3,5,5,5,8,8,8,8,8,8,8,8,8,8,8,8,8,8,8,8,2,8,8,8,8,53,2
3,3,5,5,5,8,8,8,8,8,8,8,8,8,8,8,8,8,8,8,8,2,8,8,8,8,53,2
3,3,5,5,5,8,8,8,8,8,8,8,8,8,8,8,8,8,8,8,8,2,8,8,8,8,53,2
3,3,5,5,5,8,8,8,8,8,8,8,8,8,8,8,8,8,8,8,8,2,8,8,8,8,53,2
3,3,5,5,5,8,8,8,8,8,8,8,8,8,8,8,8,8,8,8,8,2,8,8,8,8,53,2
3,3,5,5,5,8,8,8,8,8,8,8,8,8,8,8,8,8,8,8,8,2,8,8,8,8,53,2
3,3,5,5,5,8,8,8,8,8,8,8,8,8,8,8,8,8,8,8,8,2,8,8,8,8,53,2
3,3,5,5,5,8,8,8,8,8,8,8,8,8,8,8,8,8,8,8,8,2,8,8,8,8,53,2
3,3,5,5,5,8,8,8,8,8,8,8,8,8,8,8,8,8,8,8,8,2,8,8,8,8,53,2
3,3,5,5,5,5,5,5,5,5,5,5,5,5,5,5,5,20,20,20,20,2,20,20,20,20,53,2
3,3,5,5,5,5,5,5,5,5,5,5,5,5,5,5,5,20,20,20,20,2,20,20,20,20,53,2
3,3,5,5,5,5,5,5,5,5,5,5,5,5,5,5,5,20,20,20,20,2,20,20,20,20,53,2
3,3,5,5,5,5,5,5,5,5,5,5,5,5,5,5,5,20,20,20,20,2,20,20,20,20,53,2
3,3,5,5,5,8,8,8,8,8,8,8,15,15,15,15,15,15,15,15,15,2,15,15,15,8,54,2
3,3,5,5,5,8,8,8,8,8,8,8,15,15,15,15,15,15,15,15,15,2,15,15,15,8,54,2
3,3,5,5,5,8,8,8,8,8,8,8,15,15,15,15,15,15,15,15,15,2,15,15,15,8,54,2
3,3,5,5,5,8,8,8,8,8,8,8,15,15,15,15,15,15,15,15,15,2,15,15,15,8,54,2
3,3,5,5,5,8,8,8,8,8,8,8,15,15,15,15,15,15,15,15,15,2,15,15,15,8,54,2
3,3,5,5,5,8,8,8,8,8,8,8,15,15,15,15,15,15,15,15,15,2,15,15,15,8,54,2
3,3,5,5,5,8,8,8,8,8,8,8,15,15,15,15,15,15,15,15,15,2,15,15,15,8,54,2
3,3,5,5,5,8,8,8,8,8,8,8,15,15,15,15,15,15,15,15,15,2,15,15,15,8,54,2
3,3,5,5,5,8,8,8,8,8,8,8,15,15,15,15,15,15,15,15,15,2,15,15,15,8,54,2
3,3,5,5,5,8,8,8,8,8,8,8,15,15,15,15,15,15,15,15,15,2,15,15,15,8,54,2
3,3,5,5,5,8,8,8,8,8,8,8,15,15,15,15,15,15,15,15,15,2,15,15,15,8,54,2
3,3,5,5,5,8,8,8,8,8,8,8,15,15,15,15,15,15,15,15,15,2,15,15,15,8,54,2
3,3,5,5,5,8,8,8,8,8,8,8,15,15,15,15,15,15,15,15,15,2,15,15,15,8,54,2
3,3,5,5,5,8,8,8,8,8,8,8,15,15,15,15,15,15,15,15,15,2,15,15,15,8,54,2
3,3,5,5,5,8,8,8,8,8,8,8,15,15,15,15,15,15,15,15,15,2,15,15,15,8,55,2
3,3,5,5,5,8,8,8,8,8,8,8,15,15,15,15,15,15,15,15,15,2,15,15,15,8,55,2
3,3,5,5,5,8,8,8,8,8,8,8,15,15,15,15,15,15,15,15,15,2,15,15,15,8,55,2
3,3,5,5,5,8,8,8,8,8,8,8,15,15,15,15,15,15,15,15,15,2,15,15,15,8,55,2
3,3,5,5,5,8,8,8,8,8,8,8,15,15,15,15,15,15,15,15,15,2,15,15,15,8,55,2
3,3,5,5,5,8,8,8,8,8,8,8,15,15,15,15,15,15,15,15,15,2,15,15,15,8,55,2
3,3,5,5,5,8,8,8,8,8,8,8,15,15,15,15,15,15,15,15,15,2,15,15,15,8,55,2
3,3,5,5,5,8,8,8,8,8,8,8,15,15,15,15,15,15,15,15,15,2,15,15,15,8,55,2
3,3,5,5,5,8,8,8,8,8,8,8,15,15,15,15,15,15,15,15,15,2,15,15,15,8,55,2
3,3,5,5,5,8,8,8,8,8,8,8,15,15,15,15,15,15,15,15,15,2,15,15,15,8,55,2
3,3,5,5,5,8,8,8,8,8,8,8,15,15,15,15,15,15,15,15,15,2,15,15,15,8,55,2
3,3,5,5,5,8,8,8,8,8,8,8,15,15,15,15,15,15,15,15,15,2,15,15,15,8,55,2
3,3,5,5,5,8,8,8,8,8,8,8,15,15,15,15,15,15,15,15,15,2,15,15,15,8,55,2
3,3,5,5,5,8,8,8,8,8,8,8,15,15,15,15,15,15,15,15,15,2,15,15,15,8,55,2
3,3,5,5,5,5,5,5,5,5,5,5,5,16,16,16,16,16,16,16,16,2,16,16,16,16,56,2
3,3,5,5,5,5,5,5,5,5,5,5,5,16,16,16,16,16,16,16,16,2,16,16,16,16,56,2
3,3,5,5,5,5,5,5,5,5,5,5,5,16,16,16,16,16,16,16,16,2,16,16,16,16,56,2
3,3,5,5,5,5,5,5,5,5,5,5,5,16,16,16,16,16,16,16,16,2,16,16,16,16,56,2
3,3,5,5,5,5,5,5,5,5,5,5,5,16,16,16,16,16,16,16,16,2,16,16,16,16,56,2
3,3,5,5,5,5,5,5,5,5,5,5,5,16,16,16,16,16,16,16,16,2,16,16,16,16,56,2
3,3,5,5,5,5,5,5,5,5,5,5,5,16,16,16,16,16,16,16,16,2,16,16,16,16,56,2
3,3,5,5,5,5,5,5,5,5,5,5,5,16,16,16,16,16,16,16,16,2,16,16,16,16,56,2
3,3,5,5,5,5,5,5,5,5,5,5,5,16,16,16,16,5,5,5,5,2,5,5,5,5,56,2
3,3,5,5,5,5,5,5,5,5,5,5,5,16,16,16,16,5,5,5,5,2,5,5,5,5,56,2
3,3,5,5,5,5,5,5,5,5,5,5,5,16,16,16,16,5,5,5,5,2,5,5,5,5,56,2
3,3,5,5,5,5,5,5,5,5,5,5,5,16,16,16,16,5,5,5,5,2,5,5,5,5,56,2
3,3,5,5,5,5,5,5,5,5,5,5,5,16,16,16,16,5,5,5,5,2,5,5,5,5,56,2
3,3,5,5,5,5,5,5,5,5,5,5,5,16,16,16,16,5,5,5,5,2,5,5,5,5,56,2
3,3,5,5,5,8,8,8,8,8,8,8,15,15,15,15,15,15,15,15,15,2,15,15,15,27,57,2
3,3,5,5,5,8,8,8,8,8,8,8,15,15,15,15,15,15,15,15,15,2,15,15,15,27,57,2
3,3,5,5,5,8,8,8,8,8,8,8,15,15,15,15,15,15,15,15,15,2,15,15,15,27,57,2
3,3,5,5,5,8,8,8,8,8,8,8,15,15,15,15,15,15,15,15,15,2,15,15,15,27,57,2
3,3,5,5,5,8,8,8,8,8,8,8,15,15,15,15,15,15,15,15,15,2,15,15,15,27,57,2
3,3,5,5,5,8,8,8,8,8,8,8,15,15,15,15,15,15,15,15,15,2,15,15,15,27,57,2
3,3,5,5,5,8,8,8,8,8,8,8,15,15,15,15,15,15,15,15,15,2,15,15,15,27,57,2
3,3,5,5,5,8,8,8,8,8,8,8,15,15,15,15,15,15,15,15,15,2,15,15,15,27,57,2
3,3,5,5,5,8,8,8,8,8,8,8,15,15,15,15,15,15,15,15,15,2,15,15,15,27,57,2
3,3,5,5,5,8,8,8,8,8,8,8,15,15,15,15,15,15,15,15,15,2,15,15,15,27,58,2
3,3,5,5,5,8,8,8,8,8,8,8,15,15,15,15,15,15,15,15,15,2,15,15,15,27,58,2
3,3,5,5,5,8,8,8,8,8,8,8,15,15,15,15,15,15,15,15,15,2,15,15,15,27,58,2
3,3,5,5,5,8,8,8,8,8,8,8,15,15,15,15,15,15,15,15,15,2,15,15,15,27,58,2
3,3,5,5,5,8,8,8,8,8,8,8,15,15,15,15,15,15,15,15,15,2,15,15,15,27,58,2
3,3,5,5,5,8,8,8,8,8,8,8,15,15,15,15,15,15,15,15,15,2,15,15,15,27,58,2
3,3,5,5,5,8,8,8,8,8,8,8,15,15,15,15,15,15,15,15,15,2,15,15,15,27,58,2
3,3,5,5,5,8,8,8,8,8,8,8,15,15,15,15,15,15,15,15,15,2,15,15,15,27,58,2
3,3,5,5,5,8,8,8,8,8,8,8,15,15,15,15,15,15,15,15,15,2,15,15,15,27,58,2
3,3,5,5,5,8,8,8,8,8,8,8,15,15,15,15,15,15,15,15,15,2,15,15,15,27,58,2
3,3,5,5,5,8,8,8,8,8,8,8,15,15,15,15,15,15,15,15,15,2,15,15,15,27,58,2
3,3,5,5,5,8,8,8,8,8,8,8,15,15,15,15,15,15,15,15,15,2,15,15,15,27,58,2
3,3,5,5,5,8,8,8,8,8,8,8,15,15,15,15,15,15,15,15,15,2,15,15,15,27,58,2
3,3,5,5,5,8,8,8,8,8,8,8,15,15,15,15,15,15,15,15,15,2,15,15,15,27,58,2
3,3,5,5,5,8,8,8,8,8,8,8,15,15,15,15,15,15,15,15,15,2,15,15,15,27,59,2
3,3,5,5,5,8,8,8,8,8,8,8,15,15,15,15,15,15,15,15,15,2,15,15,15,27,59,2
3,3,5,5,5,8,8,8,8,8,8,8,15,15,15,15,15,15,15,15,15,2,15,15,15,27,59,2
3,3,5,5,5,8,8,8,8,8,8,8,15,15,15,15,15,15,15,15,15,2,15,15,15,27,59,2
3,3,5,5,5,8,8,8,8,8,8,8,15,15,15,15,15,15,15,15,15,2,15,15,15,27,59,2
3,3,5,5,5,8,8,8,8,8,8,8,15,15,15,15,15,15,15,15,15,2,15,15,15,27,59,2
3,3,5,5,5,8,8,8,8,8,8,8,15,15,15,15,15,15,15,15,15,2,15,15,15,27,59,2
3,3,5,5,5,8,8,8,8,8,8,8,15,15,15,15,15,15,15,15,15,2,15,15,15,27,59,2
3,3,5,5,5,8,8,8,8,8,8,8,15,15,15,15,15,15,15,15,15,2,15,15,15,27,59,2
3,3,5,5,5,8,8,8,8,8,8,8,15,15,15,15,15,15,15,15,15,2,15,15,15,27,59,2
3,3,5,5,5,8,8,8,8,8,8,8,15,15,15,15,15,15,15,15,15,2,15,15,15,27,59,2
3,3,5,5,5,8,8,8,8,8,8,8,15,15,15,15,15,15,15,15,15,2,15,15,15,27,59,2
3,3,5,5,5,8,8,8,8,8,8,8,15,15,15,15,15,15,15,15,15,2,15,15,15,27,59,2
3,3,5,5,5,8,8,8,8,8,8,8,15,15,15,15,15,15,15,15,15,2,15,15,15,27,59,2
