1,0.7269400000,1.4742000000,0.3239600000,0.9853500000,1.0000000000,0.8359200000,0.0046566000,0.0039465000,0.0477900000,0.1279500000,0.0161080000,0.0052323000,0.0002747700,1.1756000000,1
2,0.7417300000,1.5257000000,0.3611600000,0.9815200000,0.9982500000,0.7986700000,0.0052423000,0.0050016000,0.0241600000,0.0904760000,0.0081195000,0.0027080000,0.0000748000,0.6965900000,1
3,0.7672200000,1.5725000000,0.3899800000,0.9775500000,1.0000000000,0.8081200000,0.0074573000,0.0101210000,0.0118970000,0.0574450000,0.0032891000,0.0009206800,0.0000379000,0.4434800000,1
4,0.7379700000,1.4597000000,0.3537600000,0.9756600000,1.0000000000,0.8169700000,0.0068768000,0.0086068000,0.0159500000,0.0654910000,0.0042707000,0.0011544000,0.0000663000,0.5878500000,1
5,0.8230100000,1.7707000000,0.4446200000,0.9769800000,1.0000000000,0.7549300000,0.0074280000,0.0100420000,0.0079379000,0.0453390000,0.0020514000,0.0005598600,0.0000235000,0.3421400000,1
6,0.7299700000,1.4892000000,0.3428400000,0.9875500000,1.0000000000,0.8448200000,0.0049451000,0.0044506000,0.0104870000,0.0585280000,0.0034138000,0.0011248000,0.0000248000,0.3406800000,1
7,0.8206300000,1.7529000000,0.4445800000,0.9796400000,0.9964900000,0.7677000000,0.0059279000,0.0063954000,0.0183750000,0.0805870000,0.0064523000,0.0022713000,0.0000415000,0.5390400000,1
8,0.7798200000,1.6215000000,0.3922200000,0.9851200000,0.9982500000,0.8081600000,0.0050987000,0.0047314000,0.0248750000,0.0896860000,0.0079794000,0.0024664000,0.0001467600,0.6697500000,1
9,0.8308900000,1.8199000000,0.4569300000,0.9824000000,1.0000000000,0.7710600000,0.0060055000,0.0065640000,0.0072447000,0.0406160000,0.0016469000,0.0003881200,0.0000329000,0.3369600000,1
10,0.9063100000,2.3906000000,0.5833600000,0.9768300000,0.9982500000,0.6641900000,0.0084019000,0.0128480000,0.0070096000,0.0423470000,0.0017901000,0.0004588900,0.0000283000,0.2808200000,1
11,0.7459000000,1.4927000000,0.3411600000,0.9829600000,1.0000000000,0.8308800000,0.0055665000,0.0056395000,0.0057679000,0.0365110000,0.0013313000,0.0003087200,0.0000318000,0.2502600000,1
12,0.7960600000,1.6934000000,0.4338700000,0.9818100000,1.0000000000,0.7698500000,0.0077992000,0.0110710000,0.0136770000,0.0578320000,0.0033334000,0.0008164800,0.0001385500,0.4975100000,1
1,0.9336100000,2.7582000000,0.6425700000,0.9834600000,1.0000000000,0.5985100000,0.0055336000,0.0055731000,0.0297120000,0.0898890000,0.0080153000,0.0020648000,0.0002388300,0.9149900000,2
2,0.9118600000,2.4994000000,0.6032300000,0.9830000000,1.0000000000,0.6491600000,0.0061494000,0.0068823000,0.0188870000,0.0724860000,0.0052267000,0.0014887000,0.0000833000,0.6781100000,2
3,0.8906300000,2.2927000000,0.5666700000,0.9873200000,1.0000000000,0.6642700000,0.0028365000,0.0014643000,0.0292720000,0.0913280000,0.0082717000,0.0022383000,0.0002016600,0.8717700000,2
4,0.8675500000,2.0090000000,0.5146400000,0.9869100000,1.0000000000,0.7027700000,0.0054439000,0.0053937000,0.0303480000,0.0920630000,0.0084044000,0.0022541000,0.0001985400,0.9454500000,2
5,0.9185200000,2.5247000000,0.6164800000,0.9787000000,1.0000000000,0.6303700000,0.0050494000,0.0046404000,0.0230900000,0.0820290000,0.0066839000,0.0018929000,0.0001245200,0.7171300000,2
6,0.8879500000,2.2038000000,0.5621800000,0.9783500000,0.9982500000,0.6415800000,0.0059242000,0.0063874000,0.0327220000,0.0929690000,0.0085691000,0.0021199000,0.0002772900,1.0080000000,2
7,0.8512100000,1.9548000000,0.4892000000,0.9862200000,1.0000000000,0.7026700000,0.0039733000,0.0028733000,0.0202580000,0.0708410000,0.0049933000,0.0012274000,0.0001492900,0.7417400000,2
8,0.8908400000,2.2979000000,0.5781500000,0.9738900000,1.0000000000,0.6459800000,0.0152710000,0.0424430000,0.0284610000,0.0864770000,0.0074228000,0.0018832000,0.0002434500,0.9130700000,2
9,0.9306200000,2.8973000000,0.6582800000,0.9818200000,1.0000000000,0.5795000000,0.0064894000,0.0076645000,0.0236060000,0.0722370000,0.0051910000,0.0011217000,0.0002555800,0.9051300000,2
10,0.8411300000,1.8600000000,0.4654900000,0.9903900000,1.0000000000,0.7597600000,0.0046759000,0.0039793000,0.0627980000,0.1323400000,0.0172130000,0.0044528000,0.0006552300,1.6530000000,2
1,0.7027300000,1.2099000000,0.3631700000,0.9211000000,0.9877200000,0.6055500000,0.0235970000,0.1013400000,0.0893010000,0.2008800000,0.0387860000,0.0158950000,0.0004049000,1.5371000000,3
2,0.6630700000,1.2065000000,0.3255900000,0.9495200000,0.9964900000,0.7595400000,0.0133880000,0.0326210000,0.0218150000,0.0971430000,0.0093485000,0.0040284000,0.0000363000,0.5341000000,3
3,0.6128900000,1.0991000000,0.3311700000,0.9240500000,0.9842100000,0.6166100000,0.0255450000,0.1187700000,0.0546870000,0.1606000000,0.0251450000,0.0116720000,0.0001212100,1.1076000000,3
4,0.7066800000,1.2510000000,0.3811100000,0.9422600000,0.9982500000,0.6925000000,0.0194320000,0.0687240000,0.0315870000,0.1150200000,0.0130560000,0.0053112000,0.0000864000,0.7224700000,3
5,0.6688900000,1.1435000000,0.3846000000,0.9035500000,0.9964900000,0.6057100000,0.0283290000,0.1460600000,0.0575060000,0.1593100000,0.0247520000,0.0103040000,0.0001853300,1.1365000000,3
6,0.5013900000,1.0066000000,0.2959300000,0.9158500000,0.9982500000,0.6402900000,0.0217820000,0.0863470000,0.0546350000,0.1598000000,0.0248990000,0.0111060000,0.0001616200,1.0511000000,3
7,0.6080300000,1.0646000000,0.3446000000,0.9048700000,0.9964900000,0.6751700000,0.0319150000,0.1853800000,0.0624500000,0.1641100000,0.0262250000,0.0106020000,0.0002296400,1.2307000000,3
8,0.5659900000,1.0427000000,0.3531800000,0.8908600000,0.9982500000,0.6206800000,0.0329710000,0.1978500000,0.0263480000,0.1058900000,0.0110880000,0.0046505000,0.0000520000,0.6267100000,3
9,0.6860500000,1.1632000000,0.3752800000,0.9163900000,0.9982500000,0.6113600000,0.0303390000,0.1675300000,0.0584010000,0.1685800000,0.0276330000,0.0128860000,0.0001552500,1.0815000000,3
10,0.5957100000,1.0840000000,0.3259200000,0.9205600000,0.9982500000,0.6569800000,0.0247530000,0.1115100000,0.0420510000,0.1472200000,0.0212130000,0.0108810000,0.0000647000,0.8322100000,3
1,0.3943200000,1.1191000000,0.1727200000,0.9680600000,0.9929800000,0.7341700000,0.0124990000,0.0284320000,0.0730630000,0.1371800000,0.0184700000,0.0040597000,0.0009097700,1.8893000000,4
2,0.6201100000,1.3298000000,0.2836000000,0.9695200000,0.9982500000,0.7787100000,0.0086562000,0.0136370000,0.0472200000,0.1186000000,0.0138720000,0.0037549000,0.0004418800,1.2024000000,4
3,0.7342900000,1.5069000000,0.4082700000,0.9451800000,1.0000000000,0.6255800000,0.0149870000,0.0408790000,0.0381130000,0.0921880000,0.0084269000,0.0017773000,0.0004737800,1.3350000000,4
4,0.6416100000,1.3004000000,0.3155600000,0.9332400000,0.9789500000,0.6548700000,0.0179630000,0.0587290000,0.0308970000,0.0822100000,0.0067132000,0.0014678000,0.0002987800,1.2359000000,4
5,0.6405600000,1.3166000000,0.2861600000,0.9705300000,0.9964900000,0.7718300000,0.0091632000,0.0152810000,0.0204130000,0.0655750000,0.0042817000,0.0008974900,0.0002043300,0.8621800000,4
6,0.7424200000,1.5529000000,0.3880400000,0.9559300000,0.9947400000,0.6818800000,0.0129040000,0.0303060000,0.0206790000,0.0642420000,0.0041101000,0.0007950500,0.0002681200,0.8768700000,4
7,0.3928900000,1.1286000000,0.1703900000,0.9640500000,1.0000000000,0.7940700000,0.0117610000,0.0251760000,0.0254090000,0.0782110000,0.0060798000,0.0015299000,0.0001576200,1.0326000000,4
8,0.5301700000,1.2503000000,0.2325400000,0.9733700000,1.0000000000,0.8270300000,0.0066263000,0.0079913000,0.0485410000,0.1094100000,0.0118280000,0.0027809000,0.0004883900,1.5452000000,4
1,0.8784400000,1.8096000000,0.6315100000,0.8392300000,0.8368400000,0.3768800000,0.0435630000,0.3453900000,0.0454680000,0.1255400000,0.0155150000,0.0051589000,0.0002284200,1.1374000000,5
2,0.8807500000,1.7360000000,0.5834500000,0.8338300000,0.9175400000,0.4155100000,0.0405820000,0.2997300000,0.0357860000,0.1004700000,0.0099932000,0.0027590000,0.0002580200,1.0952000000,5
3,0.8654500000,1.8803000000,0.6203900000,0.8244300000,0.8543900000,0.3307700000,0.0470000000,0.4020400000,0.0395180000,0.1157000000,0.0132100000,0.0042406000,0.0002008400,1.0136000000,5
4,0.9367100000,2.4151000000,0.7298000000,0.8179300000,0.8649100000,0.3343900000,0.0805390000,1.1805000000,0.0487220000,0.1205100000,0.0143140000,0.0039983000,0.0003721600,1.3083000000,5
5,0.9267600000,2.2220000000,0.6558000000,0.8243200000,0.8947400000,0.3561800000,0.0380120000,0.2629800000,0.0599810000,0.1490100000,0.0217230000,0.0075251000,0.0002839800,1.3530000000,5
6,0.9094400000,2.1139000000,0.6955500000,0.8087300000,0.8526300000,0.3103900000,0.0472670000,0.4066300000,0.0394460000,0.1051700000,0.0109390000,0.0028913000,0.0002936600,1.1602000000,5
7,0.8949300000,2.0494000000,0.6492500000,0.8168200000,0.8350900000,0.3531800000,0.0499550000,0.4541800000,0.0418080000,0.1203600000,0.0142800000,0.0048007000,0.0001709600,1.0962000000,5
8,0.9361300000,2.3898000000,0.6717500000,0.8443400000,0.9052600000,0.3700700000,0.0392770000,0.2807700000,0.0484470000,0.1195500000,0.0140910000,0.0037887000,0.0004245900,1.2593000000,5
9,0.8817200000,1.7740000000,0.6397400000,0.8499000000,0.8736800000,0.3435400000,0.0517760000,0.4879000000,0.0610300000,0.1519000000,0.0225540000,0.0080813000,0.0002503900,1.3805000000,5
10,0.8622400000,1.7434000000,0.6246400000,0.8575400000,0.8929800000,0.3223800000,0.0507920000,0.4695200000,0.0644280000,0.1633500000,0.0259890000,0.0101890000,0.0002387300,1.3343000000,5
11,0.8226800000,1.6657000000,0.5990900000,0.8449300000,0.8561400000,0.3205600000,0.0488030000,0.4334800000,0.0792820000,0.1857100000,0.0333380000,0.0135230000,0.0002750200,1.5377000000,5
12,0.8213500000,1.6035000000,0.6025000000,0.8498100000,0.8754400000,0.3130400000,0.0560790000,0.5723600000,0.0692390000,0.1631900000,0.0259400000,0.0092918000,0.0003213400,1.4686000000,5
1,0.4634800000,1.0544000000,0.7223100000,0.6375400000,0.4754400000,0.2003900000,0.1486400000,4.0212000000,0.0109170000,0.0534940000,0.0028534000,0.0008754300,0.0000296000,0.5319900000,6
2,0.5078400000,1.0544000000,0.6230000000,0.7362500000,0.5964900000,0.2768700000,0.1329600000,3.2176000000,0.0148160000,0.0670440000,0.0044748000,0.0013737000,0.0000379000,0.5211400000,6
3,0.4772800000,1.2115000000,0.6834300000,0.7636400000,0.5666700000,0.2389600000,0.1074700000,2.1022000000,0.0240360000,0.0806230000,0.0064581000,0.0018312000,0.0001064800,0.9070200000,6
4,0.5274400000,1.0419000000,0.5166200000,0.7720100000,0.8421100000,0.3378400000,0.1143800000,2.3811000000,0.0254000000,0.0820470000,0.0066868000,0.0017982000,0.0001219600,0.9440000000,6
5,0.5096400000,1.2067000000,0.7061800000,0.7217500000,0.5649100000,0.2100900000,0.1126400000,2.3093000000,0.0211810000,0.0803060000,0.0064077000,0.0020323000,0.0000658000,0.7327400000,6
6,0.6396500000,1.2323000000,0.6066300000,0.7703700000,0.6210500000,0.2413500000,0.1243800000,2.8155000000,0.0254380000,0.0962150000,0.0091723000,0.0034208000,0.0000516000,0.7519400000,6
7,0.7184700000,1.2291000000,0.6930000000,0.7557400000,0.6666700000,0.2600400000,0.0988230000,1.7774000000,0.0212170000,0.0732010000,0.0053299000,0.0013612000,0.0001245200,0.7986200000,6
8,0.4781500000,1.1032000000,0.5299800000,0.8165400000,0.8193000000,0.3375300000,0.1154700000,2.4268000000,0.0068590000,0.0420710000,0.0017668000,0.0004756400,0.0000144000,0.3083200000,6
1,0.8488600000,1.7011000000,0.5348000000,0.8146500000,0.9701800000,0.3727600000,0.0354240000,0.2283800000,0.0388460000,0.1192000000,0.0140090000,0.0057424000,0.0001085600,1.2269000000,7
2,0.8375500000,1.5634000000,0.5332900000,0.7669700000,0.9508800000,0.2782500000,0.0395920000,0.2852800000,0.0231520000,0.0878380000,0.0076564000,0.0028187000,0.0000563000,0.8079000000,7
3,0.8431500000,1.8134000000,0.5461100000,0.8440600000,0.9666700000,0.4943700000,0.0385090000,0.2699000000,0.0546530000,0.1441100000,0.0203450000,0.0082654000,0.0001627500,1.4950000000,7
4,0.8260200000,1.6637000000,0.4924400000,0.8862000000,0.9929800000,0.5713600000,0.0221520000,0.0893060000,0.0344440000,0.1012000000,0.0101380000,0.0030708000,0.0001651300,1.1047000000,7
5,0.8648600000,1.7986000000,0.5560600000,0.8774500000,0.9701800000,0.5266900000,0.0295550000,0.1589800000,0.0278830000,0.0928660000,0.0085504000,0.0031577000,0.0001209100,0.9961000000,7
6,0.8456300000,1.7418000000,0.4981800000,0.9274800000,1.0000000000,0.6230100000,0.0147080000,0.0393740000,0.0250280000,0.0776670000,0.0059959000,0.0021050000,0.0002961900,1.1899000000,7
7,0.8716300000,2.0659000000,0.5533900000,0.9486800000,1.0000000000,0.6023100000,0.0316710000,0.1825500000,0.0497060000,0.1344000000,0.0177420000,0.0066921000,0.0001613300,1.4016000000,7
8,0.8658700000,1.9999000000,0.5272500000,0.9721500000,0.9947400000,0.6728300000,0.0092956000,0.0157260000,0.0211920000,0.0739460000,0.0054383000,0.0014673000,0.0001548800,0.7820100000,7
9,0.8237300000,1.6421000000,0.4745800000,0.8577700000,0.9842100000,0.5037400000,0.0200490000,0.0731570000,0.0186980000,0.0755670000,0.0056780000,0.0023517000,0.0000879000,0.7658000000,7
10,0.8428500000,1.8572000000,0.5193100000,0.9133900000,0.9754400000,0.6052600000,0.0287340000,0.1502700000,0.0382830000,0.1156000000,0.0131860000,0.0048867000,0.0001255800,1.1185000000,7
1,0.9850200000,6.0596000000,0.8361200000,0.9762800000,0.9877200000,0.3154600000,0.0232200000,0.0981330000,0.0368300000,0.1066100000,0.0112380000,0.0032908000,0.0002220600,1.0185000000,8
2,0.9848700000,6.0229000000,0.8362800000,0.9652200000,1.0000000000,0.2950900000,0.0246670000,0.1107400000,0.0303000000,0.0970950000,0.0093394000,0.0027833000,0.0001834100,0.8502500000,8
3,0.9885300000,6.6280000000,0.8492800000,0.9686100000,0.9771900000,0.2771700000,0.0290320000,0.1534000000,0.0327220000,0.1028300000,0.0104620000,0.0033387000,0.0001311600,0.9498500000,8
4,0.9832600000,5.8308000000,0.8287800000,0.9648900000,1.0000000000,0.3077700000,0.0146720000,0.0391780000,0.0192780000,0.0731180000,0.0053178000,0.0014657000,0.0000979000,0.6640300000,8
5,0.9859200000,6.0269000000,0.8388400000,0.9602700000,0.9684200000,0.2834500000,0.0250040000,0.1137900000,0.0212260000,0.0808690000,0.0064972000,0.0019570000,0.0000916000,0.6483900000,8
6,0.9869500000,6.2904000000,0.8412400000,0.9708500000,1.0000000000,0.2928800000,0.0232210000,0.0981400000,0.0258590000,0.0898210000,0.0080032000,0.0024919000,0.0000979000,0.8112000000,8
7,0.9871700000,6.5173000000,0.8472600000,0.9684600000,1.0000000000,0.2889900000,0.0220560000,0.0885400000,0.0421240000,0.1184200000,0.0138290000,0.0043818000,0.0002021500,1.0980000000,8
8,0.9836100000,5.8719000000,0.8284700000,0.9548800000,0.9842100000,0.3213400000,0.0401640000,0.2935900000,0.0392430000,0.1162200000,0.0133270000,0.0043872000,0.0001946500,1.0006000000,8
9,0.9864300000,6.1273000000,0.8473700000,0.9527400000,0.8964900000,0.2998200000,0.0194210000,0.0686430000,0.0289860000,0.0956420000,0.0090645000,0.0027526000,0.0001442500,0.8252900000,8
10,0.9860000000,6.1763000000,0.8394200000,0.9783700000,0.9929800000,0.3160700000,0.0117690000,0.0252080000,0.0510480000,0.1352400000,0.0179610000,0.0060176000,0.0003128000,1.1660000000,8
11,0.9882400000,7.1420000000,0.8606900000,0.9668300000,0.9947400000,0.2695100000,0.0216970000,0.0856800000,0.0243610000,0.0871080000,0.0075307000,0.0023055000,0.0000979000,0.7396000000,8
1,0.4782100000,1.2059000000,0.3497600000,0.9037800000,0.9964900000,0.5129800000,0.0301660000,0.1656100000,0.0825090000,0.1734700000,0.0292130000,0.0093049000,0.0006787100,1.5956000000,9
2,0.5394100000,1.2780000000,0.3228600000,0.9179300000,0.9736800000,0.6354500000,0.0348840000,0.2214700000,0.0609670000,0.1512400000,0.0223620000,0.0076389000,0.0004395300,1.2541000000,9
3,0.5483300000,1.2733000000,0.3109300000,0.9340900000,0.9982500000,0.5970700000,0.0179660000,0.0587440000,0.0436850000,0.1250500000,0.0153970000,0.0051037000,0.0004244100,0.9461700000,9
4,0.5893800000,1.3232000000,0.4014500000,0.8900900000,0.9842100000,0.4397700000,0.0479070000,0.4177000000,0.1148800000,0.1921100000,0.0355920000,0.0091838000,0.0015424000,2.1004000000,9
5,0.6480300000,1.3920000000,0.4136200000,0.8975200000,0.9631600000,0.5089200000,0.0267370000,0.1301000000,0.0582840000,0.1503300000,0.0220990000,0.0078269000,0.0003642600,1.1840000000,9
6,0.5402900000,1.2759000000,0.3699200000,0.8883100000,0.9771900000,0.5428300000,0.0281380000,0.1441000000,0.0515540000,0.1425600000,0.0199170000,0.0074501000,0.0002035400,1.1427000000,9
7,0.4309000000,1.2825000000,0.3876900000,0.8534100000,0.9666700000,0.4620400000,0.0524030000,0.4997900000,0.0676880000,0.1619800000,0.0255660000,0.0091042000,0.0004308500,1.3596000000,9
8,0.4659000000,1.2195000000,0.2709500000,0.9443300000,1.0000000000,0.6659900000,0.0133220000,0.0322990000,0.0243320000,0.1040500000,0.0107100000,0.0047135000,0.0000463000,0.5644700000,9
9,0.4867000000,1.2165000000,0.3769100000,0.9016100000,0.9947400000,0.5400600000,0.0321810000,0.1884800000,0.0987160000,0.1837700000,0.0326700000,0.0095290000,0.0009566100,1.9018000000,9
10,0.4609800000,1.2199000000,0.3296700000,0.9045900000,1.0000000000,0.5632900000,0.0270610000,0.1332800000,0.0921560000,0.1824900000,0.0322300000,0.0100760000,0.0009096200,1.7156000000,9
11,0.7308600000,1.5285000000,0.4645500000,0.8729100000,0.9719300000,0.4865000000,0.0342890000,0.2139900000,0.0289800000,0.1019100000,0.0102800000,0.0035859000,0.0001005100,0.7667600000,9
12,0.5157700000,1.2902000000,0.3245400000,0.9208000000,0.9947400000,0.6201700000,0.0238790000,0.1037800000,0.0475010000,0.1222800000,0.0147320000,0.0042129000,0.0005694500,1.1232000000,9
13,0.5983700000,1.3539000000,0.3570400000,0.9364700000,0.9982500000,0.6444800000,0.0198180000,0.0714840000,0.0453260000,0.1313700000,0.0169660000,0.0059817000,0.0003532000,0.9368200000,9
14,0.5511200000,1.2821000000,0.3968300000,0.8837500000,0.9964900000,0.4949200000,0.0305760000,0.1701500000,0.0620150000,0.1462100000,0.0209300000,0.0063685000,0.0006774700,1.2659000000,9
1,0.4494100000,1.1374000000,0.3845800000,0.9073600000,0.9736800000,0.5459500000,0.0478090000,0.4160100000,0.1138500000,0.1860800000,0.0334670000,0.0082395000,0.0012682000,2.2422000000,10
2,0.4672700000,1.1876000000,0.3674800000,0.9154200000,0.9771900000,0.5799500000,0.0513350000,0.4796200000,0.1376400000,0.1873200000,0.0338990000,0.0061636000,0.0029358000,2.5551000000,10
3,0.5536200000,1.2438000000,0.3951700000,0.9109200000,0.9719300000,0.5111300000,0.0463230000,0.3905500000,0.0831540000,0.1746500000,0.0296000000,0.0094574000,0.0007460700,1.5807000000,10
4,0.3217500000,1.1782000000,0.3215100000,0.9180300000,0.9754400000,0.5871900000,0.0459330000,0.3840000000,0.0768180000,0.1462200000,0.0209310000,0.0048174000,0.0014091000,1.6749000000,10
5,0.6441400000,1.3700000000,0.4269700000,0.9145700000,0.9649100000,0.4476400000,0.0554110000,0.5588200000,0.1203000000,0.1914900000,0.0353730000,0.0084315000,0.0018137000,2.2137000000,10
6,0.5597700000,1.3442000000,0.3430100000,0.9298000000,0.9754400000,0.5787900000,0.0535640000,0.5221800000,0.1490500000,0.2554300000,0.0612490000,0.0238100000,0.0005970100,2.4130000000,10
7,0.5011400000,1.2499000000,0.3010100000,0.9447700000,0.9807000000,0.6743000000,0.0494000000,0.4441500000,0.0962520000,0.2303400000,0.0503820000,0.0258770000,0.0002693400,1.4463000000,10
8,0.2304100000,1.1294000000,0.2549600000,0.9420100000,0.9736800000,0.6084000000,0.0407220000,0.3018000000,0.1095700000,0.2357100000,0.0526360000,0.0241800000,0.0004235300,1.6648000000,10
9,0.4609400000,1.1366000000,0.2290500000,0.9556500000,0.9754400000,0.7123400000,0.0382860000,0.2667800000,0.1175300000,0.2204100000,0.0463290000,0.0165540000,0.0006476600,1.9866000000,10
10,0.5491300000,1.2769000000,0.3128300000,0.9388900000,0.9912300000,0.5933000000,0.0415390000,0.3140400000,0.1518800000,0.2605000000,0.0635500000,0.0237900000,0.0008430000,2.2030000000,10
11,0.3216800000,1.1127000000,0.2705500000,0.9542600000,0.9929800000,0.7000600000,0.0542600000,0.5358400000,0.1096700000,0.2150700000,0.0442120000,0.0162520000,0.0006119500,1.8452000000,10
12,0.3856400000,1.0471000000,0.2332800000,0.9517600000,0.9736800000,0.6710700000,0.0508320000,0.4702800000,0.1356300000,0.2474400000,0.0576930000,0.0220000000,0.0008683500,1.9757000000,10
13,0.3612700000,1.0573000000,0.2621300000,0.9392300000,0.9666700000,0.5930200000,0.0496200000,0.4481100000,0.1906700000,0.2808100000,0.0730890000,0.0238250000,0.0012501000,2.6604000000,10
1,0.5124700000,1.1116000000,0.6562600000,0.5772400000,0.5929800000,0.1686700000,0.1118700000,2.2776000000,0.0160010000,0.0612380000,0.0037361000,0.0008786100,0.0001028400,0.6508000000,11
2,0.5489300000,1.1111000000,0.6398300000,0.5662300000,0.6000000000,0.1574300000,0.1308100000,3.1143000000,0.0212310000,0.0797220000,0.0063155000,0.0019123000,0.0000739000,0.7194900000,11
3,0.4342500000,1.0950000000,0.6882800000,0.5239800000,0.5421100000,0.1539600000,0.1376100000,3.4462000000,0.0211470000,0.0732020000,0.0053299000,0.0013400000,0.0001637600,0.7549600000,11
4,0.3850100000,1.0656000000,0.6304200000,0.5122300000,0.5912300000,0.1370500000,0.1229200000,2.7498000000,0.0333730000,0.0989070000,0.0096879000,0.0027872000,0.0002142600,1.0015000000,11
5,0.2675800000,1.1316000000,0.6012800000,0.5430100000,0.7736800000,0.2031100000,0.1535400000,4.2904000000,0.0179450000,0.0714500000,0.0050792000,0.0014652000,0.0000725000,0.6327300000,11
6,0.2446500000,1.0470000000,0.6051100000,0.5652400000,0.7947400000,0.2178800000,0.1252200000,2.8540000000,0.0375950000,0.1270000000,0.0158740000,0.0065870000,0.0001079800,0.8331000000,11
7,0.3909200000,1.0870000000,0.6817400000,0.5096100000,0.6614000000,0.1536100000,0.1408200000,3.6093000000,0.0286380000,0.0891350000,0.0078824000,0.0021177000,0.0002104400,0.9008200000,11
8,0.4042000000,1.0965000000,0.6589900000,0.5283300000,0.6842100000,0.1771000000,0.1301700000,3.0837000000,0.0290570000,0.0968360000,0.0092902000,0.0028927000,0.0001265000,0.8238300000,11
9,0.5069200000,1.1270000000,0.6720300000,0.5302400000,0.7526300000,0.1679200000,0.1300600000,3.0788000000,0.0152790000,0.0575920000,0.0033059000,0.0007284700,0.0001098300,0.6728900000,11
10,0.4756500000,1.0656000000,0.6917200000,0.5233000000,0.4964900000,0.1413300000,0.1298700000,3.0697000000,0.0239770000,0.0842000000,0.0070397000,0.0020845000,0.0001128400,0.7739900000,11
11,0.5238200000,1.1117000000,0.6717500000,0.5470100000,0.6298200000,0.1515700000,0.1367400000,3.4028000000,0.0264340000,0.0857920000,0.0073064000,0.0021373000,0.0001658300,0.9051300000,11
12,0.3646200000,1.0811000000,0.6775500000,0.4904200000,0.6877200000,0.1411800000,0.1243000000,2.8118000000,0.0378660000,0.1169200000,0.0134850000,0.0046475000,0.0001769000,0.9229000000,11
13,0.5221200000,1.1191000000,0.7098800000,0.5067800000,0.6491200000,0.1412000000,0.1319200000,3.1674000000,0.0254780000,0.0859640000,0.0073356000,0.0021793000,0.0001485000,0.8280900000,11
14,0.3820300000,1.0405000000,0.6901000000,0.4854900000,0.6368400000,0.1316500000,0.1185200000,2.5565000000,0.0279970000,0.0933120000,0.0086320000,0.0026591000,0.0001246900,0.8499400000,11
15,0.2712300000,1.0960000000,0.6807500000,0.4944600000,0.5368400000,0.1308800000,0.1281500000,2.9887000000,0.0219430000,0.0728820000,0.0052838000,0.0013391000,0.0002205800,0.8040200000,11
16,0.4488200000,1.0118000000,0.6301000000,0.5713400000,0.8105300000,0.1618700000,0.1111500000,2.2486000000,0.0273090000,0.0888890000,0.0078393000,0.0022734000,0.0001754500,0.8600000000,11
1,0.8837400000,2.4765000000,0.6138900000,0.8581000000,0.9824600000,0.4044800000,0.0545110000,0.5408100000,0.0648900000,0.1465700000,0.0210320000,0.0067378000,0.0003720400,1.6461000000,12
2,0.9157900000,2.5959000000,0.6302300000,0.9497700000,1.0000000000,0.4976000000,0.0244040000,0.1083900000,0.0670440000,0.1528000000,0.0228140000,0.0075708000,0.0003140500,1.6221000000,12
3,0.8286600000,1.9848000000,0.5091700000,0.9418000000,0.9982500000,0.5594200000,0.0255240000,0.1185700000,0.0801030000,0.1669200000,0.0271070000,0.0086548000,0.0004265000,1.8038000000,12
4,0.8786300000,2.4734000000,0.6089800000,0.8786900000,0.9912300000,0.4575800000,0.0569940000,0.5911900000,0.0764710000,0.1636900000,0.0260950000,0.0087482000,0.0003434800,1.8363000000,12
5,0.9287600000,2.8218000000,0.6608100000,0.9333500000,0.9754400000,0.4369900000,0.0461520000,0.3876700000,0.0508060000,0.1340800000,0.0176610000,0.0064421000,0.0001793700,1.4027000000,12
6,0.9109300000,2.6184000000,0.6323600000,0.9286800000,0.9912300000,0.5158400000,0.0210910000,0.0809560000,0.0509400000,0.1267600000,0.0158150000,0.0047138000,0.0003180400,1.3323000000,12
7,0.9247900000,2.5638000000,0.6225500000,0.9622600000,0.9789500000,0.5750400000,0.0097927000,0.0174530000,0.0261560000,0.1002900000,0.0099580000,0.0040505000,0.0000447000,0.7771800000,12
8,0.9003700000,2.3499000000,0.6012500000,0.9371300000,0.9842100000,0.4617200000,0.0316600000,0.1824200000,0.0962350000,0.1808100000,0.0316580000,0.0105000000,0.0005082400,2.3052000000,12
9,0.8728000000,2.3151000000,0.5875100000,0.9071600000,0.9877200000,0.4525700000,0.0580290000,0.6128700000,0.0759700000,0.1737800000,0.0293130000,0.0114480000,0.0002564200,1.6895000000,12
10,0.9337700000,2.8883000000,0.6666500000,0.9302600000,0.9631600000,0.4303200000,0.0357100000,0.2320900000,0.0476750000,0.1291700000,0.0164120000,0.0057866000,0.0001611300,1.3210000000,12
11,0.8818500000,2.1732000000,0.5702800000,0.9301300000,0.9982500000,0.4501400000,0.0490620000,0.4380900000,0.0722460000,0.1660100000,0.0268200000,0.0102880000,0.0002503000,1.7405000000,12
12,0.8725900000,2.1845000000,0.5692200000,0.9396900000,0.9947400000,0.5261100000,0.0445980000,0.3619900000,0.0603880000,0.1422700000,0.0198390000,0.0062705000,0.0003149400,1.4969000000,12
1,0.7176300000,1.5041000000,0.3372300000,0.9880300000,1.0000000000,0.8234200000,0.0040421000,0.0029736000,0.0500640000,0.1254200000,0.0154860000,0.0046629000,0.0002709100,1.3598000000,13
2,0.7328100000,1.5437000000,0.3623100000,0.9861600000,1.0000000000,0.7935900000,0.0052593000,0.0050342000,0.0467310000,0.1203000000,0.0142650000,0.0041563000,0.0002644200,1.2681000000,13
3,0.7528500000,1.5603000000,0.3847400000,0.9870100000,0.9964900000,0.7803700000,0.0046110000,0.0038695000,0.0467050000,0.1172300000,0.0135560000,0.0038164000,0.0002837100,1.3539000000,13
4,0.7393500000,1.5319000000,0.3498700000,0.9847900000,1.0000000000,0.8106700000,0.0078079000,0.0110950000,0.0278880000,0.1147200000,0.0129900000,0.0060166000,0.0000501000,0.5989500000,13
5,0.6396900000,1.3612000000,0.2884500000,0.9873800000,1.0000000000,0.8212500000,0.0042318000,0.0032593000,0.0804460000,0.1581300000,0.0243940000,0.0066506000,0.0006762900,1.8274000000,13
6,0.6203300000,1.3105000000,0.2631200000,0.9853500000,1.0000000000,0.8247800000,0.0049896000,0.0045311000,0.0700420000,0.1465500000,0.0210250000,0.0058018000,0.0005301900,1.7050000000,13
7,0.6453600000,1.3743000000,0.2816200000,0.9864600000,1.0000000000,0.8449400000,0.0054270000,0.0053602000,0.0268530000,0.0859490000,0.0073330000,0.0020334000,0.0001281300,0.9429600000,13
8,0.7011500000,1.4925000000,0.3404800000,0.9826200000,1.0000000000,0.7847300000,0.0061511000,0.0068862000,0.0840500000,0.1710200000,0.0284180000,0.0087725000,0.0005285500,1.7782000000,13
9,0.7027500000,1.5016000000,0.3477200000,0.9877600000,0.9982500000,0.8084800000,0.0037534000,0.0025640000,0.0555120000,0.1261300000,0.0156590000,0.0040220000,0.0005010600,1.4395000000,13
10,0.6968600000,1.4507000000,0.3357500000,0.9851000000,1.0000000000,0.8046100000,0.0036582000,0.0024356000,0.0382110000,0.1088900000,0.0117170000,0.0035810000,0.0001665700,1.1363000000,13
11,0.6635100000,1.4024000000,0.3117900000,0.9852900000,1.0000000000,0.8109100000,0.0068704000,0.0085907000,0.0682060000,0.1389500000,0.0189400000,0.0049098000,0.0006242200,1.7727000000,13
12,0.6736200000,1.3988000000,0.3060800000,0.9830100000,1.0000000000,0.7999800000,0.0087621000,0.0139730000,0.1196000000,0.1780400000,0.0307260000,0.0063197000,0.0016787000,2.5094000000,13
13,0.6431400000,1.3574000000,0.2806300000,0.9863100000,0.9982500000,0.8138100000,0.0052732000,0.0050608000,0.0585310000,0.1310800000,0.0168920000,0.0044631000,0.0004830600,1.5136000000,13
1,0.9129800000,2.4550000000,0.6109700000,0.9697900000,0.9982500000,0.5621000000,0.0095958000,0.0167580000,0.0904470000,0.1871000000,0.0338230000,0.0115000000,0.0005640000,1.6879000000,14
2,0.9136000000,2.5213000000,0.6134100000,0.9722700000,1.0000000000,0.5624800000,0.0078474000,0.0112080000,0.0684270000,0.1432500000,0.0201080000,0.0055763000,0.0005719400,1.7187000000,14
3,0.9135500000,2.4570000000,0.6110800000,0.9703400000,0.9754400000,0.5645000000,0.0077029000,0.0107990000,0.0925470000,0.1878600000,0.0340880000,0.0117080000,0.0004609700,1.8501000000,14
4,0.9137800000,2.4132000000,0.6036200000,0.9661800000,0.9964900000,0.5615300000,0.0091377000,0.0151970000,0.1060400000,0.2031600000,0.0396370000,0.0132270000,0.0007298400,1.8526000000,14
5,0.8589700000,1.9723000000,0.5143400000,0.9740700000,0.9982500000,0.6792000000,0.0068392000,0.0085129000,0.0465180000,0.1384800000,0.0188160000,0.0073898000,0.0001545400,1.0140000000,14
6,0.9129600000,2.4862000000,0.6231500000,0.9618800000,1.0000000000,0.5104100000,0.0106840000,0.0207750000,0.0645390000,0.1367800000,0.0183650000,0.0048636000,0.0005275700,1.6875000000,14
7,0.9380200000,2.8087000000,0.6577400000,0.9709100000,1.0000000000,0.5819400000,0.0067321000,0.0082485000,0.0522180000,0.1349100000,0.0178740000,0.0057374000,0.0003024600,1.2161000000,14
8,0.9405800000,3.0366000000,0.6924800000,0.9395200000,0.9947400000,0.4297900000,0.0312190000,0.1773800000,0.0386910000,0.1076000000,0.0114450000,0.0032156000,0.0002481600,1.0843000000,14
9,0.8967200000,2.2534000000,0.5768900000,0.9648800000,1.0000000000,0.5790600000,0.0081422000,0.0120660000,0.0627780000,0.1512000000,0.0223510000,0.0078553000,0.0003119200,1.4575000000,14
10,0.8950700000,2.2045000000,0.5560500000,0.9770100000,0.9964900000,0.6421400000,0.0053433000,0.0051962000,0.1020000000,0.1959800000,0.0369880000,0.0125620000,0.0004843700,2.0484000000,14
11,0.8824600000,2.1000000000,0.5486000000,0.9692900000,0.9982500000,0.6189700000,0.0073021000,0.0097043000,0.1015200000,0.1971700000,0.0374200000,0.0129950000,0.0004912500,2.0094000000,14
12,0.9083100000,2.4038000000,0.5926300000,0.9768800000,0.9982500000,0.5925900000,0.0064679000,0.0076137000,0.0636880000,0.1472000000,0.0212080000,0.0067017000,0.0003270200,1.5332000000,14
1,0.4132000000,1.0384000000,0.4846500000,0.7811800000,0.8701800000,0.3047800000,0.0807220000,1.1859000000,0.0473030000,0.1261900000,0.0156740000,0.0058992000,0.0001903700,1.4890000000,15
2,0.5632400000,1.1928000000,0.4740000000,0.7756400000,0.9333300000,0.3479100000,0.0694040000,0.8766800000,0.1040100000,0.1792300000,0.0311250000,0.0094494000,0.0007473900,2.4883000000,15
3,0.4896700000,1.1232000000,0.4617500000,0.8021400000,0.9000000000,0.3103400000,0.0734620000,0.9822000000,0.1012500000,0.1792600000,0.0311330000,0.0101020000,0.0006813100,2.4808000000,15
4,0.6031900000,1.0880000000,0.5173900000,0.7638000000,0.9017500000,0.2380200000,0.0770220000,1.0797000000,0.1099400000,0.1797600000,0.0313030000,0.0088846000,0.0008788800,2.6613000000,15
5,0.5362200000,1.2341000000,0.4497900000,0.7882000000,0.9438600000,0.3842600000,0.0722530000,0.9501300000,0.0429920000,0.1233700000,0.0149930000,0.0056501000,0.0001310300,1.2646000000,15
6,0.3790200000,1.0738000000,0.5242000000,0.7158600000,0.8543900000,0.2630900000,0.0653120000,0.7763500000,0.0671610000,0.1427500000,0.0199690000,0.0059582000,0.0004063400,1.8527000000,15
7,0.5369300000,1.0751000000,0.5566700000,0.7439500000,0.7754400000,0.2724100000,0.0802780000,1.1729000000,0.0913220000,0.1626500000,0.0257730000,0.0073180000,0.0008069700,2.2704000000,15
8,0.5115300000,1.0767000000,0.4705300000,0.7795200000,0.9070200000,0.2883800000,0.0769920000,1.0789000000,0.0847110000,0.1721300000,0.0287760000,0.0099656000,0.0003964400,2.0412000000,15
9,0.4427100000,1.0836000000,0.4954800000,0.7443400000,0.8701800000,0.2647800000,0.0794810000,1.1497000000,0.1015100000,0.1726000000,0.0289290000,0.0076406000,0.0008448700,2.3890000000,15
10,0.3057400000,1.1176000000,0.5884700000,0.6650200000,0.8473700000,0.2407400000,0.1006400000,1.8435000000,0.0746210000,0.1427300000,0.0199660000,0.0054026000,0.0006239100,2.1403000000,15
1,0.9252200000,2.6950000000,0.6357100000,0.9299400000,0.9929800000,0.5050000000,0.0407070000,0.3015800000,0.0557420000,0.1559200000,0.0237340000,0.0096617000,0.0003023700,1.0351000000,22
2,0.9055700000,2.3423000000,0.5848700000,0.9594300000,0.9736800000,0.5553700000,0.0235420000,0.1008700000,0.0458970000,0.1343300000,0.0177240000,0.0066757000,0.0002452800,0.9943000000,22
3,0.9188500000,2.6380000000,0.6285900000,0.9669200000,0.9912300000,0.5226900000,0.0200810000,0.0733900000,0.0541450000,0.1674000000,0.0272570000,0.0133220000,0.0001664400,0.8989000000,22
4,0.8896500000,2.3863000000,0.5905100000,0.9056400000,0.9842100000,0.5136000000,0.0489340000,0.4358100000,0.0628860000,0.1745400000,0.0295620000,0.0133640000,0.0002635700,1.0734000000,22
5,0.9456000000,3.1174000000,0.7091200000,0.7948900000,0.8929800000,0.3391500000,0.1345700000,3.2956000000,0.0526850000,0.1487500000,0.0216480000,0.0085690000,0.0002561400,1.0503000000,22
6,0.9174700000,2.7054000000,0.6409100000,0.8768700000,0.9894700000,0.4253100000,0.0893640000,1.4534000000,0.0422160000,0.1209800000,0.0144240000,0.0047692000,0.0003061000,1.0097000000,22
7,0.8604900000,2.0997000000,0.5320000000,0.9358000000,0.9877200000,0.5343000000,0.0339940000,0.2103200000,0.0402540000,0.1359200000,0.0181400000,0.0080226000,0.0001014300,0.8205900000,22
8,0.8980800000,2.4056000000,0.5913700000,0.9318600000,0.9859600000,0.5122900000,0.0293980000,0.1572900000,0.0441850000,0.1547900000,0.0234000000,0.0123360000,0.0000763000,0.7888700000,22
9,0.8698800000,2.1277000000,0.5392600000,0.9625700000,1.0000000000,0.6492700000,0.0278990000,0.1416600000,0.0268490000,0.0969680000,0.0093152000,0.0032376000,0.0001040200,0.7271000000,22
10,0.8667500000,2.0417000000,0.5299900000,0.9447700000,0.9894700000,0.5514100000,0.0287490000,0.1504300000,0.0310230000,0.1200700000,0.0142110000,0.0064538000,0.0000695000,0.6496600000,22
11,0.9665200000,3.8162000000,0.7427300000,0.8256600000,0.9473700000,0.3292500000,0.1446000000,3.8052000000,0.0227150000,0.1014800000,0.0101930000,0.0046292000,0.0000445000,0.5217500000,22
12,0.9339600000,2.9367000000,0.6668900000,0.9254300000,0.9947400000,0.4567600000,0.0300520000,0.1643700000,0.0151590000,0.0711980000,0.0050436000,0.0017096000,0.0000485000,0.4676200000,22
1,0.6182300000,1.2435000000,0.3308400000,0.9414700000,0.9614000000,0.6408900000,0.0242550000,0.1070800000,0.0175430000,0.0974500000,0.0094072000,0.0051286000,0.0000128000,0.3732400000,23
2,0.6171700000,1.2296000000,0.3489700000,0.9318900000,0.9736800000,0.6017600000,0.0253750000,0.1171900000,0.0129060000,0.0701970000,0.0049035000,0.0019323000,0.0000244000,0.3772800000,23
3,0.6240400000,1.1599000000,0.4789900000,0.9156200000,0.8508800000,0.4515400000,0.0972050000,1.7197000000,0.0139830000,0.0764080000,0.0058043000,0.0024109000,0.0000256000,0.3602900000,23
4,0.4822900000,1.1574000000,0.4261700000,0.9174100000,0.9245600000,0.4669900000,0.0633960000,0.7314700000,0.0265220000,0.1050000000,0.0109040000,0.0044681000,0.0000678000,0.6346800000,23
5,0.5684000000,1.1876000000,0.4800100000,0.9124700000,0.7947400000,0.3885000000,0.0891620000,1.4469000000,0.0271130000,0.1018200000,0.0102610000,0.0037888000,0.0001067300,0.6556700000,23
6,0.6273300000,1.2441000000,0.5021400000,0.9004900000,0.8666700000,0.4775800000,0.0925910000,1.5603000000,0.0203400000,0.0916450000,0.0083289000,0.0033696000,0.0000491000,0.4919500000,23
7,0.5863700000,1.1419000000,0.3033900000,0.9330500000,0.9210500000,0.5732300000,0.0412820000,0.3101600000,0.0228860000,0.0937040000,0.0087041000,0.0032291000,0.0001044100,0.5448100000,23
8,0.5077100000,1.1084000000,0.2507100000,0.9352900000,0.9859600000,0.6492700000,0.0259500000,0.1225600000,0.0134930000,0.0735090000,0.0053745000,0.0021246000,0.0000319000,0.3475000000,23
9,0.6018000000,1.2254000000,0.4183500000,0.9426900000,0.9526300000,0.5487100000,0.0588350000,0.6299900000,0.0162020000,0.0748830000,0.0055761000,0.0018797000,0.0000713000,0.4376900000,23
10,0.6354800000,1.2020000000,0.4736500000,0.8937300000,0.8684200000,0.4434700000,0.0776160000,1.0964000000,0.0224030000,0.1038600000,0.0106720000,0.0050840000,0.0000313000,0.4891100000,23
11,0.6504800000,1.2354000000,0.4498700000,0.9092900000,0.8912300000,0.5759400000,0.0706990000,0.9097000000,0.0093349000,0.0592000000,0.0034924000,0.0013047000,0.0000222000,0.2616900000,23
1,0.6460400000,1.4683000000,0.3545700000,0.9588000000,0.9912300000,0.7064100000,0.0202100000,0.0743340000,0.0590260000,0.1272100000,0.0159250000,0.0037362000,0.0012496000,1.3596000000,24
2,0.5545700000,1.2955000000,0.2551900000,0.9744100000,0.9982500000,0.7824000000,0.0120630000,0.0264830000,0.0201290000,0.0767220000,0.0058518000,0.0016389000,0.0001275100,0.6062900000,24
3,0.4443000000,1.2035000000,0.1943200000,0.9831900000,1.0000000000,0.8330000000,0.0103170000,0.0193730000,0.0290590000,0.1026500000,0.0104270000,0.0036270000,0.0001174800,0.7325500000,24
4,0.6368000000,1.4266000000,0.2997600000,0.9747000000,0.9982500000,0.7845700000,0.0133850000,0.0326080000,0.0282720000,0.0844950000,0.0070888000,0.0017155000,0.0003135100,0.9130000000,24
5,0.6416800000,1.4853000000,0.3362000000,0.9556200000,0.9982500000,0.7295200000,0.0174390000,0.0553500000,0.0241300000,0.0746410000,0.0055403000,0.0011940000,0.0003192100,0.8227900000,24
6,0.5823200000,1.3430000000,0.2927100000,0.9505500000,0.9982500000,0.7149900000,0.0268760000,0.1314600000,0.0681340000,0.1320400000,0.0171360000,0.0036798000,0.0014697000,1.6315000000,24
7,0.4456700000,1.2107000000,0.2025700000,0.9710400000,0.9912300000,0.8009400000,0.0161770000,0.0476280000,0.0206320000,0.0741150000,0.0054631000,0.0013865000,0.0001617400,0.6642300000,24
8,0.6792500000,1.4870000000,0.3346500000,0.9730700000,0.9824600000,0.7713000000,0.0123990000,0.0279800000,0.0075996000,0.0441320000,0.0019439000,0.0004905900,0.0000369000,0.2885700000,24
9,0.1170800000,1.0944000000,0.1745000000,0.9754500000,1.0000000000,0.8195700000,0.0161140000,0.0472590000,0.0330070000,0.0870920000,0.0075278000,0.0015680000,0.0006066000,1.0292000000,24
10,0.5328300000,1.3078000000,0.2592500000,0.9672700000,1.0000000000,0.7706500000,0.0177450000,0.0573120000,0.0534100000,0.1225900000,0.0148060000,0.0035923000,0.0012358000,1.1886000000,24
11,0.5282800000,1.2496000000,0.2238000000,0.9831700000,1.0000000000,0.8249500000,0.0103720000,0.0195800000,0.0474820000,0.1027400000,0.0104440000,0.0019794000,0.0011976000,1.3410000000,24
12,0.3523600000,1.1460000000,0.2007600000,0.9687600000,0.9964900000,0.7133300000,0.0177290000,0.0572040000,0.0332490000,0.0990680000,0.0097191000,0.0026530000,0.0003572800,0.8704600000,24
13,0.6489700000,1.4597000000,0.3304000000,0.9740600000,1.0000000000,0.7532300000,0.0160210000,0.0467150000,0.0120250000,0.0502660000,0.0025203000,0.0005111600,0.0001329900,0.4926100000,24
1,0.7216200000,1.4686000000,0.4347500000,0.9133700000,0.9859600000,0.6073800000,0.0463240000,0.3905500000,0.0976280000,0.1847100000,0.0329920000,0.0097255000,0.0010430000,1.8296000000,25
2,0.7157300000,1.3808000000,0.3779800000,0.9503500000,0.9912300000,0.6813800000,0.0250770000,0.1144500000,0.1042900000,0.2318300000,0.0510040000,0.0235710000,0.0004442500,1.5025000000,25
3,0.8195700000,1.5600000000,0.4951300000,0.9103600000,0.9842100000,0.6069100000,0.0459770000,0.3847300000,0.0978940000,0.2066500000,0.0409540000,0.0155210000,0.0007191000,1.5452000000,25
4,0.8302900000,1.6330000000,0.4943700000,0.9259700000,0.9684200000,0.6252900000,0.0453310000,0.3739900000,0.1342300000,0.2648000000,0.0655230000,0.0297860000,0.0007441600,1.7493000000,25
5,0.7525900000,1.5852000000,0.4115500000,0.9103600000,0.9929800000,0.6582100000,0.0441620000,0.3549500000,0.1295900000,0.2534300000,0.0603520000,0.0260030000,0.0006390700,1.8130000000,25
6,0.7831000000,1.5389000000,0.4263900000,0.9464800000,0.9754400000,0.6547800000,0.0387060000,0.2726600000,0.1260700000,0.2446900000,0.0564920000,0.0232590000,0.0006676600,1.8504000000,25
7,0.7882300000,1.6027000000,0.4499500000,0.9135700000,0.9561400000,0.6278100000,0.0607070000,0.6707200000,0.1295800000,0.2522000000,0.0598030000,0.0252280000,0.0009264000,1.7489000000,25
8,0.8309400000,1.6643000000,0.4943900000,0.9601600000,0.9964900000,0.6560500000,0.0238410000,0.1034500000,0.1226600000,0.2476600000,0.0577890000,0.0253080000,0.0007833600,1.7001000000,25
9,0.7885000000,1.6380000000,0.4303200000,0.9541700000,1.0000000000,0.7110100000,0.0267830000,0.1305500000,0.1280800000,0.2144100000,0.0439500000,0.0130320000,0.0010116000,2.2764000000,25
1,0.7336500000,1.5028000000,0.3488700000,0.9828000000,1.0000000000,0.8014400000,0.0053647000,0.0052380000,0.0292550000,0.1032700000,0.0105530000,0.0043013000,0.0000916000,0.8840700000,26
2,0.8277500000,1.8420000000,0.4876900000,0.9738300000,0.9982500000,0.6840500000,0.0161900000,0.0477060000,0.0220410000,0.0879630000,0.0076781000,0.0029651000,0.0000688000,0.6817400000,26
3,0.5562600000,1.2516000000,0.2397500000,0.9802000000,1.0000000000,0.8141100000,0.0073087000,0.0097220000,0.0569550000,0.1793300000,0.0311570000,0.0174030000,0.0000845000,0.9885800000,26
4,0.2990100000,1.0375000000,0.1076100000,0.9838600000,1.0000000000,0.8493600000,0.0114620000,0.0239120000,0.0328830000,0.0960340000,0.0091383000,0.0025695000,0.0001873400,1.0837000000,26
5,0.4822300000,1.1577000000,0.1690800000,0.9788600000,1.0000000000,0.7119200000,0.0088640000,0.0143000000,0.0371740000,0.1138400000,0.0127940000,0.0044407000,0.0001485200,1.0089000000,26
6,0.5895000000,1.2708000000,0.2436400000,0.9817300000,0.9964900000,0.8208200000,0.0074388000,0.0100710000,0.0416880000,0.1157600000,0.0132230000,0.0041000000,0.0002572400,1.1105000000,26
7,0.3220000000,1.0698000000,0.1362600000,0.9801700000,0.9982500000,0.8195300000,0.0129130000,0.0303470000,0.0762670000,0.1838300000,0.0326900000,0.0141590000,0.0002630900,1.4955000000,26
8,0.4820000000,1.1415000000,0.1523500000,0.9853600000,1.0000000000,0.8557200000,0.0072199000,0.0094870000,0.0218630000,0.0792830000,0.0062465000,0.0017479000,0.0001314300,0.6917800000,26
9,0.8740200000,2.0754000000,0.5537300000,0.9628100000,0.9842100000,0.5644800000,0.0196560000,0.0703160000,0.0375530000,0.1094600000,0.0118390000,0.0038499000,0.0002140700,1.0693000000,26
10,0.5813800000,1.2486000000,0.2148500000,0.9870400000,1.0000000000,0.8351100000,0.0046582000,0.0039492000,0.0407200000,0.1130400000,0.0126180000,0.0036743000,0.0003332200,1.0368000000,26
11,0.4097400000,1.0732000000,0.1453800000,0.9815500000,1.0000000000,0.8407000000,0.0042083000,0.0032232000,0.0495300000,0.1489000000,0.0216910000,0.0104190000,0.0001025800,1.1781000000,26
12,0.8255600000,1.6903000000,0.4747700000,0.9715300000,1.0000000000,0.7046200000,0.0191540000,0.0667740000,0.0259810000,0.1042700000,0.0107560000,0.0045965000,0.0000445000,0.6730600000,26
1,0.6026700000,1.2540000000,0.2058700000,0.9888300000,1.0000000000,0.8019300000,0.0084333000,0.0129440000,0.0177770000,0.0617860000,0.0038030000,0.0009196300,0.0001523100,0.8583900000,27
2,0.6690600000,1.2751000000,0.3087700000,0.9877000000,1.0000000000,0.8581600000,0.0048599000,0.0042987000,0.0314880000,0.0942410000,0.0088032000,0.0025337000,0.0001905700,1.0378000000,27
3,0.8138000000,1.7370000000,0.4295600000,0.9895600000,1.0000000000,0.7911700000,0.0086131000,0.0135020000,0.0338710000,0.1039900000,0.0106990000,0.0035528000,0.0001539400,1.0284000000,27
4,0.7271900000,1.4779000000,0.3298000000,0.9938800000,1.0000000000,0.8423000000,0.0029668000,0.0016019000,0.0263400000,0.0819030000,0.0066634000,0.0017846000,0.0001939000,0.9805000000,27
5,0.7992300000,1.6549000000,0.4091900000,0.9896400000,1.0000000000,0.8150000000,0.0048968000,0.0043641000,0.0286930000,0.0910080000,0.0082145000,0.0025009000,0.0001360600,0.9883400000,27
6,0.8135400000,1.6924000000,0.4101600000,0.9925600000,1.0000000000,0.7890900000,0.0046348000,0.0039096000,0.0313420000,0.0964930000,0.0092251000,0.0028704000,0.0001700700,1.0171000000,27
7,0.8561000000,1.8730000000,0.4965400000,0.9804700000,1.0000000000,0.6913000000,0.0092289000,0.0155010000,0.0479610000,0.1039000000,0.0106810000,0.0024623000,0.0008070300,1.6203000000,27
8,0.7596800000,1.5763000000,0.3895400000,0.9873100000,1.0000000000,0.8232300000,0.0055820000,0.0056708000,0.0347340000,0.0982080000,0.0095526000,0.0027074000,0.0002340400,1.1433000000,27
9,0.8031000000,1.6520000000,0.4026800000,0.9769500000,1.0000000000,0.7983300000,0.0108830000,0.0215580000,0.0467640000,0.1022700000,0.0103520000,0.0021515000,0.0007406300,1.5053000000,27
10,0.7938900000,1.5303000000,0.4293700000,0.9680200000,0.9964900000,0.7920900000,0.0165660000,0.0499490000,0.0470300000,0.1176900000,0.0136610000,0.0041812000,0.0003484600,1.4200000000,27
11,0.6655100000,1.3617000000,0.2680400000,0.9894900000,1.0000000000,0.7660300000,0.0051790000,0.0048816000,0.0177920000,0.0743920000,0.0055037000,0.0018166000,0.0000525000,0.6231700000,27
1,0.9460000000,3.3475000000,0.7081000000,0.9621200000,1.0000000000,0.4567100000,0.0354340000,0.2285100000,0.0549860000,0.1310600000,0.0168860000,0.0047646000,0.0005123800,1.3088000000,28
2,0.9303800000,2.8852000000,0.6752500000,0.9573800000,1.0000000000,0.5096400000,0.0271110000,0.1337700000,0.0507030000,0.1232900000,0.0149720000,0.0041932000,0.0003216600,1.3848000000,28
3,0.9154900000,2.6796000000,0.6286200000,0.9638100000,1.0000000000,0.5587400000,0.0190830000,0.0662760000,0.1035100000,0.1988200000,0.0380280000,0.0127510000,0.0005745300,1.9702000000,28
4,0.8720200000,2.1536000000,0.5381700000,0.9788000000,1.0000000000,0.6561900000,0.0203270000,0.0752030000,0.0813060000,0.1872600000,0.0338780000,0.0132110000,0.0003614200,1.4606000000,28
5,0.9132800000,2.5654000000,0.6118500000,0.9817900000,1.0000000000,0.6031300000,0.0067260000,0.0082335000,0.0934840000,0.1922500000,0.0356440000,0.0122450000,0.0006160300,1.6701000000,28
6,0.9199600000,2.6668000000,0.6308300000,0.9789400000,1.0000000000,0.5800200000,0.0103110000,0.0193490000,0.1125000000,0.1978500000,0.0376710000,0.0112050000,0.0007887500,2.2241000000,28
7,0.9167700000,2.6955000000,0.6299800000,0.9827500000,1.0000000000,0.5945900000,0.0049218000,0.0044087000,0.1046700000,0.1876000000,0.0339970000,0.0096762000,0.0008526400,2.0585000000,28
8,0.9139700000,2.7289000000,0.6465600000,0.9668500000,0.9929800000,0.5551900000,0.0223510000,0.0909250000,0.0685140000,0.1525000000,0.0227280000,0.0070313000,0.0004107600,1.5681000000,28
9,0.8762000000,2.2436000000,0.5631400000,0.9842500000,1.0000000000,0.6513300000,0.0101950000,0.0189150000,0.1448200000,0.2248500000,0.0481220000,0.0134230000,0.0012638000,2.4685000000,28
10,0.9208100000,2.9198000000,0.6584500000,0.9686100000,0.9982500000,0.5229900000,0.0115870000,0.0244370000,0.0647880000,0.1684200000,0.0275810000,0.0112200000,0.0002435700,1.2406000000,28
11,0.8683200000,2.1410000000,0.5400400000,0.9848300000,1.0000000000,0.6931300000,0.0090480000,0.0149000000,0.1192700000,0.2052000000,0.0404050000,0.0116590000,0.0010933000,2.1073000000,28
12,0.9332300000,3.2220000000,0.6917400000,0.9579100000,1.0000000000,0.4814200000,0.0226540000,0.0934030000,0.0753070000,0.1756100000,0.0299150000,0.0110620000,0.0003995700,1.4215000000,28
1,0.8375000000,1.9512000000,0.4905000000,0.9680000000,0.9824600000,0.6513800000,0.0162240000,0.0479080000,0.0051195000,0.0356210000,0.0012673000,0.0003224000,0.0000112000,0.2351400000,29
2,0.8327500000,2.0014000000,0.5015700000,0.9557000000,0.9964900000,0.6701900000,0.0284220000,0.1470200000,0.0092534000,0.0510820000,0.0026026000,0.0007328200,0.0000401000,0.3256700000,29
3,0.8457900000,2.0052000000,0.4993100000,0.9658500000,0.9982500000,0.6514900000,0.0199810000,0.0726600000,0.0050343000,0.0361890000,0.0013079000,0.0003511900,0.0000087600,0.2254700000,29
4,0.7405300000,1.6378000000,0.3892000000,0.9666000000,1.0000000000,0.7484400000,0.0250320000,0.1140400000,0.0083497000,0.0453910000,0.0020561000,0.0005493200,0.0000295000,0.3844900000,29
5,0.8292400000,1.8903000000,0.4724800000,0.9643500000,0.9982500000,0.6610000000,0.0238360000,0.1034100000,0.0057361000,0.0376340000,0.0014143000,0.0003689700,0.0000133000,0.2709900000,29
6,0.8225600000,1.9016000000,0.4762200000,0.9650500000,1.0000000000,0.6974600000,0.0250260000,0.1139800000,0.0056632000,0.0334150000,0.0011153000,0.0002294200,0.0000374000,0.2950200000,29
7,0.8450100000,2.0918000000,0.5173200000,0.9451000000,1.0000000000,0.6071000000,0.0397810000,0.2880200000,0.0081002000,0.0448490000,0.0020074000,0.0005078900,0.0000292000,0.3431600000,29
8,0.8187000000,1.9126000000,0.4783500000,0.9490400000,0.9929800000,0.5858500000,0.0380600000,0.2636400000,0.0050219000,0.0340260000,0.0011564000,0.0002921300,0.0000155000,0.2603700000,29
9,0.7896500000,1.8186000000,0.4535300000,0.9492900000,1.0000000000,0.6334300000,0.0303710000,0.1678700000,0.0080490000,0.0434500000,0.0018843000,0.0004542900,0.0000291000,0.3653300000,29
10,0.8072800000,1.8570000000,0.4619700000,0.9501200000,0.9929800000,0.6091300000,0.0284430000,0.1472400000,0.0096387000,0.0600950000,0.0035984000,0.0013452000,0.0000168000,0.2768800000,29
11,0.8039300000,1.8829000000,0.4698000000,0.9306600000,0.9929800000,0.5801100000,0.0437870000,0.3489400000,0.0101830000,0.0619750000,0.0038262000,0.0014329000,0.0000189000,0.2850900000,29
12,0.8545100000,2.0600000000,0.5156900000,0.9680000000,0.9842100000,0.6090900000,0.0254530000,0.1179100000,0.0079224000,0.0449480000,0.0020163000,0.0005198100,0.0000262000,0.3259800000,29
1,0.5092400000,1.2166000000,0.2794300000,0.9346200000,0.9912300000,0.4092000000,0.0160890000,0.0471130000,0.0965180000,0.1713100000,0.0285110000,0.0069630000,0.0015453000,1.8510000000,30
2,0.5291400000,1.2066000000,0.2559500000,0.9394500000,0.9789500000,0.5169300000,0.0190090000,0.0657650000,0.1467500000,0.1984100000,0.0378760000,0.0073471000,0.0023476000,2.7085000000,30
3,0.2458000000,1.1011000000,0.2061700000,0.9499500000,0.9929800000,0.5318900000,0.0128180000,0.0299010000,0.1427900000,0.2053700000,0.0404700000,0.0090273000,0.0018094000,2.5790000000,30
4,0.5551800000,1.2318000000,0.2522600000,0.9478300000,0.9912300000,0.5496500000,0.0151150000,0.0415820000,0.0591480000,0.1399600000,0.0192110000,0.0057336000,0.0004209900,1.3579000000,30
5,0.3514100000,1.1428000000,0.2426500000,0.9363800000,0.9912300000,0.4784600000,0.0197210000,0.0707810000,0.1074000000,0.1879400000,0.0341150000,0.0089893000,0.0015026000,1.9019000000,30
6,0.4803000000,1.2022000000,0.2679700000,0.9454400000,0.9982500000,0.5213900000,0.0227780000,0.0944300000,0.0662590000,0.1481800000,0.0214850000,0.0061942000,0.0007352200,1.3669000000,30
7,0.1928700000,1.0551000000,0.2504400000,0.9364100000,0.9947400000,0.4728400000,0.0196930000,0.0705810000,0.0559350000,0.1303000000,0.0166940000,0.0045832000,0.0004400100,1.4111000000,30
8,0.4963400000,1.1832000000,0.2285500000,0.9468700000,0.9894700000,0.5861300000,0.0173270000,0.0546380000,0.0471060000,0.1274800000,0.0159920000,0.0051731000,0.0002386500,1.1489000000,30
9,0.3325400000,1.1208000000,0.2747300000,0.9362500000,0.9947400000,0.4983600000,0.0243940000,0.1083000000,0.1080900000,0.1688200000,0.0277090000,0.0059808000,0.0012335000,2.4866000000,30
10,0.3960600000,1.1647000000,0.2941500000,0.9406400000,0.9929800000,0.5486000000,0.0252440000,0.1159800000,0.0516250000,0.1201400000,0.0142280000,0.0037210000,0.0003821600,1.4943000000,30
11,0.4193300000,1.1928000000,0.3056700000,0.9342800000,0.9894700000,0.5068800000,0.0209480000,0.0798660000,0.0574080000,0.1250800000,0.0154040000,0.0039030000,0.0004598400,1.6497000000,30
12,0.4576700000,1.1629000000,0.2407800000,0.9427500000,0.9929800000,0.6391900000,0.0202790000,0.0748440000,0.0284320000,0.0957460000,0.0090841000,0.0028120000,0.0001478000,0.7853500000,30
1,0.9954100000,9.4912000000,0.9139700000,0.8499100000,0.9736800000,0.1742900000,0.0821080000,1.2270000000,0.0125120000,0.0606880000,0.0036695000,0.0010735000,0.0000522000,0.4192800000,31
2,0.9961100000,11.0060000000,0.9223900000,0.8696200000,0.9912300000,0.1458100000,0.0647920000,0.7640400000,0.0111760000,0.0578080000,0.0033307000,0.0009839800,0.0000393000,0.3731000000,31
3,0.9976700000,12.0090000000,0.9452900000,0.6700500000,0.9438600000,0.1111400000,0.1989800000,7.2062000000,0.0102150000,0.0511040000,0.0026048000,0.0006676500,0.0000453000,0.3990500000,31
4,0.9945600000,9.7351000000,0.9044400000,0.9334600000,0.9842100000,0.1963800000,0.0208970000,0.0794790000,0.0165990000,0.0752470000,0.0056302000,0.0019012000,0.0000444000,0.4899200000,31
5,0.9970000000,12.5480000000,0.9239700000,0.9387600000,0.9684200000,0.1610500000,0.0269410000,0.1321000000,0.0101160000,0.0578120000,0.0033311000,0.0010891000,0.0000292000,0.3101000000,31
6,0.9969800000,10.9130000000,0.9383600000,0.7008500000,0.9368400000,0.1155200000,0.1533400000,4.2796000000,0.0106490000,0.0556290000,0.0030851000,0.0008961800,0.0000361000,0.3741500000,31
7,0.9955100000,9.6915000000,0.9123300000,0.8825600000,0.9350900000,0.1756700000,0.0496950000,0.4494600000,0.0137210000,0.0676490000,0.0045556000,0.0015063000,0.0000444000,0.4105400000,31
8,0.9950200000,8.9910000000,0.9278900000,0.6868700000,0.8684200000,0.1447800000,0.1885300000,6.4689000000,0.0132680000,0.0689730000,0.0047347000,0.0016730000,0.0000348000,0.3749200000,31
9,0.9958300000,9.1366000000,0.9250300000,0.6923400000,0.9070200000,0.1510100000,0.1791800000,5.8432000000,0.0054072000,0.0441720000,0.0019474000,0.0007028500,0.0000069200,0.1694000000,31
10,0.9959300000,10.1200000000,0.9246100000,0.8066200000,0.9070200000,0.1505300000,0.1225700000,2.7342000000,0.0082902000,0.0523330000,0.0027313000,0.0009045900,0.0000154000,0.2730300000,31
11,0.9942200000,9.1985000000,0.9111900000,0.8375000000,0.9842100000,0.1771200000,0.0554140000,0.5588700000,0.0161680000,0.0799960000,0.0063587000,0.0024534000,0.0000553000,0.3868600000,31
1,0.8622400000,2.0735000000,0.5226900000,0.9868600000,0.9947400000,0.7052900000,0.0100970000,0.0185540000,0.0414040000,0.1216300000,0.0145790000,0.0048689000,0.0002760800,0.9458000000,32
2,0.8702400000,2.1094000000,0.5286300000,0.9836000000,0.9929800000,0.6078400000,0.0031737000,0.0018332000,0.0269020000,0.0913910000,0.0082832000,0.0024385000,0.0001609300,0.7390400000,32
3,0.8624800000,2.0398000000,0.5133800000,0.9883100000,1.0000000000,0.7141900000,0.0057488000,0.0060148000,0.0526810000,0.1394100000,0.0190640000,0.0063760000,0.0004592800,1.0667000000,32
4,0.9030500000,2.3455000000,0.5772100000,0.9850400000,1.0000000000,0.5874300000,0.0044044000,0.0035306000,0.0224430000,0.0778260000,0.0060204000,0.0015394000,0.0002104300,0.6856100000,32
5,0.8856600000,2.2029000000,0.5499300000,0.9863500000,1.0000000000,0.5903900000,0.0037601000,0.0025732000,0.0394690000,0.1245900000,0.0152850000,0.0056604000,0.0002040900,0.8427100000,32
6,0.8807800000,2.1470000000,0.5402800000,0.9898900000,1.0000000000,0.7192600000,0.0031646000,0.0018226000,0.0448940000,0.1290600000,0.0163850000,0.0056383000,0.0003229100,0.9657600000,32
7,0.8848500000,2.2398000000,0.5575400000,0.9799700000,0.9982500000,0.6797400000,0.0091286000,0.0151660000,0.0256580000,0.0872060000,0.0075476000,0.0021518000,0.0001787300,0.7515400000,32
8,0.8866100000,2.2553000000,0.5647200000,0.9828400000,1.0000000000,0.6753700000,0.0121230000,0.0267490000,0.0222510000,0.0836170000,0.0069433000,0.0020893000,0.0001630400,0.6077900000,32
9,0.8318800000,1.8445000000,0.4680700000,0.9869100000,1.0000000000,0.7501100000,0.0049353000,0.0044331000,0.0348140000,0.1086700000,0.0116720000,0.0036787000,0.0003005000,0.8034800000,32
10,0.8527800000,1.9935000000,0.5010700000,0.9844900000,0.9982500000,0.7212700000,0.0068277000,0.0084843000,0.0155590000,0.0709230000,0.0050050000,0.0015733000,0.0000694000,0.4479800000,32
11,0.7867600000,1.6815000000,0.4138300000,0.9768600000,0.9982500000,0.7686000000,0.0135240000,0.0332890000,0.0165380000,0.0763340000,0.0057932000,0.0019786000,0.0000707000,0.4322700000,32
1,0.6988700000,1.4947000000,0.3469400000,0.9790600000,1.0000000000,0.7442300000,0.0070445000,0.0090318000,0.0672770000,0.1580900000,0.0243830000,0.0079843000,0.0006685700,1.2554000000,33
2,0.6055500000,1.3891000000,0.2956900000,0.9743900000,1.0000000000,0.7360300000,0.0108210000,0.0213100000,0.1363000000,0.2082900000,0.0415800000,0.0100170000,0.0020084000,2.2733000000,33
3,0.7949500000,1.7056000000,0.4204100000,0.9847700000,1.0000000000,0.7631700000,0.0074486000,0.0100980000,0.0641270000,0.1462100000,0.0209290000,0.0061549000,0.0006528700,1.3662000000,33
4,0.7553500000,1.6662000000,0.4065000000,0.9762700000,1.0000000000,0.7512600000,0.0098445000,0.0176380000,0.0204770000,0.0905200000,0.0081274000,0.0031335000,0.0001213700,0.4391000000,33
5,0.6939800000,1.4542000000,0.3245700000,0.9826300000,0.9947400000,0.7944900000,0.0063863000,0.0074227000,0.0790160000,0.1655200000,0.0266660000,0.0079652000,0.0007717800,1.5438000000,33
6,0.8199200000,1.8698000000,0.4728700000,0.9782900000,0.9982500000,0.6535300000,0.0074141000,0.0100040000,0.0678900000,0.1420000000,0.0197650000,0.0049910000,0.0009669900,1.4857000000,33
7,0.6887800000,1.4399000000,0.3298600000,0.9831800000,1.0000000000,0.7847000000,0.0070802000,0.0091235000,0.0836750000,0.1724300000,0.0288720000,0.0087860000,0.0010143000,1.5313000000,33
8,0.7217400000,1.5301000000,0.3570700000,0.9799400000,0.9964900000,0.7862200000,0.0135450000,0.0333900000,0.0406770000,0.1143500000,0.0129080000,0.0038198000,0.0003609300,0.9892600000,33
9,0.7306700000,1.5145000000,0.3492100000,0.9868600000,1.0000000000,0.8111900000,0.0176930000,0.0569750000,0.0814850000,0.1684100000,0.0275800000,0.0081927000,0.0008476200,1.5520000000,33
10,0.6511900000,1.4026000000,0.3038700000,0.9799000000,1.0000000000,0.8008100000,0.0082573000,0.0124090000,0.1056700000,0.1850000000,0.0330930000,0.0087245000,0.0013911000,1.9632000000,33
11,0.7199900000,1.5690000000,0.3708900000,0.9759900000,0.9982500000,0.7714500000,0.0139750000,0.0355460000,0.1199700000,0.1928600000,0.0358630000,0.0086099000,0.0018370000,2.1311000000,33
1,0.9957100000,10.3520000000,0.9060900000,0.9065200000,0.9789500000,0.1673200000,0.0257870000,0.1210300000,0.0235230000,0.0894550000,0.0079387000,0.0028882000,0.0000693000,0.7377400000,34
2,0.9956900000,9.9653000000,0.9057800000,0.9151500000,0.9807000000,0.1711300000,0.0238960000,0.1039200000,0.0203810000,0.0825960000,0.0067759000,0.0024074000,0.0000505000,0.6726400000,34
3,0.9967000000,11.3610000000,0.9140000000,0.9181500000,0.9368400000,0.1443500000,0.0199760000,0.0726290000,0.0206670000,0.0855140000,0.0072595000,0.0028469000,0.0000465000,0.6792500000,34
4,0.9984100000,16.8320000000,0.9411600000,0.8553100000,0.9000000000,0.0945370000,0.0358450000,0.2338400000,0.0123410000,0.0666820000,0.0044268000,0.0017052000,0.0000177000,0.4182800000,34
5,0.9979900000,15.0680000000,0.9366700000,0.8807000000,0.9578900000,0.1213200000,0.0321640000,0.1882800000,0.0116860000,0.0548270000,0.0029970000,0.0008635600,0.0000438000,0.5057600000,34
6,0.9951200000,10.3770000000,0.9056400000,0.9213500000,0.9982500000,0.1794100000,0.0166470000,0.0504330000,0.0204000000,0.0716620000,0.0051092000,0.0012661000,0.0001702100,0.7151400000,34
7,0.9950500000,10.7360000000,0.9085100000,0.9258600000,0.9964900000,0.1823600000,0.0285710000,0.1485600000,0.0177610000,0.0696100000,0.0048222000,0.0013129000,0.0001311100,0.5921800000,34
8,0.9951800000,10.4210000000,0.9038500000,0.9655100000,0.9894700000,0.2005100000,0.0077228000,0.0108550000,0.0212580000,0.0803850000,0.0064203000,0.0019168000,0.0000956000,0.6640500000,34
9,0.9953000000,10.6300000000,0.9059800000,0.8886600000,0.9578900000,0.1596700000,0.0256360000,0.1196100000,0.0147820000,0.0654160000,0.0042611000,0.0012831000,0.0000644000,0.5217800000,34
10,0.9951500000,10.0070000000,0.9032800000,0.9159400000,0.9771900000,0.1624400000,0.0331290000,0.1997500000,0.0172580000,0.0706460000,0.0049660000,0.0014641000,0.0000716000,0.5994600000,34
11,0.9987100000,19.0380000000,0.9483400000,0.8510000000,0.9070200000,0.0861830000,0.0730480000,0.9711700000,0.0078165000,0.0480890000,0.0023072000,0.0007533200,0.0000129000,0.3402900000,34
1,0.9109000000,2.5488000000,0.6106000000,0.9738800000,0.9982500000,0.5581800000,0.0197200000,0.0707750000,0.1013200000,0.1702200000,0.0281580000,0.0074614000,0.0010974000,2.3847000000,35
2,0.9039100000,2.4580000000,0.5977000000,0.9861000000,1.0000000000,0.6142900000,0.0067013000,0.0081731000,0.0890200000,0.1670600000,0.0271510000,0.0072190000,0.0009659300,1.8937000000,35
3,0.9075500000,2.5820000000,0.6239400000,0.9683700000,0.9982500000,0.5567400000,0.0317140000,0.1830500000,0.0793870000,0.1621300000,0.0256130000,0.0074124000,0.0006987800,1.6951000000,35
4,0.9170800000,2.6498000000,0.6291900000,0.9849300000,1.0000000000,0.5792600000,0.0068053000,0.0084289000,0.0821870000,0.1687700000,0.0276930000,0.0085027000,0.0006400200,1.7157000000,35
5,0.9166000000,2.6711000000,0.6333000000,0.9822800000,1.0000000000,0.5161900000,0.0174650000,0.0555140000,0.1036800000,0.1810000000,0.0317210000,0.0081985000,0.0014211000,1.9730000000,35
6,0.8942000000,2.4203000000,0.5932300000,0.9840700000,1.0000000000,0.6079400000,0.0174300000,0.0552940000,0.1010200000,0.1874800000,0.0339570000,0.0098155000,0.0011793000,1.8275000000,35
7,0.9384700000,3.0198000000,0.6731200000,0.9873300000,1.0000000000,0.5323400000,0.0076393000,0.0106210000,0.0762900000,0.1801700000,0.0314400000,0.0119320000,0.0007225100,1.2434000000,35
8,0.8951800000,2.3875000000,0.5810000000,0.9879600000,1.0000000000,0.6383300000,0.0077926000,0.0110520000,0.0730400000,0.1591000000,0.0246880000,0.0073807000,0.0008413800,1.4080000000,35
9,0.9170700000,2.6504000000,0.6335900000,0.9600200000,0.9929800000,0.5397200000,0.0120620000,0.0264810000,0.1012100000,0.1843300000,0.0328610000,0.0089657000,0.0014149000,1.7979000000,35
10,0.9253500000,2.8030000000,0.6513300000,0.9760000000,1.0000000000,0.4841300000,0.0154350000,0.0433600000,0.0989460000,0.1833800000,0.0325330000,0.0091801000,0.0013297000,1.8033000000,35
11,0.9186100000,2.8114000000,0.6470700000,0.9484300000,0.9561400000,0.5118600000,0.0450370000,0.3691500000,0.0413450000,0.1329700000,0.0173740000,0.0070233000,0.0001892300,0.8318300000,35
1,0.3909300000,1.1025000000,0.7335100000,0.7202200000,0.6947400000,0.1795400000,0.0760720000,1.0532000000,0.0592130000,0.1574700000,0.0241970000,0.0095408000,0.0002473100,1.2042000000,36
2,0.4712400000,1.1349000000,0.8115900000,0.6591500000,0.4736800000,0.0939820000,0.0964920000,1.6945000000,0.0986180000,0.2106200000,0.0424780000,0.0168480000,0.0005810100,1.5913000000,36
3,0.3687000000,1.0456000000,0.7712400000,0.7441300000,0.7736800000,0.2227800000,0.0751870000,1.0289000000,0.0744880000,0.1799300000,0.0313590000,0.0124140000,0.0003469000,1.3541000000,36
4,0.1498600000,1.0558000000,0.7773300000,0.7345400000,0.6631600000,0.1688000000,0.0804100000,1.1768000000,0.1039500000,0.1806000000,0.0315850000,0.0080165000,0.0014315000,1.9975000000,36
5,0.6806900000,1.1866000000,0.7874500000,0.7349600000,0.6000000000,0.1402900000,0.0724470000,0.9552400000,0.0927700000,0.1845100000,0.0329230000,0.0108520000,0.0005938300,1.8568000000,36
6,0.3752200000,1.1417000000,0.8172500000,0.6851100000,0.5877200000,0.1252300000,0.0918600000,1.5358000000,0.1148800000,0.2086100000,0.0417030000,0.0133440000,0.0008203300,2.0281000000,36
7,0.2806400000,1.0849000000,0.7531900000,0.7215200000,0.7140400000,0.1368600000,0.0789960000,1.1358000000,0.1412200000,0.2183000000,0.0454880000,0.0120020000,0.0015154000,2.4059000000,36
8,0.3534400000,1.0329000000,0.7814700000,0.7073700000,0.6157900000,0.1350300000,0.0897630000,1.4664000000,0.0976630000,0.2070300000,0.0411010000,0.0161230000,0.0004528800,1.6935000000,36
9,0.5998800000,1.1427000000,0.7153200000,0.6610100000,0.4754400000,0.1574700000,0.1133700000,2.3394000000,0.0503890000,0.1358500000,0.0181210000,0.0061900000,0.0002645400,1.1526000000,36
10,0.4719500000,1.0901000000,0.8540900000,0.5359800000,0.3964900000,0.0783760000,0.1322700000,3.1840000000,0.0820070000,0.1878200000,0.0340740000,0.0134870000,0.0003285500,1.5623000000,36
